cdg_id,cdg_title,year,cdg_platform,cdg_images,tocr_id,tocr_name,articles,tocr_platforms,status
cdg-5028,神秘屋,1980,Apple II,0,,,,,站上沒有
cdg-1099,巫術,1981,DOS,1,cmsvna26v009z04l82wow7qnd,巫術,1,DOS,
cdg-2034,德軍總部（Castle Wolfenstein）,1981,Apple II,0,cmtpk5e1r013404jvro0fzpkt,德軍總部,1,,
cdg-2697,電腦病毒防衛戰,1981,DOS,3,cmsvuqwvx001804lezlk58wrx,電腦病毒防衛戰,2,DOS,
cdg-5012,惡魔的熔爐,1981,Apple II,2,,,,,站上沒有
cdg-5023,先鋒號,1981,Apple II,0,,,,,站上沒有
cdg-5047,青蛙過街（Frogger）,1981,DOS,0,,,,,站上沒有
cdg-1100,巫術2：鑽石騎士,1982,DOS,1,,,,,站上沒有
cdg-4994,午夜密令,1982,DOS,0,,,,,站上沒有
cdg-5002,模擬飛行,1982,DOS,0,,,,,站上沒有
cdg-5008,深海尋寶,1982,DOS,0,,,,,站上沒有
cdg-5017,從海底出擊（U-Boat Command）,1982,Apple II,0,cmsx2w9es006g04ldpno4vjf3,從海底出擊,4,,
cdg-5018,法櫃奇兵（Aztec）,1982,Apple II,0,,,,,站上沒有
cdg-5019,組合式彈子枱,1982,Apple II,0,,,,,站上沒有
cdg-5021,戰艦對決,1982,Apple II,0,,,,,站上沒有
cdg-5024,幫辦,1982,Apple II,0,,,,,站上沒有
cdg-5025,海龍,1982,Apple II,0,,,,,站上沒有
cdg-5029,登陸諾曼地,1982,Apple II,0,,,,,站上沒有
cdg-5030,糊塗礦工,1982,Apple II,0,,,,,站上沒有
cdg-5038,立體空戰,1982,DOS,0,,,,,站上沒有
cdg-5039,太空突擊隊,1982,DOS,0,,,,,站上沒有
cdg-5041,進化論,1982,DOS,0,cmu84x5m700cx04ihv7bbsl23,EVOLUTION,1,,
cdg-5042,大戰機器城,1982,DOS,0,,,,,站上沒有
cdg-5044,蛇吞蛋,1982,DOS,0,,,,,站上沒有
cdg-5056,迷宮探險（Shamus）,1982,DOS,0,,,,,站上沒有
cdg-5059,神奇小蜜蜂,1982,DOS,2,,,,,站上沒有
cdg-5070,蛇王迷宮,1982,,0,,,,,站上沒有
cdg-0110,Pango,1983,DOS,3,,,,,站上沒有
cdg-0525,小精靈,1983,DOS,0,,,,,站上沒有
cdg-0734,武士道,1983,DOS,3,,,,,站上沒有
cdg-1101,巫術3：萊迦買城傳奇,1983,DOS,1,,,,,站上沒有
cdg-1108,巫術對弈,1983,DOS,3,,,,,站上沒有
cdg-1637,信長之野望,1983,DOS,6,cmsvn87h7005k04l84y34whaj,信長之野望,8,DOS,
cdg-2225,超級運動員,1983,DOS,0,,,,,站上沒有
cdg-2251,跳棋,1983,DOS,0,,,,,站上沒有
cdg-2965,創世紀3：出埃及記,1983,DOS,4,cmta7yvae003b04kz1k5sf6uj,創世紀 III,1,,
cdg-4159,頑皮貓（Alley Cat）,1983,DOS,4,,,,,站上沒有
cdg-4171,深穴掘寶,1983,DOS,0,,,,,站上沒有
cdg-4806,雙人摔角,1983,DOS,2,,,,,站上沒有
cdg-4960,拳王爭霸賽,1983,Apple II,1,,,,,站上沒有
cdg-4992,亞馬遜探險,1983,Apple II,0,,,,,站上沒有
cdg-5001,跳跳鳥,1983,DOS,0,,,,,站上沒有
cdg-5007,大金剛,1983,DOS,0,,,,,站上沒有
cdg-5010,星球防衛戰,1983,DOS,0,,,,,站上沒有
cdg-5013,漢堡大師,1983,DOS,0,,,,,站上沒有
cdg-5014,電動玩具場,1983,Apple II,0,,,,,站上沒有
cdg-5015,籃球一對一（One on One）,1983,Apple II,2,,,,,站上沒有
cdg-5016,小機器人,1983,Apple II,0,,,,,站上沒有
cdg-5020,警探藝術,1983,Apple II,0,,,,,站上沒有
cdg-5022,海空大戰,1983,Apple II,0,,,,,站上沒有
cdg-5027,鑽油,1983,Apple II,0,,,,,站上沒有
cdg-5026,星式七號（Stellar 7）,1983,Apple II,0,cmsybi8cs000q04l2570h3dce,Stellar 7,1,,
cdg-5031,泰坦帝國,1983,Apple II,0,,,,,站上沒有
cdg-5032,強盜與稅員,1983,Apple II,0,,,,,站上沒有
cdg-5033,機械人先生,1983,Apple II,0,,,,,站上沒有
cdg-5037,大戰食人鷹,1983,,2,,,,,站上沒有
cdg-5040,酒吧奇譚,1983,DOS,0,,,,,站上沒有
cdg-5043,橋牌,1983,DOS,0,,,,,站上沒有
cdg-5048,能源爭奪戰,1983,DOS,2,,,,,站上沒有
cdg-5049,跳躍選手,1983,DOS,0,,,,,站上沒有
cdg-5050,拼字遊戲,1983,,0,,,,,站上沒有
cdg-5054,最長的一日（Czorian Siege）,1983,DOS,0,,,,,站上沒有
cdg-5060,空中飛人,1983,DOS,0,,,,,站上沒有
cdg-5068,間諜追逐戰,1983,DOS,0,,,,,站上沒有
cdg-5367,模擬飛行II,1983,Apple II,0,,,,,站上沒有
cdg-5368,組合式音樂枱,1983,Apple II,0,,,,,站上沒有
cdg-5370,單飛駕駛,1983,Apple II,0,,,,,站上沒有
cdg-5371,北約防衛戰,1983,Apple II,0,,,,,站上沒有
cdg-0754,立體賽車,1984,DOS,3,,,,,站上沒有
cdg-1043,國王密使,1984,DOS,3,cmsvud83s003x04l6kff3q7xr,國王密令,1,,
cdg-2035,德軍總部2：超越德軍總部,1984,Apple II,3,,,,,站上沒有
cdg-2556,迷宮探險（Montezuma's Revenge）,1984,DOS,2,,,,,站上沒有
cdg-3393,上古戰爭的藝術,1984,DOS,0,,,,,站上沒有
cdg-3869,決戰富士山,1984,DOS,1,,,,,站上沒有
cdg-4356,冒險創作機,1984,DOS,2,,,,,站上沒有
cdg-4783,立體西洋棋,1984,DOS,1,cmtdml6kf005q04l4rlybozoc,立體西洋棋,1,DOS,
cdg-4785,金牌運動員,1984,DOS,2,cmtplgrvp0b3l04jvik4d88bm,超級運動員2,1,,
cdg-4786,青蛙上天,1984,DOS,1,,,,,站上沒有
cdg-4808,瘋狂彈珠球,1984,DOS,0,,,,,站上沒有
cdg-4943,世界棒球賽,1984,Apple II,1,,,,,站上沒有
cdg-4945,卡達敘的寶劍,1984,Apple II,1,,,,,站上沒有
cdg-4947,巫術對弈2,1984,Apple II,1,,,,,站上沒有
cdg-4971,陽犬號,1984,Apple II,3,,,,,站上沒有
cdg-4978,電子特派員,1984,Apple II,1,,,,,站上沒有
cdg-4980,綠林傳奇,1984,Apple II,1,,,,,站上沒有
cdg-4982,諜對諜,1984,Apple II,1,,,,,站上沒有
cdg-4985,銀河飛鷹,1984,Apple II,2,cmta91umr005z04l6uvwxmmdw,銀河飛鷹,1,APPLE2,
cdg-4988,轟炸大隊,1984,Apple II,8,,,,,站上沒有
cdg-4989,魔界神兵,1984,Apple II,1,,,,,站上沒有
cdg-4990,魔鬼剋星（Ghostbusters）,1984,Apple II,1,,,,,站上沒有
cdg-4991,魔域遠征軍,1984,Apple II,1,,,,,站上沒有
cdg-4997,巴格羅歷險,1984,DOS,0,,,,,站上沒有
cdg-5009,高樓救生員,1984,DOS,0,,,,,站上沒有
cdg-5011,瘋狂太空站,1984,DOS,0,,,,,站上沒有
cdg-5034,火狐狸,1984,Apple II,0,,,,,站上沒有
cdg-5036,鷹式戰鬥機,1984,DOS,6,,,,,站上沒有
cdg-5055,單字大進擊,1984,DOS,0,,,,,站上沒有
cdg-5058,陸空大追擊,1984,DOS,2,,,,,站上沒有
cdg-5067,職業棒球聯盟,1984,DOS,0,,,,,站上沒有
cdg-5069,李小龍,1984,DOS,2,,,,,站上沒有
cdg-5332,寶石戰士,1984,Apple II,0,,,,,站上沒有
cdg-5369,七座金城,1984,Apple II,0,cmtpki0j002y904jv6ks9v403,七座金城,1,APPLE2,
cdg-5404,魔宮傳奇（Shadowkeep）,1984,Apple II,2,cmsvna22a008s04l8pl6k7k5s,魔宮傳奇,2,,
cdg-0155,七寶奇謀（The Goonies）,1985,Apple II,2,cmtpkwmfb05un04jvolst6xia,七寶奇謀,1,,
cdg-0210,三國志,1985,DOS,7,cmsumhmxm002c04jovzwvrc8x,三國志,13,,
cdg-0605,幽靈戰士,1985,DOS,2,,,,,站上沒有
cdg-0731,步步驚魂,1985,DOS,1,,,,,站上沒有
cdg-1044,國王密使2：皇家羅曼史,1985,DOS,1,,,,,站上沒有
cdg-2135,象棋（1985）,1985,DOS,1,,,,,站上沒有
cdg-2966,創世紀4：天人合一,1985,Apple II、DOS,8,,,,,站上沒有
cdg-3320,燃燒的野球,1985,DOS,4,cmsvud82t003l04l6mdoyp6qg,燃燒的野球,2,DOS,
cdg-3717,魔法彈珠檯,1985,DOS,2,,,,,站上沒有
cdg-3866,機動戰士,1985,DOS,5,cmsvo5yg5001604l8c5b39kbn,機動戰士,1,DOS,
cdg-3902,送報童,1985,DOS,2,,,,,站上沒有
cdg-3948,戰場之狼,1985,DOS,0,,,,,站上沒有
cdg-3958,鐵手戰神,1985,DOS,2,cmsvo5ygw001c04l8m2ykt552,鐵手戰神,1,DOS,
cdg-3967,黑神鍋,1985,DOS,1,,,,,站上沒有
cdg-3989,飛輪武士,1985,DOS,0,,,,,站上沒有
cdg-4199,肉搏大賽,1985,Apple II,2,,,,,站上沒有
cdg-4248,死亡潛航,1985,Apple II,1,,,,,站上沒有
cdg-4277,魔界村,1985,DOS,2,,,,,站上沒有
cdg-4386,忍者傳奇,1985,DOS,2,,,,,站上沒有
cdg-4520,如意集,1985,Apple II,25,,,,,站上沒有
cdg-4677,戰斧（Tomahawk）,1985,DOS,2,cmta8xkzz003904l626xtjte4,戰斧,1,,
cdg-4686,綠扁帽,1985,DOS,1,,,,,站上沒有
cdg-4782,富貴狗,1985,DOS,0,,,,,站上沒有
cdg-4788,高爾夫大賽,1985,DOS,1,,,,,站上沒有
cdg-4789,摔角大賽,1985,DOS,2,,,,,站上沒有
cdg-4791,星際大冒險,1985,DOS,2,,,,,站上沒有
cdg-4795,空手道,1985,DOS,0,,,,,站上沒有
cdg-4803,夏季運動會2,1985,DOS,4,,,,,站上沒有
cdg-4804,冬季運動會,1985,Apple II、DOS,7,,,,,站上沒有
cdg-4941,入侵者,1985,DOS,1,cmtpletdk0amz04jvkhl716xd,入侵者,1,,
cdg-4949,忍者秘術,1985,Apple II,1,,,,,站上沒有
cdg-4956,突擊傅雷特勒,1985,Apple II,1,,,,,站上沒有
cdg-4961,浩劫前夕,1985,Apple II,1,,,,,站上沒有
cdg-4965,異星征服者,1985,Apple II,1,,,,,站上沒有
cdg-4967,第五度空間,1985,Apple II,1,,,,,站上沒有
cdg-4968,惡夢成真,1985,DOS,2,,,,,站上沒有
cdg-4969,超級玉石陣,1985,Apple II,1,,,,,站上沒有
cdg-4973,愛麗絲夢遊記,1985,Apple II,3,,,,,站上沒有
cdg-4979,電球爭霸戰,1985,Apple II,1,,,,,站上沒有
cdg-4984,蒙面俠,1985,Apple II,1,,,,,站上沒有
cdg-4993,魔殿三部曲,1985,Apple II,1,,,,,站上沒有
cdg-5045,全能戰鬥機,1985,DOS,2,,,,,站上沒有
cdg-5046,星際大戰（Space War）,1985,DOS,4,cmsve5jgm001p04kz21df5569,星際大戰,1,,
cdg-5303,哈雷計畫,1985,Apple II,8,,,,,站上沒有
cdg-1045,國王密使3：魔法生死門,1986,DOS,2,,,,,站上沒有
cdg-1098,巫師神冠,1986,Apple II,2,,,,,站上沒有
cdg-1265,漁歌麻將,1986,DOS,2,,,,,站上沒有
cdg-1614,保皇騎士,1986,DOS,3,,,,,站上沒有
cdg-1840,神戒傳奇,1986,DOS,3,,,,,站上沒有
cdg-2779,瘋狂大家樂,1986,DOS,2,,,,,站上沒有
cdg-2963,創世紀：黑暗時代,1986,DOS,5,,,,,站上沒有
cdg-3038,拱豬（1986）,1986,DOS,1,cmta8xkzd003104l6c8qd9tha,拱豬,1,,
cdg-3112,極地之狐,1986,DOS,4,,,,,站上沒有
cdg-3168,標準台灣麻將,1986,DOS,2,,,,,站上沒有
cdg-3611,鑽石迷宮,1986,DOS,3,,,,,站上沒有
cdg-3725,魔法門：內殿的秘密,1986,Apple II、DOS,5,cmsvpbm9u001s04jvn8plx0h3,魔法門,3,,
cdg-3912,無敵飛狼,1986,DOS,2,,,,,站上沒有
cdg-3956,核能戰士,1986,DOS,2,,,,,站上沒有
cdg-3962,怒,1986,DOS,2,,,,,站上沒有
cdg-4038,台灣麻將（黃文塘）,1986,DOS,0,,,,,站上沒有
cdg-4178,宇宙傳奇：大戰沙崙人,1986,DOS,2,,,,,站上沒有
cdg-4237,星際航艦,1986,DOS,4,,,,,站上沒有
cdg-4257,瘋狂大毀滅,1986,DOS,2,,,,,站上沒有
cdg-4364,古堡之宴,1986,DOS,2,,,,,站上沒有
cdg-4416,眼鏡蛇計劃,1986,DOS,2,,,,,站上沒有
cdg-4669,雷虎特攻隊,1986,DOS,0,,,,,站上沒有
cdg-4672,核子防衛戰,1986,DOS,4,,,,,站上沒有
cdg-4675,鬥之輓歌,1986,DOS,2,,,,,站上沒有
cdg-4674,惡魔城（Dark Castle）,1986,DOS,2,,,,,站上沒有
cdg-4679,忍者大對決,1986,DOS,2,,,,,站上沒有
cdg-4680,機器蜘蛛,1986,DOS,2,,,,,站上沒有
cdg-4684,深太空,1986,DOS,2,,,,,站上沒有
cdg-4692,怒2：怒號層圈,1986,DOS,2,,,,,站上沒有
cdg-4694,潛艇大作戰,1986,DOS,0,,,,,站上沒有
cdg-4784,飛狼突擊,1986,DOS,4,cmtpletdk0amz04jvkhl716xd,入侵者,1,,
cdg-4787,棋狂2000,1986,DOS,0,,,,,站上沒有
cdg-4792,強棒出擊（Pure-Stat Baseball）,1986,DOS,2,,,,,站上沒有
cdg-4793,橄欖球風雲,1986,DOS,2,,,,,站上沒有
cdg-4794,棒棒開花,1986,DOS,2,,,,,站上沒有
cdg-4796,金牌高爾夫,1986,DOS,2,,,,,站上沒有
cdg-4797,無敵戰艦,1986,DOS,2,,,,,站上沒有
cdg-4798,衝出異次元,1986,DOS,2,,,,,站上沒有
cdg-4799,星球保護神,1986,DOS,0,,,,,站上沒有
cdg-4800,籃球爭霸戰,1986,DOS,2,,,,,站上沒有
cdg-4801,緊急追緝令,1986,DOS,0,,,,,站上沒有
cdg-4802,職業保齡球,1986,DOS,0,,,,,站上沒有
cdg-4805,世界運動會,1986,DOS,4,,,,,站上沒有
cdg-4809,侵略者,1986,DOS,1,,,,,站上沒有
cdg-4810,上海,1986,DOS,0,cmtpkp9u403yt04jvet2z3l8e,上海,2,DOS,
cdg-4811,霹靂神槍,1986,DOS,0,,,,,站上沒有
cdg-4939,21世紀公路戰,1986,Apple II、DOS,3,,,,,站上沒有
cdg-4940,601中隊,1986,DOS,2,,,,,站上沒有
cdg-4942,世界空手道錦標賽,1986,DOS,3,,,,,站上沒有
cdg-4951,帝魔之怒,1986,Apple II,2,,,,,站上沒有
cdg-4954,明星杯籃球賽,1986,DOS,2,,,,,站上沒有
cdg-4955,春之石,1986,Apple II,6,,,,,站上沒有
cdg-4957,美式帆船大賽,1986,Apple II,1,,,,,站上沒有
cdg-4958,飛行坦克,1986,Apple II,3,,,,,站上沒有
cdg-4970,黑魔城,1986,DOS,2,,,,,站上沒有
cdg-4981,綠寶石勇士2,1986,Apple II,2,,,,,站上沒有
cdg-4983,戰魔,1986,Apple II、DOS,2,,,,,站上沒有
cdg-4987,潛艇任務,1986,Apple II,2,,,,,站上沒有
cdg-5073,棋王,1986,DOS,0,,,,,站上沒有
cdg-5346,雙龍麻將,1986,DOS,0,,,,,站上沒有
cdg-5366,時間之旅,1986,Apple II,1,,,,,站上沒有
cdg-0006,台灣麻將（陳精誠）,1987,DOS,2,,,,,站上沒有
cdg-0399,大海盜,1987,DOS,6,,,,,站上沒有
cdg-0578,幻想空間,1987,DOS,3,cmsumhmqu000o04jolrhm5qum,幻想空間,2,DOS,
cdg-0606,幽靈戰士3：魔神之怒,1987,DOS,6,cmsvv0lrh001p04jr20um6xer,魔神之吼,1,,
cdg-0962,名車大賽,1987,DOS,3,,,,,站上沒有
cdg-1102,巫術4：瓦德納的復仇,1987,DOS,3,,,,,站上沒有
cdg-1541,飛狼突擊2,1987,DOS,2,,,,,站上沒有
cdg-1967,雙截龍,1987,DOS,3,cmsu91jft000j04l55ysvg512,雙截龍,4,DOS,
cdg-2146,象棋大師,1987,DOS,2,,,,,站上沒有
cdg-2215,超級機車賽,1987,DOS,3,,,,,站上沒有
cdg-2253,跳跳車,1987,DOS,2,,,,,站上沒有
cdg-2780,瘋狂大賽車,1987,DOS,3,cmtpkwmly05wn04jvk0os698b,瘋狂大賽車,1,DOS,
cdg-2877,金撲克,1987,DOS,2,,,,,站上沒有
cdg-3046,捍衛雄鷹,1987,DOS,3,,,,,站上沒有
cdg-3347,賭王鬥千王,1987,DOS,3,,,,,站上沒有
cdg-3394,七海雄風,1987,DOS,4,,,,,站上沒有
cdg-3465,蒼狼與白鹿2：成吉思汗,1987,DOS,1,cmtb7senv000j04lar55hbedf,成吉思汗,3,,
cdg-3758,魔界歷險,1987,DOS,3,cmswuudul000x04l4549cl9ky,魔界歷險,6,,要判
cdg-3758,魔界歷險,1987,DOS,3,cmtplfdzw0ar304jvyir56s1z,魔域傳說,1,,要判
cdg-3758,魔界歷險,1987,DOS,3,cmswuudut000y04l4sh4mdmva,SORCERIAN,1,,要判
cdg-3834,龍魂,1987,DOS,4,,,,,站上沒有
cdg-3861,黑街風雲,1987,DOS,2,cmsvo5yph002k04l8zrmpdx5k,黑街風雲,1,DOS,
cdg-3868,警察故事,1987,DOS,0,cmt1mj8ws003504jum5bt3umq,警察故事,2,DOS,
cdg-3870,卡諾夫,1987,DOS,2,,,,,站上沒有
cdg-3871,空降遊騎兵,1987,DOS,0,,,,,站上沒有
cdg-3939,最後的忍者,1987,DOS,2,cmsvo5yn3001v04l8la7wh8ku,最後的忍者,1,DOS,
cdg-3949,三傻行大運,1987,DOS,0,,,,,站上沒有
cdg-3984,仙境故事,1987,DOS,3,cmsvpx5a2001204ldnpuy40rs,仙境故事,3,DOS,
cdg-4000,歐洲公路戰,1987,DOS,3,cmsvna24f009c04l8x4uvxs08,歐洲公路戰,1,DOS,
cdg-4015,天生好手,1987,DOS,2,cmsx2unq5002p04ld340qe9ds,天生好手,1,DOS,
cdg-4018,野外籃球,1987,DOS,2,,,,,站上沒有
cdg-4155,冰城傳奇,1987,Apple II、DOS,3,,,,,站上沒有
cdg-4180,宇宙傳奇2：渥豪的復仇,1987,DOS,4,,,,,站上沒有
cdg-4247,死亡之劍,1987,DOS,2,,,,,站上沒有
cdg-4256,瘋狂大樓,1987,DOS,1,cmsvo5yrs003e04l81hqsn1ts,瘋狂大樓,2,DOS,
cdg-4261,神奇王國,1987,DOS,1,cmsvn87kg006g04l87pyn3w0z,神奇王國,1,DOS,
cdg-4274,魔影之門,1987,DOS,4,,,,,站上沒有
cdg-4413,深入虎穴,1987,DOS,2,,,,,站上沒有
cdg-4529,星河戰士,1987,Apple II,0,,,,,站上沒有
cdg-4534,屠龍戰記（Dragon Odyssey）,1987,Apple II,0,cmtpl0fqu06wu04jvca2odzdg,屠龍戰記,1,,
cdg-4671,未來戰士,1987,DOS,2,,,,,站上沒有
cdg-4676,加州運動會,1987,DOS,2,cmsvo5yp7002g04l89y44355o,加州運動會,2,DOS,
cdg-4681,空中英雄,1987,DOS,2,,,,,站上沒有
cdg-4682,紅色十月號,1987,DOS,2,,,,,站上沒有
cdg-4683,打磚塊（Blockbuster）,1987,DOS,3,,,,,站上沒有
cdg-4685,海獵鷹戰鬥機,1987,DOS,2,cmsvomi9b004504jpsckx170d,海獵鷹戰鬥機,1,DOS,
cdg-4687,火狐狸2,1987,DOS,3,,,,,站上沒有
cdg-4688,銀河迷宮,1987,DOS,2,cmsvn87gr005g04l8s4c3aorn,銀河迷宮,1,DOS,
cdg-4689,風雲戰艦,1987,DOS,0,,,,,站上沒有
cdg-4693,銀河帝國大決戰,1987,DOS,2,,,,,站上沒有
cdg-4695,野外棒球,1987,DOS,0,cmsvo5yhi001g04l8n9ni1zlz,野外棒球,1,DOS,
cdg-4696,芝加哥教父,1987,DOS,0,,,,,站上沒有
cdg-4699,最後挑戰,1987,DOS,0,cmsvoibop000y04jpydj4d3sx,最後挑戰,1,DOS,
cdg-4700,阿波羅18號,1987,DOS,2,,,,,站上沒有
cdg-4701,坦克大對決,1987,DOS,0,cmsvoextc007l04l8rny95sj6,坦克大對決,4,DOS,
cdg-4706,火爆魚雷艇,1987,DOS,2,,,,,站上沒有
cdg-4712,迷你高爾夫,1987,DOS,0,cmsvn87e8004u04l86kdl0ata,迷你高爾夫,1,DOS,
cdg-4790,潛艇爭霸戰,1987,DOS,7,,,,,站上沒有
cdg-4807,立體直昇機,1987,DOS,0,,,,,站上沒有
cdg-4812,永恆之劍,1987,Apple II,2,,,,,站上沒有
cdg-4892,銀河超速戰機,1987,DOS,0,,,,,站上沒有
cdg-4893,砸牌警校軍,1987,DOS,0,,,,,站上沒有
cdg-4948,血型占星術,1987,DOS,2,,,,,站上沒有
cdg-4950,辛巴達歷險記,1987,DOS,1,,,,,站上沒有
cdg-4953,魔球,1987,DOS,0,,,,,站上沒有
cdg-4972,塔莫崙戰士,1987,Apple II,3,,,,,站上沒有
cdg-5083,懸疑快感,1987,,0,,,,,站上沒有
cdg-5342,象棋（1987）,1987,DOS,3,,,,,站上沒有
cdg-0030,4x4越野車大賽,1988,DOS,2,cmsvna23s009704l8yrj9a1wr,4 x 4 越野車大賽,1,DOS,
cdg-0080,GP大賽車,1988,DOS,0,cmsvn87fc005304l8rbt57gb9,GP大賽車,2,,要判
cdg-0080,GP大賽車,1988,DOS,0,cmswqdmg800dw04l6omtm0ve2,方程式賽車,1,,要判
cdg-0498,太空小蜜蜂（Better Dead Than Alien）,1988,DOS,2,cmsvuqx4r002w04ley72tsex2,太空小蜜蜂,1,,
cdg-0579,幻想空間2：尋找愛情,1988,DOS,3,,,,,站上沒有
cdg-0764,地心攔截,1988,DOS,0,cmsvn87de004m04l80wunva0v,地心攔截,3,DOS,
cdg-1046,國王密使4：蘿塞拉的冒險,1988,DOS,4,,,,,站上沒有
cdg-1103,巫術5：漩渦之心,1988,DOS,1,,,,,站上沒有
cdg-1162,決戰西洋棋（Battle Chess）,1988,DOS,3,cmsvn61tt001n04l8kw1afpb3,決戰西洋棋,2,,要判
cdg-1162,決戰西洋棋（Battle Chess）,1988,DOS,3,cmsvpx5gq002t04ld8a0iiorc,Battle Chess,1,,要判
cdg-1266,漢城奧運,1988,DOS,0,cmsumll6n007904jovnqxf9gk,漢城奧運會,1,,
cdg-1538,飛向北越,1988,DOS,2,cmsvn61of000b04l8i1j9v09f,飛向北越,1,DOS,
cdg-1607,俄羅斯方塊,1988,DOS,3,,,,,站上沒有
cdg-1638,信長之野望2：戰國群雄傳,1988,DOS,13,,,,,站上沒有
cdg-1679,光芒之池,1988,DOS,4,cmsvn61ur001v04l8wuthcmat,光芒之池,7,DOS,
cdg-1720,快打旋風（Street Fighter）,1988,DOS,3,cmsvv0lvk002m04jrnf5yoosh,快打旋風 (Street Fighter),1,,要判
cdg-1720,快打旋風（Street Fighter）,1988,DOS,3,cmsvn61qd000r04l8upsvd9gt,快打旋風,3,,要判
cdg-1724,快打磚塊,1988,DOS,3,cmsvn61px000n04l8pu0obgz9,快打磚塊,1,DOS,
cdg-1725,快打磚塊2,1988,DOS,3,,,,,站上沒有
cdg-1899,強棒再出擊,1988,DOS,2,cmsvn61sy001f04l8ixm9ut1z,強棒再出擊,2,DOS,
cdg-1918,毀滅戰士（Obliterator）,1988,DOS,3,cmsvpx58s000o04ldnqzmqbgs,毀滅戰士,5,,要判
cdg-1918,毀滅戰士（Obliterator）,1988,DOS,3,cmsvpx58z000q04ldgun6zvjs,Obliterator,1,,要判
cdg-1968,雙截龍2：復仇,1988,DOS,3,cmsvuqwtg000p04lesa83s82n,雙截龍 II,1,,要判
cdg-1968,雙截龍2：復仇,1988,DOS,3,cmsx2unnl002604ldqe5irny6,雙截龍II,2,,要判
cdg-2079,終極航艦,1988,DOS,5,,,,,站上沒有
cdg-2081,終極警探（Operation: Clean Streets）,1988,DOS,2,cmsvn61s2001704l8xm6s29lt,終極警探,6,,
cdg-2598,醫生也瘋狂,1988,DOS,3,cmsvoexzs008o04l8o0iqnokm,醫生也瘋狂,1,DOS,
cdg-2698,電腦跳棋專家,1988,DOS,1,,,,,站上沒有
cdg-2712,霹靂磚塊,1988,DOS,1,,,,,站上沒有
cdg-2718,霹靂飛車,1988,DOS,3,,,,,站上沒有
cdg-2824,虎膽妙算,1988,DOS,3,,,,,站上沒有
cdg-2967,創世紀5：命運鬥士,1988,DOS,6,,,,,站上沒有
cdg-3060,撞球大賽,1988,DOS,3,,,,,站上沒有
cdg-3158,槍林彈雨,1988,DOS,2,cmsybokci008504l2ehksh3eg,槍林彈雨,2,DOS,
cdg-3245,火戰車,1988,DOS,3,cmsvo5ybc000a04l8pcu4602k,火戰車,2,DOS,
cdg-3525,狂飆飛車手,1988,DOS,3,cmsvn61qs000v04l8k83fmvg1,狂飆飛車手,1,DOS,
cdg-3726,魔法門2：通往異世界之門,1988,DOS,4,cmsvoexk2005504l85lg1wnsi,魔法門 II,6,,
cdg-3762,魔眼小精靈,1988,DOS,1,cmsyq9fkm003g04jnn9z39x0z,魔眼小精靈,2,DOS,
cdg-3784,魔鬼戰警,1988,DOS,3,cmsvn61ml000204l882dszok0,魔鬼戰警,2,DOS,
cdg-3812,氙星異形,1988,DOS,2,cmtpkk6e9036d04jvcd0y3xmv,XENON,1,,要判
cdg-3812,氙星異形,1988,DOS,2,cmsx2uneb000d04ldrw5m06zf,氙星異形I,1,,要判
cdg-3927,異形大進擊,1988,DOS,2,cmsvna28o00af04l8ygimg77t,異形大進擊,3,DOS,
cdg-3945,前進高棉,1988,DOS,2,cmsvn87mo007104l86r45kq5o,前進高棉,4,DOS,
cdg-3953,烏龍吸血鬼,1988,DOS,2,cmsyqgoxm00cn04jnn2dyfftm,烏龍吸血鬼,1,,要判
cdg-3953,烏龍吸血鬼,1988,DOS,2,cmsylwgqy005204jimlrsyn42,Night Hunter,1,,要判
cdg-3968,黑暗金字塔,1988,DOS,2,cmsvoexjm005104l8t4t2jexp,黑暗金字塔,1,DOS,
cdg-3970,卡門聖地牙哥：歐洲篇,1988,DOS,0,,,,,站上沒有
cdg-3973,童話仙境,1988,DOS,2,cmtb4t95g000l04l7kxsczbid,童話仙境,1,DOS,
cdg-3982,炸彈小子,1988,DOS,3,cmswqdmjj00ep04l6ktuua52k,炸彈小子,13,DOS,
cdg-3986,預言奇兵,1988,DOS,2,cmsvoexkj005904l84ytk1k03,預言奇兵,7,DOS,
cdg-3987,冬之魔,1988,DOS,2,cmsvoexln005l04l89monlgp1,冬之魔,2,DOS,
cdg-3991,2400 A.D.,1988,DOS,3,,,,,站上沒有
cdg-3992,銀河超能力戰記,1988,,2,cmsybel4b003a04jvdfpckf9s,銀河超能力戰記,1,,要判
cdg-3992,銀河超能力戰記,1988,,2,cmtpki0ld02z104jvkvl8qqgp,カスタムメイト・2,5,,要判、名稱含假名
cdg-3993,未來之魔法,1988,DOS,1,cmsvn61zp002y04l8dl9a46zo,未來之魔法,4,DOS,
cdg-3999,鐵甲爭霸戰,1988,DOS,0,cmsvn61td001j04l8sj2a9mi6,鐵甲爭霸戰,5,DOS,
cdg-4005,魔界神兵2,1988,DOS,5,cmu84x7ek00np04ih42umxfkg,魔界神兵2,1,,要判
cdg-4005,魔界神兵2,1988,DOS,5,cmsvuqx32002a04lecui5dn81,魔界神兵 II,1,,要判
cdg-4009,F-19隱形戰鬥機,1988,DOS,3,cmsvn61wl002a04l81mnxqidb,F-19 隱形戰鬥機,3,,
cdg-4016,海灘排球王,1988,DOS,2,cmsvn87d0004i04l8rk7qp04n,海灘排球王,2,DOS,
cdg-4057,淘金熱,1988,DOS,2,cmsvn87cf004c04l8lp626l2l,淘金熱,2,DOS,
cdg-4163,長槍英雄,1988,DOS,2,cmsvn61uz001x04l8dgvknn7h,長槍英雄,4,DOS,
cdg-4187,冰城傳奇2,1988,DOS,5,,,,,站上沒有
cdg-4217,噴射戰鬥機,1988,DOS,2,cmsvuqwrq000b04le7webqcad,噴射戰鬥機,7,DOS,
cdg-4263,紅色風暴,1988,DOS,0,cmsumll9z008104jow405et4t,紅色風暴,2,DOS,
cdg-4269,閃電鋼球,1988,DOS,2,cmsvoibpb001104jpbltsa8ia,閃電鋼球,2,DOS,
cdg-4271,風雲際會,1988,DOS,2,,,,,站上沒有
cdg-4279,龍之忍者（Bad Dudes）,1988,DOS,2,cmsvn87dt004q04l89ktivgza,龍之忍者,5,,
cdg-4431,警察故事2,1988,DOS,2,cmsvn61uc001r04l8uwi8g4kn,警察故事 II,2,,
cdg-4564,紐約獵人者,1988,DOS,0,cmsvn87k1006c04l8rm2vy737,紐約獵人者,1,DOS,
cdg-4568,終極孤鷹,1988,DOS,0,cmswqdm5m00b804l69tdtiv4k,終極孤鷹,2,DOS,
cdg-4673,迷宮組曲,1988,DOS,2,,,,,站上沒有
cdg-4678,奪寶奇兵,1988,DOS,2,,,,,站上沒有
cdg-4690,星際突擊隊,1988,DOS,2,cmswqdmbk00cr04l665gv8400,星際突擊隊,1,DOS,
cdg-4691,卓別林專輯：摩登時代,1988,DOS,0,,,,,站上沒有
cdg-4697,洛城警騎,1988,DOS,0,,,,,站上沒有
cdg-4698,飛艇戰士,1988,DOS,1,,,,,站上沒有
cdg-4702,火箭突擊兵,1988,DOS,0,,,,,站上沒有
cdg-4703,俯衝轟炸機,1988,DOS,0,,,,,站上沒有
cdg-4704,亡命滑板,1988,DOS,0,,,,,站上沒有
cdg-4705,籃球一對一（Jordan vs. Bird）,1988,DOS,2,,,,,站上沒有
cdg-4707,喋血艦長,1988,DOS,0,,,,,站上沒有
cdg-4708,威探闖通關,1988,DOS,2,cmsvn61pf000j04l8gf2kmsom,威探闖通關,2,DOS,
cdg-4709,古巴反戰,1988,DOS,0,cmsvn61sh001b04l8p5jtkjwk,古巴反戰,2,DOS,
cdg-4711,小鮫立大功,1988,DOS,2,cmsvn87ct004g04l87eoycsd9,小鮫立大功,1,DOS,
cdg-4714,星際征服者,1988,DOS,2,cmsvn87bu004604l8hrri8lui,星際征服者,2,DOS,
cdg-4715,全力反彈,1988,DOS,2,cmsvoexkw005d04l84yxzuidz,全力反彈,1,DOS,
cdg-4717,蠻俠神鷹,1988,DOS,2,cmsvoexmz005x04l8vp69aizn,蠻俠神鷹,3,DOS,
cdg-4719,海王星計劃,1988,DOS,2,cmsvomi7i003k04jpw67p15cu,海王星計劃,2,DOS,
cdg-4718,集中火力,1988,DOS,2,cmsvoibky000b04jp9fdya9rz,集中火力,1,DOS,
cdg-4721,魔斧,1988,DOS,0,cmsvpbm18000504jv4hdr4q71,Axe of Rage,1,,
cdg-4740,蝙蝠俠,1988,DOS,2,,,,,站上沒有
cdg-4748,十字逆襲,1988,DOS,2,,,,,站上沒有
cdg-4755,趣味高爾夫,1988,DOS,2,cmsylwgqh004y04jihlv0ld0d,Zany Golf,1,,
cdg-4891,鐵窗活寶,1988,DOS,0,,,,,站上沒有
cdg-4894,瘋狂電視秀,1988,DOS,4,,,,,站上沒有
cdg-4897,裝甲勁旅,1988,DOS,0,,,,,站上沒有
cdg-4952,明星杯拳擊賽,1988,DOS,2,,,,,站上沒有
cdg-4964,荒漠遊騎兵,1988,Apple II,1,,,,,站上沒有
cdg-5035,高手,1988,Apple II,4,,,,,站上沒有
cdg-5075,樸克99點,1988,DOS,2,,,,,站上沒有
cdg-5372,遊戲剋星,1988,DOS,0,cmtb4t93e000804l7ycb8rbqs,遊戲剋星,1,DOS,
cdg-0013,1990世界盃足球賽,1989,DOS,2,cmsx2w99n005704ld4pormgdz,1990世界盃足球賽,4,,要判
cdg-0013,1990世界盃足球賽,1989,DOS,2,cmsx2w99t005804ldzc3zljn9,World Cup Soccer ITALIA '90,1,,要判
cdg-0034,A-10坦克殺手,1989,DOS,2,cmsvud7r5000204l6sghavira,A-10坦克殺手,3,DOS,
cdg-0211,三國志2,1989,DOS,4,cmta7yv40002404kz9ucdgqkw,三國志 II,4,,
cdg-0282,上帝也抓狂,1989,DOS,2,cmsylqofo002v04ji3rzmuv8f,上帝也抓狂,4,DOS,
cdg-0364,大富翁,1989,DOS,1,,,,,站上沒有
cdg-0580,幻想空間3,1989,DOS,2,,,,,站上沒有
cdg-0595,幻魔傳說,1989,DOS,1,,,,,站上沒有
cdg-0620,水果盤,1989,DOS,3,cmsvpbm4p000v04jv17c9gvgu,水果盤,1,DOS,
cdg-0621,水滸傳：天命之誓,1989,DOS,3,,,,,站上沒有
cdg-0627,水管狂想曲,1989,DOS,4,cmsvpx5bx001m04ld7fvxuts0,水管狂想曲,2,,要判
cdg-0627,水管狂想曲,1989,DOS,4,cmsvpx5c3001o04ldjxk9szc0,Pipe Dream,1,,要判
cdg-0644,世界怪物大競賽,1989,DOS,3,cmsvoibmf000n04jp6gm1c96d,世界怪物大競賽,1,DOS,
cdg-0746,立體俄羅斯方塊,1989,DOS,2,cmsvpbm2r000j04jvov4svnzl,Block Out,1,,
cdg-0752,立體花式撞球,1989,DOS,3,cmsxqcbmp004v04l4xi5h3fo2,Sharkey's 3D Pool,1,,
cdg-0779,城市大賽車,1989,DOS,4,,,,,站上沒有
cdg-0791,宇宙神風號,1989,DOS,1,cmsvna21z008p04l8ab8nloq4,宇宙神風號,5,DOS,
cdg-0873,街頭鬥士,1989,DOS,1,cmsvna21e008j04l8e3kmhnlz,街頭鬥士,1,DOS,
cdg-0874,衝鋒飛車,1989,DOS,1,cmsvud7sh000704l6wv0xnueh,衝鋒飛車,5,DOS,
cdg-0885,裝甲雄師,1989,DOS,4,cmt03mnrd003u04l512bjawz7,裝甲雄師,1,,要判
cdg-0885,裝甲雄師,1989,DOS,4,cmswq0tcj007404l6etx9t0ob,裝甲雄獅,3,,要判
cdg-0924,古董名車賽,1989,DOS,1,cmsybv6vq00ec04l23ung99bl,古董名車賽,1,DOS,
cdg-0963,名車大賽2,1989,DOS,4,,,,,站上沒有
cdg-1146,決戰中國圍棋,1989,DOS,3,,,,,站上沒有
cdg-1263,滅,1989,DOS,1,,,,,站上沒有
cdg-1294,奇中棋,1989,DOS,2,cmswq0tar006p04l6osmhlgm4,奇中棋,1,DOS,
cdg-1326,重金屬美女,1989,DOS,2,cmswq0tbs006y04l61tvkdo7e,重金屬美女,1,DOS,
cdg-1373,青色枷詛咒,1989,DOS,3,cmsvpx5if003c04ld2k6i72vz,青色枷的詛咒,3,,
cdg-1391,勇者鬥惡龍,1989,DOS,3,cmsu91jkr001b04l5fqeqkzv8,勇者鬥惡龍,2,DOS,
cdg-1467,美女撲克歐洲版,1989,DOS,2,,,,,站上沒有
cdg-1485,美少女撲克,1989,DOS,2,,,,,站上沒有
cdg-1536,風雲麻將,1989,DOS,0,,,,,站上沒有
cdg-1592,伊蘇國,1989,DOS,2,cmswqdm8u00c104l6v2yjifu0,伊蘇國,3,,要判
cdg-1592,伊蘇國,1989,DOS,2,cmsvpbm1m000904jvs3fslqf4,Ancient Land of Ys,1,,要判
cdg-1948,異形方塊,1989,DOS,0,,,,,站上沒有
cdg-2084,終極警探電影版,1989,DOS,0,,,,,站上沒有
cdg-2368,方程式機車賽,1989,DOS,3,cmswq0tj8008t04l6bpyb8ny5,方程式機車賽,1,,要判
cdg-2368,方程式機車賽,1989,DOS,3,cmswqdmg800dw04l6omtm0ve2,方程式賽車,1,,要判
cdg-2392,明星撲克,1989,DOS,1,cmsvpx5h7002y04ldtb3cuodn,明星撲克,1,DOS,
cdg-2447,時空戰士（Space Harrier）,1989,DOS,3,cmsu91jhx000v04l5n3ibf19f,時空戰士,5,,
cdg-2526,聖女貞德,1989,DOS,3,cmsvo5ydc000u04l8toccbnnc,聖女貞德,4,DOS,
cdg-2532,聖戰奇兵冒險版,1989,DOS,2,cmsx2unry003404ld6ruv0jpl,聖戰奇兵冒險版,1,DOS,
cdg-2533,聖戰奇兵動作版,1989,DOS,0,,,,,站上沒有
cdg-2555,迷宮動動腦,1989,DOS,3,cmt03mnik002304l5tjuki0pq,迷宮動動腦,1,DOS,
cdg-2565,逆襲,1989,DOS,1,,,,,站上沒有
cdg-2717,霹靂飛狼,1989,DOS,3,cmsvna22v008y04l8j9l9kkqg,霹靂飛狼,1,DOS,
cdg-2781,瘋狂大賽車2,1989,DOS,3,,,,,站上沒有
cdg-2902,銀河英雄,1989,DOS,1,cmsvpx5ap001904ldd264g5gn,銀河英雄,5,,要判
cdg-2902,銀河英雄,1989,DOS,1,cmsvpx5aw001b04ldxozr3uj8,Space Rogue,1,,要判
cdg-3175,模擬城市,1989,DOS,1,cmsvpx56x000504ldpysay0t8,模擬城市,7,,要判
cdg-3175,模擬城市,1989,DOS,1,cmsvud7tt000l04l6zyg2uajr,SIM CITY,1,,要判
cdg-3175,模擬城市,1989,DOS,1,cmsxqcbxk007x04l414fm7ej8,SimCity,1,,要判
cdg-3214,機器戰警,1989,DOS,3,cmsvoexm2005p04l8w810voho,機器戰警,4,DOS,
cdg-3229,機車越野賽,1989,DOS,3,,,,,站上沒有
cdg-3271,烏茲衝鋒槍,1989,DOS,3,cmsvpx57k000b04ldneox4wtn,烏茲衝鋒槍,1,,要判
cdg-3271,烏茲衝鋒槍,1989,DOS,3,cmsvpx57r000d04ld8rdg7rzu,Operation Wolf,1,,要判
cdg-3316,熱血高校,1989,DOS,4,cmsvo5ycn000m04l8sahyyojg,熱血高校,4,DOS,
cdg-3321,燃燒的野球2,1989,DOS,1,,,,,站上沒有
cdg-3355,賽車追逐戰,1989,DOS,3,,,,,站上沒有
cdg-3429,英雄傳奇,1989,DOS,3,cmswq0tdi007d04l6dnphtdiv,英雄傳奇,2,,要判
cdg-3429,英雄傳奇,1989,DOS,3,cmswuue1e002104l4nbpd0t6r,英雄傳奇I,2,,要判
cdg-3610,鑽石方塊,1989,DOS,3,cmsybv6wo00ek04l2557ymfne,鑽石方塊,2,,要判
cdg-3610,鑽石方塊,1989,DOS,3,cmsxqcbny005704l4yhm0zr28,Puzznic,1,,要判
cdg-3643,高速賽車,1989,DOS,3,cmsvna217008h04l8z7mabp5u,高速賽車,3,DOS,
cdg-3683,魔宮傳奇（Indiana Jones and the Temple of Doom）,1989,DOS,1,cmsvna22a008s04l8pl6k7k5s,魔宮傳奇,2,,
cdg-3774,魔術拼圖,1989,DOS,0,,,,,站上沒有
cdg-3778,魔鬼剋星2,1989,DOS,2,,,,,站上沒有
cdg-3800,歡樂接龍,1989,DOS,1,,,,,站上沒有
cdg-3806,歡樂酒吧,1989,DOS,0,,,,,站上沒有
cdg-3813,氙星異形2,1989,DOS,2,,,,,站上沒有
cdg-3819,龍女,1989,DOS,1,,,,,站上沒有
cdg-3840,688攻擊潛艇,1989,DOS,0,,,,,站上沒有
cdg-3852,風行者,1989,DOS,0,cmsvuqwsu000k04lesc5qzp2e,風行者,1,DOS,
cdg-3853,風神傳承,1989,DOS,2,cmsylqoc5001x04ji56drj75m,風神傳承,3,DOS,
cdg-3859,好夢連床,1989,DOS,2,cmsybv6te00ds04l236serlue,好夢連床,1,DOS,
cdg-3860,核戰狂人夢,1989,DOS,2,cmsx2w9cr005y04ldhwnw8tjh,核戰狂人夢,3,,要判
cdg-3860,核戰狂人夢,1989,DOS,2,cmsx2w9cy005z04ldu74ltrkk,Nuclear War,1,,要判
cdg-3865,毀天滅地（Targhan）,1989,DOS,2,cmsvomi68003504jp9m0zufzn,毀天滅地,4,,
cdg-3890,忍,1989,DOS,2,cmsvud7vh001404l6r2gqi4jf,忍,2,,要判
cdg-3890,忍,1989,DOS,2,cmsvud7vo001604l6oq9kbdsc,SHINOBI,1,,要判
cdg-3901,水滸傳,1989,DOS,3,cmsvuqwox000104lepsmjptw7,水滸傳,21,,
cdg-3914,武道館,1989,DOS,3,cmsvuqwr2000604le5i7rqfkm,武道館,2,DOS,
cdg-3944,北與南,1989,DOS,2,cmswq0tbg006v04l63vkc2e6x,北與南,2,,要判
cdg-3944,北與南,1989,DOS,2,cmsxqcbut007404l4citg7ydd,North & South,1,,要判
cdg-3947,快樂泡泡龍,1989,DOS,2,cmswqdm5400b404l6jme796bb,快樂泡泡龍,1,,要判
cdg-3947,快樂泡泡龍,1989,DOS,2,cmtpl1iof070s04jvabj7dt3d,泡泡龍,1,,要判
cdg-3950,猛鬼逛街,1989,DOS,2,cmsvud7ux000x04l6dqnbdagc,猛鬼逛街,4,,要判
cdg-3950,猛鬼逛街,1989,DOS,2,cmsvud7v3000z04l6813huwg2,A NIGHTMARE ON ELM STREET,1,,要判
cdg-3957,屠龍記,1989,DOS,3,cmsvn87c1004804l8xmjia602,屠龍記,6,DOS,
cdg-3961,幕府將軍,1989,DOS,2,cmsreh00y001l04iegpp3fc2a,幕府將軍,1,DOS,
cdg-3963,無敵神槍,1989,DOS,2,cmsvomi7r003n04jpgqmsk4hq,無敵神槍,1,DOS,
cdg-3964,魔鬼訓練營,1989,DOS,2,,,,,站上沒有
cdg-3988,荒野遊俠,1989,DOS,2,cmsvn61rn001304l8n52jb2ck,荒野遊俠,3,DOS,
cdg-3990,國王傳奇,1989,DOS,3,cmsvn61nv000704l8jfluueee,國王傳奇,5,DOS,
cdg-4003,火龍之戰,1989,DOS,2,cmsybekuh001j04jv8fol7pjf,火龍之戰,6,DOS,
cdg-4006,梅杜莎指環,1989,DOS,2,cmsybv6po00cx04l2z60px9xv,梅杜莎指環,4,,要判
cdg-4006,梅杜莎指環,1989,DOS,2,cmsxqcbni005304l457tofvyo,Rings of Medusa,2,,要判
cdg-4007,風馳電掣,1989,DOS,2,cmswq0tc6007104l6498hicpr,風馳電掣,6,DOS,
cdg-4017,NBA大賽,1989,DOS,2,cmsybekoa000l04jvem5a4gji,NBA大賽,1,DOS,
cdg-4084,特級大師,1989,DOS,2,,,,,站上沒有
cdg-4161,幽城寶藏,1989,DOS,4,cmsvoibs3001g04jp9b32nben,幽城寶藏,4,DOS,
cdg-4166,第一滴血3,1989,DOS,2,,,,,站上沒有
cdg-4181,宇宙傳奇3：佩斯突隆海盜,1989,DOS,0,,,,,站上沒有
cdg-4198,NBA籃球爭霸戰,1989,DOS,2,,,,,站上沒有
cdg-4245,步步殺機,1989,DOS,2,cmsvud7u9000q04l64hu4ot5e,步步殺機,4,,要判
cdg-4245,步步殺機,1989,DOS,2,cmsvud7ug000s04l6tsd0mibd,RICK DANGEROUS,1,,要判
cdg-4246,武士傳說,1989,DOS,0,cmswuudth000r04l414yq18mo,武士傳說,5,DOS,
cdg-4262,空中飛鯊,1989,DOS,2,cmsvoexv9007y04l8ykfg0jng,空中飛鯊,2,DOS,
cdg-4407,泰坦風雲,1989,DOS,2,cmswq0tcv007704l6tfocky0d,泰坦風雲,4,DOS,
cdg-4436,遊戲剋星2,1989,DOS,0,,,,,站上沒有
cdg-4460,F-15鷹式戰鬥機2,1989,DOS,2,cmsvpbm09000104jvxonow9ai,F-15 Strike Eagle II,2,,
cdg-4468,出擊飛龍,1989,DOS,0,cmswuudqe000704l4vq33r8zu,出擊飛龍,3,,要判
cdg-4468,出擊飛龍,1989,DOS,0,cmswuudqm000804l4laybungz,STRIDER,1,,要判
cdg-4468,出擊飛龍,1989,DOS,0,cmsumll2f006804jokkqe0o1x,飛龍,1,,要判
cdg-4504,蝙蝠俠電影版,1989,DOS,2,cmsyevzw4000104l11vw046rv,蝙蝠俠。電影版,2,,要判
cdg-4504,蝙蝠俠電影版,1989,DOS,2,cmsyqnps3004g04i5co9lv7xy,蝙蝠俠·電影版,1,,要判
cdg-4565,太空捕快,1989,DOS,0,cmswqdm8400bu04l6plvegrj2,太空捕快,1,DOS,
cdg-4566,摩登原始人趣味大對抗,1989,DOS,2,cmsvoibjb000104jpnaf2fos3,摩登原始人趣味大對抗,1,DOS,
cdg-4567,太陽神之眼,1989,DOS,0,cmsvuqwuk000y04led4xlhi6c,太陽神之眼,2,DOS,
cdg-4569,戰鬥轟炸機,1989,DOS,0,cmswq0td6007a04l6afucjlv1,戰鬥轟炸機,3,DOS,
cdg-4572,異形神殿,1989,DOS,0,cmsybel0f002j04jv13c6a6zr,異形神殿,2,,要判
cdg-4572,異形神殿,1989,DOS,0,cmsxqcbos005f04l40yj9qhte,Chamber of the Sci-Mutant Priestess,1,,要判
cdg-4573,機動戰士2,1989,DOS,3,,,,,站上沒有
cdg-4584,F-29復仇者隱形戰鬥機,1989,DOS,0,cmsyq9fm3003u04jn0jhrvwl6,F-29復仇者隱形戰鬥機,1,,要判
cdg-4584,F-29復仇者隱形戰鬥機,1989,DOS,0,cmsyrh7nb000f04lfuh4op4oc,F-29 復仇者隱形戰鬥機,2,,要判
cdg-4585,妙賊奇弗,1989,DOS,2,cmsyqgoo400ak04jne8gvom6u,妙賊奇弗,3,,要判
cdg-4585,妙賊奇弗,1989,DOS,2,cmsyqnpeq000v04i58bykn870,KEEF the THIEF,1,,要判
cdg-4588,沙漠之蠱,1989,DOS,3,cmta8xkzm003404l6au9cqo5o,沙漠之蠱,1,,要判
cdg-4588,沙漠之蠱,1989,DOS,3,cmsyqnphs001j04i58atokf8s,It Came From the Desert,1,,要判
cdg-4604,創世紀123典藏版,1989,DOS,8,cmt9n4wja005804jma6imwgp2,"Ultima Trilogy I, II, III",1,,
cdg-4710,時空大盜,1989,DOS,0,cmsvn61oz000f04l8ndgy9cie,時空大盜,1,DOS,
cdg-4713,重金屬坦克,1989,DOS,2,cmsvna22l008v04l85bggrj4k,重金屬坦克,4,DOS,
cdg-4716,蜘蛛人,1989,DOS,2,cmsvoexla005h04l8j0zpv3yy,蜘蛛人,4,DOS,
cdg-4720,地心探險,1989,DOS,2,cmsvomi78003h04jpksglqeer,地心探險,1,DOS,
cdg-4722,超人,1989,DOS,2,,,,,站上沒有
cdg-4723,變形金鋼,1989,DOS,2,cmsvpx59l000x04ldi1jgdksf,Wibarm,1,,
cdg-4725,俄羅斯方塊2,1989,DOS,3,cmsvud7w7001d04l6nqlpaxbq,WELLTRIS,1,,
cdg-4724,殺人執照,1989,DOS,3,,,,,站上沒有
cdg-4726,異形（Alien Syndrome）,1989,DOS,2,cmsreh08n004e04iex7u89d0l,異形,4,,
cdg-4727,瑪雅迷蹤,1989,DOS,2,cmswq0tb4006s04l6vbcsm3v1,瑪雅迷蹤,1,DOS,
cdg-4728,聖劍之征,1989,DOS,2,,,,,站上沒有
cdg-4729,職業網球大賽,1989,DOS,0,cmsx2w9je007m04ld2cbxa0dy,職業網球大賽,2,DOS,
cdg-4730,M4雪曼坦克,1989,DOS,0,cmswqdm6300bc04l6vmc2hono,M4雪曼坦克,1,,
cdg-4731,藍天使：飛行特技小組,1989,DOS,2,cmswqdm4900b004l6495kjtks,藍天使飛行特技小組,1,DOS,
cdg-4732,藍天碧海風浪板,1989,DOS,2,,,,,站上沒有
cdg-4733,激流浪子,1989,DOS,2,cmswuudoh000104l4cwbxb20v,激流浪子,2,,要判
cdg-4733,激流浪子,1989,DOS,2,cmswuudp0000204l47atvs3zk,TOOBIN,1,,要判
cdg-4735,拼碰盤,1989,DOS,2,cmsx2unat000104ldum0408tn,拼碰盤,1,DOS,
cdg-4737,叢林之神,1989,DOS,2,cmsx2w9e5006a04ldoqkitar1,叢林之神,2,,要判
cdg-4737,叢林之神,1989,DOS,2,cmsx2w9eb006b04ld9vt6w8ky,Livingstone II,1,,要判
cdg-4743,模擬城市地形編修程式,1989,DOS,2,,,,,站上沒有
cdg-4752,第六感生死關頭,1989,DOS,2,cmsylqo7r001604jilte6dayl,第六感生死關頭,1,,要判
cdg-4752,第六感生死關頭,1989,DOS,2,cmsylqo7y001704jiu1v09hah,Interphase,1,,要判
cdg-4762,復國恩仇錄,1989,DOS,0,cmtb4t95x000o04l7ghicrg9b,復國恩仇錄,1,DOS,
cdg-4890,超級高速賽車,1989,DOS,0,,,,,站上沒有
cdg-4898,血汗錢,1989,DOS,0,,,,,站上沒有
cdg-4930,柏林1948,1989,DOS,0,,,,,站上沒有
cdg-4932,石油大亨,1989,DOS,0,,,,,站上沒有
cdg-4966,第三邊境,1989,DOS,1,,,,,站上沒有
cdg-4974,滔金記,1989,DOS,1,,,,,站上沒有
cdg-5306,火爆摔角,1989,DOS,4,,,,,站上沒有
cdg-5373,電動剋星頹廢版,1989,DOS,0,,,,,站上沒有
cdg-0094,Jewel,1990,DOS,0,,,,,站上沒有
cdg-0115,RS-2,1990,DOS,1,cmswprlf6002k04l6ky5dmtoc,RS-2,1,DOS,
cdg-0161,七笑拳,1990,DOS,0,cmswprlg8002o04l66sel0ovr,七笑拳,1,DOS,
cdg-0268,三角跳棋,1990,DOS,9,,,,,站上沒有
cdg-0290,上海麻將2：龍之眼,1990,DOS,0,,,,,站上沒有
cdg-0383,大富翁環遊世界,1990,DOS,0,,,,,站上沒有
cdg-0418,大航海時代,1990,DOS,0,cmt1mvam3008j04juistmvfn7,大航海時代,3,DOS,
cdg-0832,百戰百勝電玩篇,1990,DOS,2,,,,,站上沒有
cdg-0834,百戰鐵翼,1990,DOS,2,cmsx2ungs000v04ldaj1b9b60,百戰鐵翼,3,DOS,
cdg-0871,街頭小霸王,1990,DOS,3,cmsyq9fkx003j04jnypxmhxpb,街頭小霸王,2,DOS,
cdg-0953,名流高爾夫,1990,DOS,1,cmsyqgol6009z04jn58p3jjsv,名流高爾夫,2,DOS,
cdg-0964,名車大賽3,1990,DOS,2,,,,,站上沒有
cdg-1028,四川省,1990,DOS,3,cmswqdm6j00bg04l6o9xqfsg0,四川省,5,DOS,
cdg-1041,回到大魔域,1990,DOS,3,cmta91un4006204l69odk7ldv,回到大魔域,1,DOS,
cdg-1047,國王密使5：失城記,1990,DOS,4,,,,,站上沒有
cdg-1051,御封戰將,1990,DOS,3,cmsybeknm000h04jvka2sq7zw,御封戰將,6,,要判
cdg-1051,御封戰將,1990,DOS,3,cmsxqcbqe005v04l4y3wzsvju,King's Bounty,1,,要判
cdg-1147,決戰中國象棋,1990,DOS,4,cmsybekla000504jv28mf278k,決戰中國象棋,2,DOS,
cdg-1149,決戰俄羅斯,1990,DOS,3,cmsybi8ft001g04l2rjqou8h2,決戰俄羅斯,2,DOS,
cdg-1182,油龍戲縫,1990,DOS,3,cmsybekm5000904jv61j5eief,油龍戲縫,1,DOS,
cdg-1189,波斯王子,1990,DOS,6,cmsx2unfz000p04ldsu7kvqky,波斯王子,9,,要判
cdg-1189,波斯王子,1990,DOS,6,cmsx2xztr00ci04ldfzp1l94g,波斯王子 (Prince of Persia),3,,要判
cdg-1392,勇者鬥惡龍2：邪惡神官哈根,1990,DOS,2,cmtpk43my00s404jvq4iv07ou,勇者鬥惡龍II,2,,
cdg-1547,飛龍騎士,1990,DOS,1,cmsx2w9c2005s04ld3ba4wjca,飛龍騎士,5,,要判
cdg-1547,飛龍騎士,1990,DOS,1,cmsx2w9ca005t04ld2qefaj72,Dragon Strike,1,,要判
cdg-1574,代碼：冰人,1990,DOS,3,cmswuudso000l04l4pdiof632,代碼：冰人,2,,要判
cdg-1574,代碼：冰人,1990,DOS,3,cmswuudsw000m04l4iga9g33o,CODENAME: ICEMAN,1,,要判
cdg-1639,信長之野望4：武將風雲錄,1990,DOS,0,,,,,站上沒有
cdg-1652,倉庫世家：精彩篇,1990,DOS,1,,,,,站上沒有
cdg-1715,忍者龜,1990,DOS,2,cmsylwh2k007v04jih7g0kvfh,忍者龜,3,DOS,
cdg-1829,神劍封魔,1990,DOS,2,cmsyew015000t04l14qj8wran,神劍封魔,4,DOS,
cdg-1881,軒轅劍,1990,DOS,0,cmswpwlvf005e04l60fd3t21a,軒轅劍,2,DOS,
cdg-2012,麻雀學園,1990,DOS,3,cmsybi8ev001804l266bk98i2,麻雀學園,4,DOS,
cdg-2200,NEW星式7号,1990,DOS,1,cmsybi8cs000q04l2570h3dce,Stellar 7,1,,要判
cdg-2200,NEW星式7号,1990,DOS,1,cmsybi8cj000p04l222l7kylp,NEW星式7號,1,,要判
cdg-2214,超級橋牌,1990,DOS,1,,,,,站上沒有
cdg-2414,星際密探,1990,DOS,0,cmta8xkxy002l04l6ljt0cc48,星際密探,1,DOS,
cdg-2576,連環泡,1990,DOS,3,cmsyqgokn009v04jntg5bumwd,連環泡,1,DOS,
cdg-2657,雲國小精靈,1990,DOS,3,cmsx2w98y005104ld70zxtx01,雲國小精靈,2,,要判
cdg-2657,雲國小精靈,1990,DOS,3,cmsx2w995005204ld5x8nrcl6,Cloud Kingdoms,1,,要判
cdg-2823,精靈終結者,1990,DOS,0,,,,,站上沒有
cdg-2911,銀河飛將,1990,DOS,1,cmsybi8df000v04l24yjk6o3e,銀河飛將,19,,要判
cdg-2911,銀河飛將,1990,DOS,1,cmsybekru001504jv2ltup9um,Wing Commander,4,,要判
cdg-2924,銀色匕首之謎,1990,DOS,2,cmsybekxr001z04jvf8jvkx4o,銀色匕首之謎,5,DOS,
cdg-2928,凱撒大帝,1990,DOS,2,cmsxqa32z001404l4ohasw8v0,凱撒大帝,5,DOS,
cdg-2968,創世紀6：虛偽先知,1990,DOS,3,,,,,站上沒有
cdg-2975,創世紀外傳：洪荒帝國,1990,DOS,4,cmsylqobq001t04jiwdbx9k25,洪荒帝國,6,,
cdg-3034,拂曉攻擊,1990,DOS,1,cmswprlgr002s04l61sy524bz,拂曉攻擊,1,DOS,
cdg-3042,拿破崙,1990,DOS,5,cmtb7selp000b04lacxyeot6l,拿破崙,3,DOS,
cdg-3063,撲克萬花筒,1990,DOS,2,cmsxqa30i000h04l4rmtt2js9,撲克萬花筒,1,DOS,
cdg-3106,楚漢之爭,1990,DOS,3,cmsybi8eg001404l24x5ejp2t,楚漢之爭,4,DOS,
cdg-3349,賭神,1990,DOS,1,cmswprlh9002w04l67cjnwyc5,賭神,3,DOS,
cdg-3391,戰斧（Golden Axe）,1990,DOS,3,cmta8xkzz003904l626xtjte4,戰斧,1,,
cdg-3399,戰神,1990,DOS,6,cmsysz3bh007a04joldrpgd5h,魔域聖戰,1,,
cdg-3500,臉譜方塊,1990,DOS,2,cmsyqnpl6002h04i5uhscplf4,臉譜方塊,1,DOS,
cdg-3510,特技飛車,1990,DOS,3,cmswqdm7000bk04l6tzpfynbn,特技飛車,1,DOS,
cdg-3605,鐵路大亨,1990,DOS,8,cmsyew02g001304l1wqd550i6,鐵路大亨,11,,要判
cdg-3605,鐵路大亨,1990,DOS,8,cmsybekr5001104jvpfnvhtd7,Railroad Tycoon,1,,要判
cdg-3701,魔戒少年,1990,DOS,0,cmsylqo5c000p04jizdrxro9t,魔戒少年,10,DOS,
cdg-3787,魔點,1990,DOS,2,cmsybi8fb001c04l2bd6sofne,魔點,2,DOS,
cdg-3807,歡樂麻將（大宇）,1990,DOS,0,cmswpvxcy004l04l6qkdop6vx,歡樂麻將,2,,
cdg-3857,蓋世龍王,1990,DOS,4,cmsylqo2u000d04ji9sfesc82,蓋世龍王,4,,要判
cdg-3857,蓋世龍王,1990,DOS,4,cmsylqo31000e04ji5nzycmws,Dragon Lord,1,,要判
cdg-3863,猴島小英雄,1990,DOS,3,cmsybi88j000704l2l50i6f2q,猴島小英雄,11,,要判
cdg-3863,猴島小英雄,1990,DOS,3,cmsybekqa000x04jv30y4dwh5,The Secret of Monkey Island,2,,要判
cdg-3879,魔境傳說,1990,DOS,1,cmsxqa2zm000904l4wbqmtsb9,魔境傳說,2,DOS,
cdg-3889,人生劇場,1990,DOS,2,cmsybok5x006304l2ckzrkfhp,人生劇場,3,DOS,
cdg-3894,紗之器,1990,DOS,1,cmswuudvg001304l4snuiqyev,紗之器,2,,要判
cdg-3894,紗之器,1990,DOS,1,cmswuudvp001404l4p35ctmzt,LOOM,1,,要判
cdg-3918,小人物狂想曲,1990,DOS,2,cmsxqa30w000l04l4pg5fpf12,小人物狂想曲,4,DOS,
cdg-3946,炮艇,1990,DOS,2,cmsx2undp000804ld6ne8af6j,GUN BOAT,1,,要判
cdg-3946,炮艇,1990,DOS,2,cmsx2undi000704ldd4i47i55,砲艇,1,,要判
cdg-3951,激戰M星雲,1990,DOS,2,cmsybektu001f04jvycwn7y4z,激戰M星雲,1,,要判
cdg-3951,激戰M星雲,1990,DOS,2,cmsxqcbpm005n04l4ouh2r17h,Star Control,1,,要判
cdg-3952,夜班玩具廠,1990,DOS,1,cmsybok68006604l2u624qe7g,夜班玩具廠,2,DOS,
cdg-3960,科羅拉多尋金記,1990,DOS,2,cmsybok6w006e04l26oun3xpk,科羅拉多尋金記,5,DOS,
cdg-3965,艾薇拉：古堡禁地,1990,DOS,2,cmta8xkx1002a04l6jinta2i6,艾薇拉,1,,
cdg-3966,飛越杜鵑窩,1990,DOS,1,cmsyqgoti00bp04jnlvg7m0j3,飛越杜鵑窩,3,DOS,
cdg-3972,親愛的，我被電視吸走了,1990,DOS,3,cmsylqo41000j04ji5ag5kvco,親愛的，我被電視吸走了！,1,,要判
cdg-3972,親愛的，我被電視吸走了,1990,DOS,3,cmsylqo4i000k04ji0nkumnxv,Altered Destiny,1,,要判
cdg-3981,新陸軍棋,1990,DOS,0,,,,,站上沒有
cdg-3983,粒子世界,1990,DOS,2,cmsx2w9dg006404ldrsmez0g2,粒子世界,1,,要判
cdg-3983,粒子世界,1990,DOS,2,cmsx2w9dn006504ldd9n9mhj2,The Game of Harmony,1,,要判
cdg-3994,拯救地球,1990,DOS,2,cmsybi8a9000d04l291em15xc,拯救地球,5,,要判
cdg-3994,拯救地球,1990,DOS,2,cmsybi8ap000e04l2f85a4cf1,Buck Rogers: Countdown to Doomsday,1,,要判
cdg-3995,永生不滅,1990,DOS,3,cmtpk5dyt012d04jvivkpe0cv,永生不滅,2,DOS,
cdg-3996,克萊恩英豪,1990,DOS,2,cmswqdm3r00aw04l6jocp2bsw,克萊恩英豪,4,DOS,
cdg-4004,浩劫餘生,1990,DOS,2,cmsyqgp0i00d904jnvhmx9yy7,浩劫餘生,4,,要判
cdg-4004,浩劫餘生,1990,DOS,2,cmsylqo09000204ji9hbxn5lv,Fountain of Dreams,1,,要判
cdg-4008,從海底出擊（Wolf Pack）,1990,DOS,0,cmsx2w9f1006h04ldwdz6f3tx,Wolf Pack,1,,要判
cdg-4008,從海底出擊（Wolf Pack）,1990,DOS,0,cmsx2w9es006g04ldpno4vjf3,從海底出擊,4,,要判
cdg-4011,紅爵士,1990,DOS,2,cmsyew001000l04l1hdgylwvp,紅爵士,3,,要判
cdg-4011,紅爵士,1990,DOS,2,cmtb7seu9001t04laeygygemm,Red Baron,1,,要判
cdg-4023,長槍之役,1990,DOS,2,cmsybv6j100ba04l2vb7yh4o2,長槍之役,3,,要判
cdg-4023,長槍之役,1990,DOS,2,cmsxqcbp7005j04l46e0pxwj2,War of the Lance,1,,要判
cdg-4049,拳形岩,1990,DOS,3,,,,,站上沒有
cdg-4174,史古奇尋寶歷險記,1990,DOS,1,,,,,站上沒有
cdg-4176,亞瑟王傳奇,1990,DOS,0,cmsx2unf5000j04ldiuno26ol,亞瑟王傳奇,3,DOS,
cdg-4179,英雄傳奇2：烈火神兵,1990,DOS,0,,,,,站上沒有
cdg-4188,冰城傳奇3,1990,DOS,1,,,,,站上沒有
cdg-4195,死亡潛航2,1990,DOS,4,cmsyew086002a04l14umhidif,死亡潛航 II,2,,要判
cdg-4195,死亡潛航2,1990,DOS,4,cmt1hzs9l002s04ld75z9h3m5,死亡潛航II,1,,要判
cdg-4195,死亡潛航2,1990,DOS,4,cmsxqcbq0005r04l4q7pbv475,Silent Service II,2,,要判
cdg-4240,未來戰爭：時空冒險,1990,DOS,2,cmsxqa2yx000504l4hurxyvnq,未來戰爭,2,,
cdg-4242,模擬地球,1990,DOS,1,cmtb4t99t001d04l7q2852eva,模擬地球,1,DOS,
cdg-4272,風雲霸主,1990,DOS,3,cmta06a0t000z04jrjwsjizfc,風雲霸主,6,,要判
cdg-4272,風雲霸主,1990,DOS,3,cmta06a14001004jr3yv8kh21,POWERMONGER,1,,要判
cdg-4280,龍之道,1990,DOS,3,cmsysz3a0006r04jowmq4x90i,龍之道,1,DOS,
cdg-4322,城市獵人（Rise of the Dragon）,1990,DOS,0,cmsylqo1t000804jimnknhy30,Rise of the Dragon,1,,要判
cdg-4322,城市獵人（Rise of the Dragon）,1990,DOS,0,cmsylqo1g000704jigkm1rj3y,城市獵人,7,,要判
cdg-4430,行星末日戰記,1990,DOS,2,cmsxqa322000w04l4uii6kd6p,行星末日戰記,2,DOS,
cdg-4437,銀河風暴,1990,DOS,2,,,,,站上沒有
cdg-4438,鐵血傭兵,1990,DOS,3,cmt03mni0001z04l5rwoeeux7,鐵血傭兵,3,,要判
cdg-4438,鐵血傭兵,1990,DOS,3,cmta91ul7005m04l6zzufrfw8,HARD NOVA,1,,要判
cdg-4570,金牌拳王,1990,DOS,0,cmsx2unhn001104ld0sgi2kki,金牌拳王,3,,要判
cdg-4570,金牌拳王,1990,DOS,0,cmsx2unhv001204ldbifpr3ej,LOW BLOW,1,,要判
cdg-4571,快樂潛水伕,1990,DOS,2,cmsxqa31b000p04l4e1nyxjz4,快樂潛水伕,1,DOS,
cdg-4574,SU-25戰鬥機,1990,DOS,0,cmsybi8bp000j04l2zpi7l8ce,SU-25 戰鬥機,2,,
cdg-4575,魔術彩球,1990,DOS,1,cmsyevzy4000904l1en6ykaze,魔術彩球,2,DOS,
cdg-4576,撥雲見日,1990,DOS,0,cmsylwgw5006b04jisjphli17,撥雲見日,1,DOS,
cdg-4577,藍十字勳章,1990,DOS,0,cmsyrh7sa001g04lf1mt9eqt0,藍十字勳章,1,DOS,
cdg-4578,U式海狼潛艇,1990,DOS,2,cmsylqo9u001j04jilgycy9ko,U式海狼潛艇,2,,
cdg-4579,全球戰略,1990,DOS,2,cmsyevzzf000h04l1spl8eeia,全球戰略,2,DOS,
cdg-4580,光速先鋒,1990,DOS,0,cmsyevzyr000d04l1lzatcr6x,光速先鋒,4,DOS,
cdg-4581,A-6入侵者,1990,DOS,2,cmsylqo6j000v04ji12r01sep,A-6入侵者,1,,要判
cdg-4581,A-6入侵者,1990,DOS,2,cmsybeksg001904jvw0lzgmdf,Flight of the Intruder,2,,要判
cdg-4583,醫生也瘋狂2：腦科篇,1990,DOS,0,cmsylwgts005q04jiiu9kiwrq,Life & Death II: The Brain,1,,
cdg-4587,F-14雄貓式戰鬥機,1990,DOS,0,cmsyqgoni00ag04jntrjtt0y3,F-14雄貓式戰鬥機,1,,要判
cdg-4587,F-14雄貓式戰鬥機,1990,DOS,0,cmsyqnpfd000z04i5pd24y4ph,F-14 Tomcat,1,,要判
cdg-4589,魔獸紀元,1990,DOS,0,cmt1mvael006l04ju98qyauk5,魔獸紀元,2,DOS,
cdg-4613,夢幻勇士,1990,DOS,0,cmta1ag5v004h04jwouqakfr5,夢幻勇士,1,,要判
cdg-4613,夢幻勇士,1990,DOS,0,cmtpk135i00en04jvols8ysj9,Unreal,1,,要判
cdg-4627,太空牛仔,1990,DOS,1,cmtpk43it00r604jv0yquunew,太空牛仔,2,,要判
cdg-4627,太空牛仔,1990,DOS,1,cmtpk43iz00r704jvftd9sqj2,Spaceward Ho!,1,,要判
cdg-4734,雪國狄斯奈,1990,DOS,2,cmswuudwd001904l4ruu5jun6,雪國狄斯奈,3,,要判
cdg-4734,雪國狄斯奈,1990,DOS,2,cmswuudwl001a04l471fyveep,SKI OR DIE,1,,要判
cdg-4738,巴黎─達卡越野大賽,1990,DOS,2,cmsylqoen002l04jiacbtycpo,巴黎-達卡越野大賽,1,DOS,
cdg-4739,獸王記,1990,DOS,2,cmsumll7f007f04jowor6k80t,獸王記,3,DOS,
cdg-4742,銀行大盜,1990,DOS,2,cmsxqa302000d04l4huw8a002,銀行大盜,1,DOS,
cdg-4744,極光勇士,1990,DOS,2,cmsybel4u003e04jvf1hpzlce,極光勇士,3,,要判
cdg-4744,極光勇士,1990,DOS,2,cmsxqcbn4004z04l4zw34nn4y,STARBLADE,1,,要判
cdg-4745,PGA職業高爾夫巡迴賽,1990,DOS,2,cmsxqcbod005b04l4ufgoifyc,PGA Tour Golf,1,,
cdg-4746,石之道,1990,DOS,2,cmsybekpn000t04jvok1fpbhw,石之道,1,DOS,
cdg-4747,霹靂男兒,1990,DOS,2,cmsybekoy000p04jvudss6szj,霹靂男兒,1,DOS,
cdg-4749,通天蜘蛛人,1990,DOS,2,cmsyqgovz00c904jn2kj71upj,通天蜘蛛人,2,DOS,
cdg-4750,銀河飛將：秘密任務,1990,DOS,2,,,,,站上沒有
cdg-4751,空戰奇兵,1990,DOS,2,cmsylqogd003204jittbmq4q3,空戰奇兵,3,DOS,
cdg-4753,加州運動會2,1990,DOS,2,cmsyew00m000p04l1cth24hlk,加州運動會 II,1,,
cdg-4757,魔幻遊樂場,1990,DOS,3,cmsyq9fmw004204jnhzksxqaf,魔幻遊樂場,1,DOS,
cdg-4758,六角神兵,1990,DOS,2,cmsyqgok5009r04jn0ea2byfm,六角神兵,1,DOS,
cdg-4759,緝毒特勤組,1990,DOS,3,cmsysv1pr001k04jocvkdnm9u,緝毒特勤組,2,,要判
cdg-4759,緝毒特勤組,1990,DOS,3,cmsyqnpgz001b04i5fficgd4r,Hoverforce,1,,要判
cdg-4764,火爆鋼球,1990,DOS,2,cmt03mnbf000n04l5gwtses2q,火爆鋼球,4,,要判
cdg-4764,火爆鋼球,1990,DOS,2,cmt03mnbn000o04l51p5p7pkl,Speed Ball 2,1,,要判
cdg-4895,歡樂點點棋,1990,DOS,0,,,,,站上沒有
cdg-4896,變形蚊,1990,DOS,0,,,,,站上沒有
cdg-4899,原子棋,1990,DOS,0,,,,,站上沒有
cdg-4900,回到未來2,1990,DOS,0,,,,,站上沒有
cdg-4901,霹靂飛車2,1990,DOS,0,,,,,站上沒有
cdg-4902,智慧三角方塊,1990,DOS,0,,,,,站上沒有
cdg-4903,小毛毛,1990,DOS,0,,,,,站上沒有
cdg-4904,模擬月球基地,1990,DOS,0,,,,,站上沒有
cdg-4906,太空瑪麗2,1990,DOS,0,,,,,站上沒有
cdg-4908,洛克人（Mega Man）,1990,DOS,0,cmsve5jho001z04kzjeo9c41d,洛克人,2,,
cdg-4907,美洲豹之怒,1990,DOS,0,,,,,站上沒有
cdg-4912,幽靈間諜,1990,DOS,0,,,,,站上沒有
cdg-4914,米格29戰鬥機,1990,DOS,0,,,,,站上沒有
cdg-4917,致命的吸引力,1990,DOS,0,,,,,站上沒有
cdg-4918,上帝也巔峯,1990,DOS,0,,,,,站上沒有
cdg-4925,決戰飛盤,1990,DOS,0,,,,,站上沒有
cdg-4926,卡拉漢王朝,1990,DOS,0,,,,,站上沒有
cdg-4927,暫時停止呼吸,1990,DOS,0,,,,,站上沒有
cdg-4928,終極戰士（Rotox）,1990,DOS,0,cmsve5jha001v04kzvsmlm2vu,終極戰士,1,,
cdg-4938,星戰風暴,1990,DOS,0,,,,,站上沒有
cdg-5235,異形軍團,1990,DOS,1,,,,,站上沒有
cdg-5304,齊爾達傳說,1990,DOS,4,,,,,站上沒有
cdg-0079,GP500摩托賽,1991,DOS,1,,,,,站上沒有
cdg-0112,PC魔術方塊,1991,DOS,2,,,,,站上沒有
cdg-0148,一路狂飆,1991,DOS,4,,,,,站上沒有
cdg-0233,三國演義,1991,DOS,4,cmsylqohs003f04jih81zn4j0,三國演義,17,,要判
cdg-0233,三國演義,1991,DOS,4,cmsylwgrf005604jiajhhyt73,The Rising Dynasty,1,,要判
cdg-0283,上帝也抓狂2,1991,DOS,4,cmta8mf1v002004jrel0fk4xu,上帝也抓狂II,1,,
cdg-0532,小鬼當家,1991,DOS,0,,,,,站上沒有
cdg-0581,幻想空間5,1991,DOS,1,cmtbf1vcd001d04l5tsqig4lk,幻想空間5,1,DOS,
cdg-0753,立體西洋棋5,1991,DOS,3,cmt1mj8kc000n04juctqebdgh,SARGON V-World Class Chess,1,,
cdg-0977,吞食天地三國外傳,1991,DOS,3,,,,,站上沒有
cdg-1062,圍棋大戰,1991,DOS,2,cmsylwgp0004m04jiuhjdosfy,The Many Faces of GO,1,,
cdg-1090,威利奇遇記,1991,DOS,1,cmt03mnm5002p04l5j5wmzp2c,威利奇遇記,3,DOS,
cdg-1150,決戰台灣16張麻將,1991,DOS,1,,,,,站上沒有
cdg-1158,決戰泰國拳,1991,DOS,0,,,,,站上沒有
cdg-1363,陸軍棋,1991,DOS,0,cmsyrh7zq002x04lf1vwxsxz5,陸軍棋,2,DOS,
cdg-1465,美女拳,1991,,1,,,,,站上沒有
cdg-1513,風火跳棋2,1991,DOS,5,,,,,站上沒有
cdg-1542,飛狼突擊隊,1991,DOS,2,cmt8znytt001g04jy3vvbnfzy,飛狼突擊隊,4,DOS,
cdg-1586,伊忍道,1991,DOS,0,cmtpkfrbi02c404jvsweyh4xz,伊忍道,2,DOS,
cdg-1617,俠客英雄傳,1991,DOS,1,cmta8xkw7002104l61ne3ppft,俠客英雄傳,4,DOS,
cdg-1668,傲空神鷹,1991,DOS,3,cmta8mez8001f04jrk8vlc9hz,傲空神鷹,4,DOS,
cdg-1838,神州八劍,1991,DOS,2,cmsylqo73001004jip3ilyfux,神州八劍,8,,要判
cdg-1838,神州八劍,1991,DOS,2,cmsylqo7a001104ji6uj6ncxo,The Other Side of the Predella,1,,要判
cdg-1874,福祿雙霸天,1991,DOS,0,cmtb4t96b000r04l7f7vxplch,福祿雙霸天,2,DOS,
cdg-1938,異域之門,1991,DOS,3,cmt1hzs81002c04ldgwpxkmc8,異域之門,9,,要判
cdg-1938,異域之門,1991,DOS,3,cmsyrh865004904lfdknkbdek,Gateway to the Savage Frontier,1,,要判
cdg-1958,築城大師,1991,DOS,3,cmsyrzhie001904jxkbruumf1,築城大師,3,DOS,
cdg-2072,終極戰士2,1991,DOS,2,,,,,站上沒有
cdg-2186,超級俄羅斯方塊,1991,DOS,4,,,,,站上沒有
cdg-2201,超級星式九號,1991,DOS,0,cmt1hzs3s001904ldfttyu9b2,Nova 9,1,,要判
cdg-2201,超級星式九號,1991,DOS,0,cmt1hzs3n001804ldofd4dj8m,超級星式9號,3,,要判
cdg-2268,黑暗之池,1991,DOS,5,cmt1mj8ky000r04jup8i0jifh,黑暗之池,7,DOS,
cdg-2278,黑武士,1991,DOS,2,cmt03mngx001r04l5x1896mg9,黑武士,3,DOS,
cdg-2290,教父,1991,DOS,1,,,,,站上沒有
cdg-2303,文明帝國,1991,DOS,3,cmtplp0gz0d4t04jvfqhutxef,文明帝國,1,,要判
cdg-2303,文明帝國,1991,DOS,3,cmtd0z9tk001c04l6cttw3bx1,文明,2,,要判
cdg-2303,文明帝國,1991,DOS,3,cmt9n2oc3001e04jmjj2zffuq,文明霸業,5,,要判
cdg-2333,新幻想空間,1991,DOS,0,cmtpnrstr05ex04l60y8r9tht,新幻想空間,1,DOS,
cdg-2393,明星職棒,1991,DOS,3,cmta1agid006i04jwaf65gsko,明星職棒,2,DOS,
cdg-2476,最後武力,1991,DOS,1,cmta8xkxa002d04l6gbpqyj37,最後武力,2,DOS,
cdg-2501,破壞神傳說,1991,DOS,1,cmswpwltw005104l6d63pxd9t,破壞神傳說,4,DOS,
cdg-2669,雷射坦克,1991,DOS,1,cmtd0z9sg001404l6ltdywhbd,雷射坦克,1,DOS,
cdg-2699,電腦魔域,1991,DOS,1,cmtbf1v1z000o04l5veh7dlvd,電腦魔域,1,DOS,
cdg-2775,瘋狂主宰,1991,DOS,1,cmtpk4x7r00z904jvfqp1cse0,瘋狂主宰,1,,要判
cdg-2775,瘋狂主宰,1991,DOS,1,cmtpjz2nq002q04jvh5w7ojh3,Mega Lo Mania,2,,要判
cdg-2895,銀河帝國傳,1991,DOS,4,cmsyq9fid003504jn9k2gb2w9,銀河帝國傳,5,DOS,
cdg-2912,銀河飛將2：帝國逆襲,1991,DOS,3,,,,,站上沒有
cdg-2976,創世紀外傳2：火星之旅,1991,DOS,1,cmsyrh7lm000504lfrl5e7yre,火星之旅,7,,
cdg-3025,彈子檯,1991,DOS,1,,,,,站上沒有
cdg-3037,拱豬（1991）,1991,DOS,0,cmta8xkzd003104l6c8qd9tha,拱豬,1,,
cdg-3044,挑戰極速,1991,DOS,1,cmta8xkyt002v04l62ep5rko9,挑戰極速,1,,要判
cdg-3044,挑戰極速,1991,DOS,1,cmsyqnpif001q04i5n9yy6hq7,Mario Andretti's Racing Challenge,1,,要判
cdg-3048,捍衛雄鷹3.0,1991,DOS,2,cmt1mvabr005n04ju49e3afcr,捍衛雄鷹3.0,8,,要判
cdg-3048,捍衛雄鷹3.0,1991,DOS,2,cmsysz3aa006v04jojdyrfltb,FALCON 3.0,5,,要判
cdg-3196,模擬螞蟻,1991,DOS,1,cmtb4t94h000e04l75k78p6ve,模擬螞蟻,2,DOS,
cdg-3339,諸神的黃昏,1991,DOS,2,cmta8ukwy000y04l6yw7xbny2,諸神的黃昏,1,DOS,
cdg-3534,猴島小英雄2：里察克的復仇,1991,DOS,6,cmt8znypp000s04jyxsjmjx0x,猴島小英雄 2,4,,
cdg-3727,魔法門3：幻島歷險記,1991,DOS,6,,,,,站上沒有
cdg-3763,魔眼殺機：深水城的陰謀,1991,DOS,4,cmsyqnpgf001704i5m4b655wu,Eye of the Beholder,2,,要判
cdg-3763,魔眼殺機：深水城的陰謀,1991,DOS,4,cmsyqgomy00ac04jnh4utvi37,魔眼殺機,10,,要判
cdg-3764,魔眼殺機2：隱月傳奇,1991,DOS,0,,,,,站上沒有
cdg-3850,蕩魔平妖誌,1991,DOS,0,cmta92g37007r04l6dk743x8l,蕩魔平妖誌,1,DOS,
cdg-3885,歐陸戰線,1991,DOS,0,cmtpkerd1023s04jvgh3xpyhf,歐陸戰線,1,DOS,
cdg-3916,囂張拳王,1991,DOS,1,cmt1hzs0x000l04ldq22771n8,囂張拳王,4,,要判
cdg-3916,囂張拳王,1991,DOS,1,cmsysv1mj000t04jovztewjnn,4D Boxing,3,,要判
cdg-3954,D計劃,1991,DOS,2,cmt03mn7k000504l5yrnbyraz,D計劃,3,,
cdg-3955,送報童2,1991,DOS,2,,,,,站上沒有
cdg-3969,宇宙傳奇4：時空穿越者,1991,DOS,2,,,,,站上沒有
cdg-3971,艾薇拉2：恐怖劇場,1991,DOS,2,cmta1ag29003t04jwzdikc78v,艾薇拉2,1,,
cdg-3974,童話天地,1991,DOS,0,cmt1hzs48001e04ldtgyamdqt,童話天地,4,DOS,
cdg-3975,俠盜羅賓漢,1991,DOS,3,cmt1hzs30001204ldn9rgo25t,俠盜羅賓漢,8,DOS,
cdg-3979,方塊ABC,1991,DOS,3,cmtb7sera001704laehsdcqw5,方塊ABC,1,DOS,
cdg-4010,納粹飛行祕史,1991,DOS,4,cmt9n4wln005s04jmxcmhpxfb,納粹飛行秘史資料片,1,,
cdg-4012,無敵飛狼2000,1991,DOS,0,cmt1hzrx7000204ldap58bser,無敵飛狼2000,6,,要判
cdg-4012,無敵飛狼2000,1991,DOS,0,cmsysv1ny001504jowv04oeit,GUNSHIP 2000,3,,要判
cdg-4013,夜鷹隱形戰鬥機,1991,DOS,0,cmt03mnab000h04l53nc4mko3,F-117A夜鷹隱形戰鬥機,2,,
cdg-4024,狂島浴血,1991,DOS,0,cmt9rt6ig001604jstkmtnnbu,狂島浴血,5,,要判
cdg-4024,狂島浴血,1991,DOS,0,cmta069vv000a04jrica6u0n9,Battle Isle,1,,要判
cdg-4113,魔法皇冠,1991,DOS,0,cmtpkdgqu01t704jvckcnyji9,魔法皇冠,1,DOS,
cdg-4154,中國之心,1991,,3,cmsyqgome00a804jnev5wsk1v,中國之心,8,,
cdg-4167,PC原人,1991,DOS,0,,,,,站上沒有
cdg-4186,百戰小旅鼠,1991,DOS,5,,,,,站上沒有
cdg-4204,完美將軍,1991,DOS,1,cmtb7sepd000t04laoz3z0ray,完美將軍,2,DOS,
cdg-4205,無敵艦隊2525,1991,DOS,1,cmta92g4e008004l6nf6nf2x4,無敵艦隊2525,1,DOS,
cdg-4230,幽靈騎士,1991,DOS,2,cmsyq9flj003p04jndaxi6e2e,幽靈騎士,9,DOS,
cdg-4445,雪山競技,1991,DOS,3,cmtb7seqt001404laqw7bzqc3,雪山競技,1,DOS,
cdg-4562,新宇宙傳奇,1991,DOS,0,,,,,站上沒有
cdg-4582,賭城大觀,1991,DOS,0,cmsyq9fme003x04jnaxzq8z2z,賭城大觀,1,DOS,
cdg-4586,快快樂樂學打字,1991,DOS,0,cmsyqnpdz000r04i5m0dnj9lh,DVORAK ON TYPING,1,,
cdg-4590,印度王,1991,DOS,2,cmta92g3m007u04l6q95qtev1,印度王,1,DOS,
cdg-4591,火星大懸案,1991,DOS,2,cmt1mj8tx002l04jue29v96lq,火星大懸案,4,DOS,
cdg-4592,警察故事3：陰謀,1991,DOS,0,cmt03mn8u000a04l535m4ump8,警察故事3－陰謀,1,,要判
cdg-4592,警察故事3：陰謀,1991,DOS,0,cmt03mn92000b04l5ldija64r,Police Quest 3: The Kindred,1,,要判
cdg-4593,職業網球大賽2,1991,DOS,0,cmt1hzs1q000q04ldau392kcn,職業網球大賽2,2,,要判
cdg-4593,職業網球大賽2,1991,DOS,0,cmt1hzs1x000r04ldvshqw7qm,Pro Tennis Tour 2,1,,要判
cdg-4594,歡樂滿點,1991,DOS,0,cmt1hzrzx000f04ldpeo7p7pr,歡樂滿點,2,DOS,
cdg-4595,天生好手2,1991,DOS,0,cmtdmiiix000g04l4rg0howd7,天生好手2,1,,要判
cdg-4595,天生好手2,1991,DOS,0,cmt1hzs2j000x04ldz3t0kux7,Earl Weaver Baseball II,1,,要判
cdg-4595,天生好手2,1991,DOS,0,cmt1hzs2d000w04ldil167ckp,天生好手II,1,,要判
cdg-4596,空中英雄：長空會戰,1991,DOS,2,cmt1hzs4u001k04ld4qcxnlzf,空中英雄－長空會戰,1,,要判
cdg-4596,空中英雄：長空會戰,1991,DOS,2,cmt1mj8it000d04ju87j981c1,空中英雄長空會戰,2,,要判
cdg-4596,空中英雄：長空會戰,1991,DOS,2,cmt03mnej001a04l5reu6of9r,Chuck Yeager's Air Combat,2,,要判
cdg-4598,小人物狂想曲2,1991,DOS,0,cmtdmiih0000404l4bno7jj50,小人物狂想曲2,1,,要判
cdg-4598,小人物狂想曲2,1991,DOS,0,cmt8znyko000904jymh5f1dnd,小人物狂想曲 II,3,,要判
cdg-4597,幻影法師,1991,DOS,2,cmt1mvace005v04juavvz6utr,幻影法師,6,DOS,
cdg-4599,天才智多星,1991,DOS,0,cmt1hzs5b001p04ld59baxwgf,天才智多星,5,,要判
cdg-4599,天才智多星,1991,DOS,0,cmt1hzs5g001q04ldfxy8np7x,Castle of Dr. Brain,1,,要判
cdg-4600,攻佔比佛利山莊,1991,DOS,0,cmt8znynv000j04jyp9fknbuv,攻佔比佛利山莊,2,DOS,
cdg-4601,拯救鯨魚王,1991,DOS,0,cmt8znyp7000p04jycwc2f8j6,拯救鯨魚王,3,DOS,
cdg-4603,天際寒星：義無反顧,1991,DOS,3,cmt9n4wjz005e04jmtschbw37,天際寒星——義無反顧,1,,要判
cdg-4603,天際寒星：義無反顧,1991,DOS,3,cmt8znyzk002m04jy9af94sym,PLANET'S EDGE,2,,要判
cdg-4609,戰爭風雲錄：中東戰爭,1991,DOS,4,cmt9rt6je001c04js2srk60mo,戰爭風雲錄：中東戰爭,3,,要判
cdg-4609,戰爭風雲錄：中東戰爭,1991,DOS,4,cmta06a6d001v04jrvben362i,Conflict: Middle East,1,,要判
cdg-4611,357戰鬥大隊,1991,DOS,0,cmta06a36001e04jrmjob55m6,357戰鬥大隊,2,,
cdg-4625,烏托邦,1991,DOS,1,cmta7yv53002b04kz2j6t5tuc,烏托邦,4,,要判
cdg-4625,烏托邦,1991,DOS,1,cmtpk43gk00qk04jvr7jugb4n,UTOPIA,1,,要判
cdg-4645,勝利大決戰：猶他海岸攻防戰,1991,DOS,1,,,,,站上沒有
cdg-4736,跳跳飛球,1991,DOS,2,cmsx2w9ag005e04ld4tuk991h,跳跳飛球,1,,要判
cdg-4736,跳跳飛球,1991,DOS,2,cmsx2w9am005f04lden9mt7k4,Pop Up,1,,要判
cdg-4741,意亂情迷,1991,DOS,2,cmsxqa2y0000104l4j0i0bhvy,意亂情迷,1,DOS,
cdg-4754,銀河飛將：秘密任務2,1991,DOS,2,,,,,站上沒有
cdg-4756,俄式遊戲集錦,1991,DOS,2,cmsyq9fiw003a04jnit11t270,俄式遊戲集錦,1,DOS,
cdg-4760,F-15鷹式戰鬥機2資料片：沙漠風暴,1991,DOS,3,,,,,站上沒有
cdg-4761,名車大賽3資料片,1991,DOS,3,cmsylwgsv005i04ji7jqvp0qn,Test Drive III: Road & Car,1,,
cdg-4765,銀河飛將2：特別任務1,1991,DOS,2,,,,,站上沒有
cdg-4770,天下第一刀,1991,DOS,0,cmta7yv04001904kz53adhn9y,天下第一刀,1,,要判
cdg-4770,天下第一刀,1991,DOS,0,cmta7yv0b001a04kzzs4ct074,The First Samurai,1,,要判
cdg-4905,閣樓美女拼圖,1991,DOS,3,,,,,站上沒有
cdg-4911,約翰尋腦記,1991,DOS,0,,,,,站上沒有
cdg-4913,小精靈2（Gremlins 2）,1991,DOS,0,,,,,站上沒有
cdg-4916,3-3籃球大對決,1991,DOS,0,,,,,站上沒有
cdg-4921,小魔星,1991,DOS,0,,,,,站上沒有
cdg-4924,鐵甲異變,1991,DOS,4,cmta92g2j007m04l6ra5toum5,鐵甲異變,2,DOS,
cdg-4933,魔鬼終結者,1991,DOS,3,cmta8xl08003c04l69d2v5553,魔鬼終結者,1,DOS,
cdg-4934,中世紀戰士,1991,DOS,0,,,,,站上沒有
cdg-4935,德意志邏輯,1991,DOS,0,,,,,站上沒有
cdg-4946,永恆之燭2,1991,DOS,1,,,,,站上沒有
cdg-4986,銀河飛鷹PLUS,1991,DOS,1,,,,,站上沒有
cdg-5229,百戰小旅鼠2,1991,DOS,3,cmtd0z9rr000z04l6cmf3o4yr,百戰小旅鼠2,1,DOS,
cdg-5230,忍者原人,1991,DOS,5,cmta8ukxe001004l6xahx2yey,忍者原人,1,DOS,
cdg-5309,羅賓漢,1991,DOS,1,cmtd0z9rb000w04l653lsa2u2,羅賓漢,1,DOS,
cdg-5315,完美將軍：二次大戰篇,1991,DOS,0,,,,,站上沒有
cdg-5333,北歐戰國誌,1991,DOS,0,,,,,站上沒有
cdg-5335,兔寶寶闖通關,1991,DOS,0,cmtd0z9u0001f04l68crg0rp1,兔寶寶闖通關,1,DOS,
cdg-5336,神探：迪克崔西,1991,DOS,0,,,,,站上沒有
cdg-5337,火箭人,1991,DOS,0,cmt9n2oi3002r04jmnwgbzunu,火箭人,2,DOS,
cdg-5339,布萊恩傳奇：海盜小子,1991,DOS,0,,,,,站上沒有
cdg-0039,鐵路A計畫,1992,DOS,12,cmta7yv5j002e04kz5ascbuco,鐵路 A 計劃,5,,
cdg-0045,B17飛行堡壘：英烈的歲月,1992,DOS,1,cmtpn1wgz00c904l6zi7mbbu3,B-17飛行堡壘,1,,
cdg-0196,南宋英烈傳,1992,DOS,0,,,,,站上沒有
cdg-0212,三國志3,1992,DOS,1,cmtpkcbg401is04jvmeipzt0j,三國志III,2,,
cdg-0324,乒乓彈珠檯,1992,DOS,0,cmtpkdzdu01w704jvz9ascx7z,乒乓彈珠檯,1,DOS,
cdg-0389,大戰略,1992,DOS,0,cmsumhmva001q04jofc6h5rj3,大戰略,5,,
cdg-0401,大滿貫橋牌2,1992,DOS,3,,,,,站上沒有
cdg-0431,天下統一,1992,DOS,5,cmtpl3m7q07se04jvnou6wh4g,天下統一,2,DOS,
cdg-0491,太平洋空戰英雄,1992,DOS,3,cmt9rt6f3000m04jsn35mpmks,太平洋空戰英雄,5,,要判
cdg-0491,太平洋空戰英雄,1992,DOS,3,cmta069tq000204jr2m4cz0tv,Aces of the Pacific,1,,要判
cdg-0533,小鬼當家2：紐約迷途,1992,DOS,0,,,,,站上沒有
cdg-0696,危城爭霸,1992,DOS,3,,,,,站上沒有
cdg-0704,外星大富翁,1992,DOS,4,,,,,站上沒有
cdg-0756,地下創世紀：冥河深淵,1992,DOS,4,cmt9n2o6g000d04jmxazbbt2z,地下創世紀：冥河深淵,3,,要判
cdg-0756,地下創世紀：冥河深淵,1992,DOS,4,cmtpk4j7f00w404jvc9f2ppdh,地下創世紀,1,,要判
cdg-0758,地下城主,1992,DOS,3,cmtdmiioj001504l4tnrmf8n2,DUNGEON MASTER,1,,
cdg-0858,航空大亨（Air Bucks）,1992,DOS,2,cmtplth1y0e1w04jvnzuu8s8a,航空大亨,1,,
cdg-0891,西洋封神榜,1992,DOS,5,cmtd0z9nw000c04l6q362yufz,西洋封神榜,1,DOS,
cdg-0931,台北夢幻幾何,1992,,3,,,,,站上沒有
cdg-0933,台海防衛戰,1992,DOS,4,cmt9n2oiy002v04jm282sw2sj,台海防衛戰,2,DOS,
cdg-0954,名流高爾夫386,1992,DOS,2,cmta1ag4y004a04jw8unm9jbv,名流高爾夫386,1,DOS,
cdg-1029,四川省2,1992,DOS,5,cmta16kxm001404jwi1rx3ig8,四川省2,0,,要判
cdg-1029,四川省2,1992,DOS,5,cmt1mvac4005r04juq6h9szpg,四川省II,4,,要判
cdg-1037,四玲瓏,1992,DOS,1,,,,,站上沒有
cdg-1048,國王密使6：希望之旅,1992,DOS,4,,,,,站上沒有
cdg-1078,如來金剛拳傳奇,1992,DOS,3,cmt1mj8hi000604jun9a6oxqo,如來金剛拳傳奇,4,DOS,
cdg-1105,巫術7：失落的迦地亞,1992,DOS,4,,,,,站上沒有
cdg-1117,帝國的光榮,1992,DOS,17,cmt1mvalg008b04jusyvoszx0,帝國的光榮,1,,要判
cdg-1117,帝國的光榮,1992,DOS,17,cmtdmiijn000j04l4maa9tm14,帝國之光榮,1,,要判
cdg-1174,沙丘魔堡,1992,DOS,0,cmt9rt6rv002t04js7unyjw5j,沙丘魔堡,1,DOS,
cdg-1175,沙丘魔堡2：王朝的建立,1992,DOS,1,,,,,站上沒有
cdg-1179,沙場風雲,1992,DOS,4,cmtpk5wa4016x04jvgczu2f4c,沙場風雲,1,DOS,
cdg-1275,激鬥戰士,1992,DOS,1,cmta1ag94005504jwx89yoobe,激鬥戰士,1,DOS,
cdg-1292,亞特蘭提斯之謎,1992,DOS,2,cmt9rt6oj002804jsqxw28o0a,亞特蘭提斯之謎,5,DOS,
cdg-1296,奇妙大百科,1992,DOS,4,cmta8ukwe000w04l6ae1whjkb,奇妙大百科,1,DOS,
cdg-1295,奇人黑桃2,1992,DOS,0,cmt9n4wsc007g04jmo7a56mub,奇人黑桃2,1,DOS,
cdg-1337,阿卡尼亞傳說,1992,DOS,0,,,,,站上沒有
cdg-1367,隋唐群雄傳,1992,DOS,1,cmt9rt6rc002q04jsvuf6g3dt,隋唐群雄傳,1,DOS,
cdg-1381,勇士傳奇,1992,DOS,7,cmta8mevy000s04jr4lp79x4z,勇士傳奇,4,,要判
cdg-1381,勇士傳奇,1992,DOS,7,cmtpjz2pp003704jv2udqq48p,Legends of Valour,1,,要判
cdg-1468,美女梭哈,1992,DOS,2,,,,,站上沒有
cdg-1477,美少女夢工場,1992,DOS,5,cmtpkd3t301ny04jvg13vwhml,美少女夢工場,1,,要判
cdg-1477,美少女夢工場,1992,DOS,5,cmta16l12001v04jwfc8th1lk,美少女夢工廠,1,,要判
cdg-1512,風林火山,1992,DOS,0,,,,,站上沒有
cdg-1557,人車一體,1992,DOS,5,,,,,站上沒有
cdg-1560,人類也瘋狂,1992,DOS,0,cmtpkznc006p804jvj7c7eszz,人類也瘋狂,1,DOS,
cdg-1628,俠影記,1992,DOS,7,cmt1mvajb008004juolt6ly5l,俠影記,7,DOS,
cdg-1701,夏日物語,1992,DOS,4,cmta16l1g001y04jw5v2brzki,夏日物語,1,DOS,
cdg-1863,禁忌遊戲,1992,DOS,0,,,,,站上沒有
cdg-1869,福爾摩莎：本國地理篇,1992,DOS,0,,,,,站上沒有
cdg-1959,築城大師2：王位爭奪戰,1992,DOS,2,cmtpk1s5h00hy04jvlj2v5lme,CastleS II: Siege & Conquest,1,,
cdg-2036,德軍總部（Wolfenstein 3D）,1992,DOS,0,cmtpk5e1r013404jvro0fzpkt,德軍總部,1,,
cdg-2044,紅色帝國警示錄：克里姆林宮的危機,1992,DOS,0,,,,,站上沒有
cdg-2107,經典俄羅斯方塊,1992,DOS,1,,,,,站上沒有
cdg-2126,縱橫七海,1992,DOS,0,,,,,站上沒有
cdg-2147,象棋大師3：將族,1992,DOS,4,,,,,站上沒有
cdg-2161,超人戰記,1992,DOS,1,,,,,站上沒有
cdg-2177,超時空麻將：魔石神姬傳,1992,,1,,,,,站上沒有
cdg-2204,超級大戰略,1992,DOS/V,6,,,,,站上沒有
cdg-2206,超級學園麻雀,1992,DOS,1,,,,,站上沒有
cdg-2269,黑暗之蠱,1992,DOS,6,cmtpksrer04wd04jvw6mkr5al,黑暗之蠱,1,DOS,
cdg-2350,新美女拳,1992,DOS,1,,,,,站上沒有
cdg-2417,星際爭霸戰：25週年紀念,1992,DOS,1,cmt9n4wh7004r04jm8gld4ln8,Star Trek-25th Anniversary,1,,要判
cdg-2417,星際爭霸戰：25週年紀念,1992,DOS,1,cmtdmiika000m04l4tyan17tq,星艦迷航記,1,,要判
cdg-2440,春秋爭霸傳,1992,DOS,0,cmt8znyya002d04jy0wsqxyon,春秋爭霸傳,2,DOS,
cdg-2516,聖域傳說,1992,DOS,7,cmsysv1og001904jogbyp64x1,聖域傳說,8,,
cdg-2592,邪神傳說,1992,DOS,2,cmtpk138c00f904jveqrkayl8,邪神傳說,1,DOS,
cdg-2736,夢幻彈珠檯,1992,DOS,1,,,,,站上沒有
cdg-2901,銀河艦隊,1992,DOS,1,cmtpkgv7g02i304jv19bzv3gv,銀河艦隊,2,,
cdg-2933,凱蘭迪亞傳奇,1992,DOS,0,cmtpk4xid00zv04jvws4l5it9,凱蘭迪亞傳奇,1,DOS,
cdg-2969,創世紀7：黑月之門,1992,DOS,6,cmt9rt67i000104jszp8mwoue,創世紀7：黑月之門,2,,要判
cdg-2969,創世紀7：黑月之門,1992,DOS,6,cmt9n4wfe004e04jm0ub74vge,創世紀VII——黑月之門,1,,要判
cdg-2969,創世紀7：黑月之門,1992,DOS,6,cmt9n4wfm004f04jmh4wdi9le,Ultima VII-The Black Gate,1,,要判
cdg-3095,格鬥風雲,1992,DOS,4,,,,,站上沒有
cdg-3107,楚漢之爭2：赤龍反撲,1992,DOS,7,cmt9n7myw009w04jm14hy9zco,楚漢之爭2—赤龍反撲,2,,要判
cdg-3107,楚漢之爭2：赤龍反撲,1992,DOS,7,cmt9n4wl7005o04jm805h4fgq,楚漢之爭2,2,,要判
cdg-3174,模擬台北,1992,DOS,2,cmt9n7ncw00de04jmj53s8fxn,模擬台北,1,DOS,
cdg-3322,燃燒的野球3,1992,DOS,5,,,,,站上沒有
cdg-3329,爆笑出擊,1992,DOS,1,,,,,站上沒有
cdg-3371,戰國策,1992,DOS,0,cmta16l2l002604jwp8f080z6,戰國策,1,DOS,
cdg-3466,蒼狼與白鹿3：元朝秘史,1992,DOS,0,,,,,站上沒有
cdg-3524,狂飆遊龍,1992,DOS,4,cmt9rt6gl000v04js1dnkl8me,狂飆遊龍,3,DOS,
cdg-3575,羅宋杜鵑窩,1992,DOS,1,,,,,站上沒有
cdg-3574,羅宋學園,1992,DOS,1,,,,,站上沒有
cdg-3642,高速小霸王,1992,DOS,3,cmtpkb3u301et04jvtt6jd95l,高速小霸王,1,DOS,
cdg-3650,鬼屋魔影,1992,DOS,2,cmta82gdx005q04kztasgjyu3,鬼屋魔影,5,,要判
cdg-3650,鬼屋魔影,1992,DOS,2,cmta82ge4005r04kzj5x19p1v,Alone in the Dark,1,,要判
cdg-3702,魔戒少年2：雙塔記,1992,DOS,0,,,,,站上沒有
cdg-3705,魔水晶,1992,DOS,4,cmt9rt6bv000b04js4yp098dw,魔水晶,4,,
cdg-3757,魔界召喚,1992,DOS,3,cmtpk4j7o00w704jv159rukah,魔界召喚,1,,要判
cdg-3757,魔界召喚,1992,DOS,3,cmta82gcf005804kzldj63j41,The Summoning,2,,要判
cdg-3761,魔異入侵,1992,DOS,0,,,,,站上沒有
cdg-3769,魔神戰記,1992,DOS,0,cmtpk1sba00jp04jvacajqpqj,魔神戰記,1,DOS,
cdg-3773,魔胎,1992,DOS,4,cmta1agav005g04jw4l9n8rba,魔胎,4,,要判
cdg-3773,魔胎,1992,DOS,4,cmta16ktk000n04jwuy4gapjp,The Dark Half,1,,要判
cdg-3794,歡樂城市,1992,DOS,1,,,,,站上沒有
cdg-3849,大時代的故事,1992,DOS,7,,,,,站上沒有
cdg-3872,蠟像館之謎,1992,DOS,1,cmtpjz2l0002104jvayspypwq,蠟像館之謎,3,,要判
cdg-3872,蠟像館之謎,1992,DOS,1,cmtpjz2ld002404jv4u7owc2g,Waxworks,1,,要判
cdg-3895,上古神兵,1992,DOS,6,,,,,站上沒有
cdg-3896,射波,1992,DOS,5,,,,,站上沒有
cdg-3922,幸福人生,1992,DOS,0,,,,,站上沒有
cdg-3938,撞球補習班,1992,DOS,0,cmta1ag64004i04jwacmwlccy,撞球補習班,2,DOS,
cdg-3942,魔法門外傳：星雲之謎,1992,DOS,6,,,,,站上沒有
cdg-3959,瑪麗姊妹,1992,DOS,2,cmta7yv0s001e04kz8r7v54jv,瑪麗姊妹,1,,要判
cdg-3959,瑪麗姊妹,1992,DOS,2,cmta1ag3k004104jw7ka8qlxp,瑪麗姐妹,1,,要判
cdg-3959,瑪麗姊妹,1992,DOS,2,cmta7yv10001f04kzggi0mc1h,Sister Mary,1,,要判
cdg-3978,橋藝大師,1992,DOS,4,cmt9n2of6002804jmjj9kir5c,橋藝大師,2,DOS,
cdg-3997,克萊恩黑暗之后,1992,DOS,3,cmt9rt6g5000s04jsgtnowz4u,克萊恩黑暗之后,4,,要判
cdg-3997,克萊恩黑暗之后,1992,DOS,3,cmta06a2n001a04jrcltpba25,The Dark Queen Of Krynn,1,,要判
cdg-4014,夏季運動會,1992,DOS,1,cmta7yuw9000q04kznbnu3r1y,夏季運動會,3,DOS,
cdg-4022,戰爭風雲錄：韓戰,1992,DOS,0,cmt9rt6iy001904js1sbpysf6,戰爭風雲錄：韓戰,2,,要判
cdg-4022,戰爭風雲錄：韓戰,1992,DOS,0,cmta069xr000j04jrg9xi4k2q,Conflict: Korea,1,,要判
cdg-4029,MH28雷火戰機,1992,DOS,2,cmta7yv1f001j04kz5zan1wxd,MH 28 雷火戰機,1,DOS,
cdg-4060,福爾摩斯探案,1992,DOS,4,cmta8meuf000m04jrhiuhxjw5,福爾摩斯探案,3,DOS,
cdg-4117,天命之戰,1992,DOS,6,cmtpk4xhm00zu04jvtindeil7,天命之戰,1,DOS,
cdg-4183,英雄傳奇3：戰火焚生錄,1992,DOS,2,cmtpk1s8q00iw04jvi49k9nas,Quest for Glory III: WAGES OF WAR,1,,要判
cdg-4183,英雄傳奇3：戰火焚生錄,1992,DOS,2,cmta1ag4b004604jwuo0kzbby,英雄傳奇3,0,,要判
cdg-4197,世紀金冠軍,1992,DOS,0,cmstskpp9000f04l5upvxxuj3,世紀金冠軍,1,DOS,
cdg-4227,大海戰：北大西洋篇,1992,DOS,4,cmta16krb000c04jwvui0m6jp,Great Naval Battles,0,,
cdg-4228,瑪催斯計劃,1992,DOS,3,,,,,站上沒有
cdg-4250,決戰撲克,1992,DOS,4,,,,,站上沒有
cdg-4254,特技島,1992,DOS,0,cmtpk3rmx00ob04jv3x05qoe8,特技島,1,DOS,
cdg-4255,異域寶藏,1992,DOS,3,cmta06af7003h04jrv0axn03x,異域寶藏,1,,要判
cdg-4255,異域寶藏,1992,DOS,3,cmta069wn000e04jr6xkw53ik,Treasures of the Savage Frontier,1,,要判
cdg-4353,全能運動會,1992,DOS,1,,,,,站上沒有
cdg-4387,戰國群英,1992,DOS,4,,,,,站上沒有
cdg-4602,意外的訪客,1992,DOS,1,cmt9n2o92000r04jmilciowin,意外的訪客,5,DOS,
cdg-4605,暗黑傳說,1992,DOS,0,cmt9rt6ej000j04jsmqtrsa2i,暗黑傳說,4,DOS,
cdg-4606,美國鼠譚,1992,DOS,0,cmta069z1000p04jr3w0hcjuo,美國鼠譚,1,,要判
cdg-4606,美國鼠譚,1992,DOS,0,cmta069zb000q04jrq751s2fv,An American Tail,1,,要判
cdg-4607,新英雄傳奇,1992,DOS,0,cmt9rt6ag000804jsvla4fnxw,新英雄傳奇I,2,,
cdg-4610,香港麻將,1992,DOS,2,cmt9rt6fk000p04jszebwxh40,香港麻將,1,,要判
cdg-4610,香港麻將,1992,DOS,2,cmta06a05000v04jrphaziq9w,Hong Kong Mahjong Pro,1,,要判
cdg-4612,蘿拉推理系列：匕首疑雲,1992,DOS,3,cmt9rt6sd002w04jskyq6sgvo,蘿拉推理系列：匕首疑雲,3,DOS,
cdg-4614,新警察故事,1992,DOS,0,,,,,站上沒有
cdg-4615,狂島浴血資料片：第一輯,1992,DOS,0,cmta8ukvx000u04l645xl6lpo,狂島浴血資料片,1,,
cdg-4618,傑克大師高爾夫,1992,DOS,0,cmta06a4v001o04jr1wat4448,傑克大師高爾夫,4,DOS,
cdg-4617,西洋棋王,1992,DOS,1,cmta8mexm001404jr77lidtke,西洋棋王,2,DOS,
cdg-4619,激戰M星雲2,1992,DOS,0,,,,,站上沒有
cdg-4620,紅爵士資料片：任務製造器,1992,DOS,0,,,,,站上沒有
cdg-4623,太平洋空戰英雄資料片,1992,DOS,0,cmtpk43ha00qo04jv4k2r4m37,ACES OF THE PACIFIC Expansion Disk WW II:1946,1,,
cdg-4628,魔法船,1992,DOS,3,cmtpjz2on002y04jv94bxt080,魔法船,2,DOS,
cdg-4629,橋牌高手,1992,DOS,0,cmta8mf53002p04jrehcuvod4,橋牌高手,3,,要判
cdg-4629,橋牌高手,1992,DOS,0,cmtpjz2kn001y04jvieh7swop,Bridge Master,1,,要判
cdg-4630,伊甸園守護神,1992,DOS,0,cmtpk4xbt00zp04jvqc0zoom3,伊甸園守護神,1,DOS,
cdg-4633,仗義遊俠2,1992,DOS,0,cmtpk5w6y015v04jvww21z475,仗義遊俠 II,1,,
cdg-4636,光電神兵,1992,DOS,0,cmtpk5w7b015y04jvrncmj9s4,光電神兵,2,DOS,
cdg-4637,勁爆美式足球,1992,DOS,0,cmtpk5w7m016104jv8eb0dh9u,勁爆美式足球,1,DOS,
cdg-4641,第一次世界大戰,1992,DOS,0,cmtpk6hxr01b604jvo1c9yvf3,第一次世界大戰,1,DOS,
cdg-4766,銀河飛將2：特別任務2,1992,DOS,2,,,,,站上沒有
cdg-4767,創世紀7：美德試煉場,1992,DOS,4,cmtpk1s8a00ir04jvz0zw7m9b,Ultima VII: FORGE OF VIRTUE,1,,
cdg-4771,玩具兵棋,1992,DOS,1,cmta7yuvg000l04kzkfbmgks7,玩具兵棋,1,,要判
cdg-4771,玩具兵棋,1992,DOS,1,cmta82gdm005m04kzjrtr77al,Theatre Of War,2,,要判
cdg-5094,孫悟空：大鬧東海,1992,DOS,0,,,,,站上沒有
cdg-5236,歐戰風雲,1992,,0,,,,,站上沒有
cdg-5237,北非決戰,1992,,0,,,,,站上沒有
cdg-5238,魔神鍋,1992,DOS,2,cmta8mf3i002d04jrgmwkxxz0,魔神鍋,1,DOS,
cdg-5239,阿拉伯歷險：狐狸精,1992,DOS,1,,,,,站上沒有
cdg-5240,全球效應,1992,DOS,1,cmta16l1x002104jw482pru7j,全球效應,1,DOS,
cdg-5288,F-15鷹式戰鬥機3,1992,DOS,0,cmtpk5w6e015p04jvefkmcfiu,F-15 鷹式戰鬥機 III,1,,
cdg-5296,1942特遣艦隊,1992,DOS,0,cmtpkg3gq02g104jvcam7gpey,1942特遣艦隊,1,DOS,
cdg-5299,魔法王國,1992,DOS,3,cmtpku7bp05ck04jvlhjjlla4,魔法王國,1,DOS,
cdg-5312,魔鬼的女兒,1992,DOS,2,,,,,站上沒有
cdg-5313,羅馬帝國AD92,1992,DOS,1,cmtpk43qo00sw04jv8zdw029a,羅馬帝國AD92,1,,要判
cdg-5313,羅馬帝國AD92,1992,DOS,1,cmtpnr445058504l63vekw3dk,羅馬帝國,1,,要判
cdg-5314,模擬生命,1992,DOS,5,,,,,站上沒有
cdg-5317,ㄆㄚˊㄉㄞˋ一族,1992,DOS,1,,,,,站上沒有
cdg-5316,鐵路A計畫：開天闢地篇,1992,DOS,7,,,,,站上沒有
cdg-5328,海戰雄風,1992,DOS,2,,,,,站上沒有
cdg-5334,雷鷹神兵,1992,DOS,0,cmtdmiild000p04l4dusw87ej,雷鷹神兵,1,DOS,
cdg-0032,97超少女：連線水果盤,1993,DOS,0,,,,,站上沒有
cdg-0120,T2終結者西洋棋,1993,DOS,0,,,,,站上沒有
cdg-0185,十面埋伏：索利諾大陸戰史,1993,DOS,1,,,,,站上沒有
cdg-0202,三界諭：邦沛之謎,1993,DOS,4,,,,,站上沒有
cdg-0226,三國志武將爭霸,1993,DOS,2,cmtpk4j4g00v304jvj8deupkq,三國志 武將爭霸,1,DOS,
cdg-0321,中華職棒,1993,DOS,6,cmtpk43ik00r504jv1xtlztzb,中華職棒,9,DOS,
cdg-0325,亂世伏魔錄,1993,DOS,2,cmta8mf17001v04jr0ybx4scd,亂世伏魔錄,1,DOS,
cdg-0365,大富翁2,1993,DOS,1,,,,,站上沒有
cdg-0398,大明英雄傳：龍騰天下,1993,DOS,4,cmtpk4j5z00vm04jvx1o8plsb,大明英雄傳 龍騰天下,3,,要判
cdg-0398,大明英雄傳：龍騰天下,1993,DOS,4,cmtpk5wap017304jvpk8jbeyy,大明英雄傳,1,,要判
cdg-0419,大航海時代2,1993,DOS,0,cmtpkgvud02mn04jvlihcqing,大航海時代2,1,DOS,
cdg-0445,天使帝國,1993,DOS,1,cmta8mf33002a04jrf6aeg8wt,天使帝國,1,DOS,
cdg-0465,天外劍聖錄,1993,DOS,4,cmtpk4x7e00z604jvhtnnx0lk,天外劍聖錄,4,DOS,
cdg-0582,幻想空間6,1993,DOS,1,cmtpkb3xk01fz04jvzxr91vq5,幻想空間6,4,DOS,
cdg-0589,幻獸都市：魔法大地,1993,DOS,0,,,,,站上沒有
cdg-0594,幻象雷電,1993,DOS,1,cmtpk5dza012f04jv7hcxzppo,幻象雷電,1,DOS,
cdg-0658,世界橋牌,1993,DOS,1,,,,,站上沒有
cdg-0691,印加帝國2,1993,DOS,3,,,,,站上沒有
cdg-0715,失落的封印,1993,DOS,1,cmstskprh000q04l5c3am2jy6,失落的封印,3,DOS,
cdg-0738,武林奇俠傳,1993,DOS,8,cmtpk43r200sx04jvu9foly3t,武林奇俠傳,1,DOS,
cdg-0741,武狀元黃飛鴻,1993,DOS,0,,,,,站上沒有
cdg-0757,地下創世紀2：次元之旅,1993,DOS,2,cmtpkgvws02n604jvlxbdbckg,地下創世紀2 次元之旅,1,DOS,
cdg-0773,坦克大決戰,1993,DOS,0,cmtpk5e5b014504jv5d2yc49b,坦克大決戰,1,DOS,
cdg-0833,百戰迷宮,1993,DOS,5,cmtpkd3ux01oi04jvnreyegtx,百戰迷宮,1,,要判
cdg-0833,百戰迷宮,1993,DOS,5,cmtpkb3y001g304jv8kp1vxlv,DUNGEON HACK,1,,要判
cdg-0897,西遊記外傳,1993,DOS,2,cmtpk6hn7019k04jvvm5ibh0w,西遊記外傳,4,DOS,
cdg-0978,吞食天地2,1993,DOS,5,cmta8meyq001c04jr4vatbe9k,吞食天地2,1,DOS,
cdg-1032,四川省3：天府之國,1993,DOS,0,,,,,站上沒有
cdg-1034,四川麻將,1993,DOS,0,,,,,站上沒有
cdg-1084,妙探闖通關：大腳之謎,1993,DOS,4,,,,,站上沒有
cdg-1104,巫術6：創世神筆之詛咒,1993,DOS,2,,,,,站上沒有
cdg-1136,江湖外傳,1993,DOS,4,cmtpk4xfa00zt04jvpwrnv9j2,江湖外傳,1,DOS,
cdg-1152,決戰大魔域,1993,DOS,1,cmtpkg3fb02fp04jvfg4ibdu4,重返魔域,2,,要判
cdg-1152,決戰大魔域,1993,DOS,1,cmtpk6hpz01a104jvjrsnm47p,RETURN TO ZORK,1,,要判
cdg-1160,決戰皇陵,1993,DOS,3,cmtpk4j4z00v604jvwxkpxdjz,決戰皇陵,1,DOS,
cdg-1192,波斯王子2：影與火,1993,DOS,0,,,,,站上沒有
cdg-1284,亞紀子,1993,DOS,2,cmtpkr6b004m104jvugvozygy,亞紀子,1,DOS,
cdg-1299,奇妙大百科：卡通篇,1993,DOS,0,cmtpkdgpj01ss04jvdddu41fc,動腦急轉彎,2,,
cdg-1306,奇門遁甲之九五真龍,1993,DOS,3,cmtpkb3r001dx04jvk8sglec4,奇門遁甲之九五真龍,2,DOS,
cdg-1310,奧林匹亞橋賽,1993,DOS,0,cmtpk4xe800zs04jvovgira46,奧林匹亞橋賽,1,DOS,
cdg-1361,陸空戰將,1993,DOS,0,cmta91uj4005504l6xb1iluch,陸空戰將,6,,要判
cdg-1361,陸空戰將,1993,DOS,0,cmtpk43ju00rb04jvv69flbbc,Strike Commander,1,,要判
cdg-1365,隋唐演義,1993,DOS,0,,,,,站上沒有
cdg-1393,勇者鬥惡龍3：傳說的終章,1993,DOS,1,,,,,站上沒有
cdg-1469,美女水果盤,1993,,0,,,,,站上沒有
cdg-1470,美女物語：日本風情篇,1993,DOS,1,,,,,站上沒有
cdg-1472,美女綜藝大集合,1993,DOS,2,,,,,站上沒有
cdg-1508,風塵三俠之金箭使者,1993,DOS,7,cmtpk6hyd01bb04jvlcie2o22,風塵三俠之金箭使者,1,DOS,
cdg-1543,飛翔傳說：武者之旅,1993,DOS,1,,,,,站上沒有
cdg-1584,伊卡斯特傳說,1993,DOS,0,cmtplm0ph0cdd04jv33lx8n8x,伊卡斯特傳說,1,DOS,
cdg-1705,封神演義（1993）,1993,DOS,2,cmtpkytpi06f204jviow5mcu8,封神演義,6,,
cdg-1707,射鵰英雄傳,1993,DOS,6,cmtpjz2cr000804jvntkh2r66,射鵰英雄傳,9,DOS,
cdg-1726,快打至尊,1993,DOS,13,cmu84xaft018f04iht93w7a9n,快打至尊,1,DOS,
cdg-1747,性感戰士,1993,,5,cmtpk6hz401bh04jvqrqkqrre,性感戰士,1,,
cdg-1783,惡魔禁地,1993,DOS,2,cmstskppu000i04l5e3e2bxbh,惡魔禁地,6,,要判
cdg-1783,惡魔禁地,1993,DOS,2,cmtpjz2it001i04jvtli0vego,Veil of Darkness,2,,要判
cdg-1824,真紅的殺意,1993,DOS,0,cmtpk43qe00sv04jvepxuio9c,真紅的殺意,1,DOS,
cdg-1876,笑傲江湖,1993,DOS,4,cmsvpbm5o001104jvmclic9g0,笑傲江湖,11,,
cdg-1919,毀滅戰士,1993,DOS,1,cmsvpx58s000o04ldnqzmqbgs,毀滅戰士,5,,
cdg-1939,異域奇兵：諸神的狙殺,1993,DOS,7,,,,,站上沒有
cdg-1960,聊齋誌異之幽谷傳奇,1993,DOS,0,,,,,站上沒有
cdg-2010,麻雀俄羅斯,1993,DOS,2,cmtpjz2g0000v04jv8k40ao78,麻雀俄羅斯,2,DOS,
cdg-2024,微軟模擬飛行5,1993,DOS,0,,,,,站上沒有
cdg-2097,絕地戰士,1993,DOS,0,cmtpkfrc402c704jv8f1i2x07,絕地戰士,3,DOS,
cdg-2108,經典明星撲克,1993,DOS,0,cmtpk4j3900ux04jv626ks5t1,經典明星撲克,1,DOS,
cdg-2207,超級學園麻雀2海外版,1993,DOS,1,,,,,站上沒有
cdg-2366,方塊奧運,1993,DOS,1,cmta1ag3b004004jwcvl1z492,方塊奧運,2,DOS,
cdg-2394,明星職棒2,1993,DOS,1,,,,,站上沒有
cdg-2410,星際大戰：X翼戰機,1993,DOS,0,cmstskpo6000904l54jx7azje,X戰機,2,,
cdg-2437,星際爭霸戰：裁決儀式,1993,DOS,0,,,,,站上沒有
cdg-2448,時空異變,1993,DOS,0,,,,,站上沒有
cdg-2783,瘋狂大飆車,1993,DOS,2,,,,,站上沒有
cdg-2802,瘋狂醫院,1993,DOS,1,cmtpk5dz3012e04jvub4pcpkl,瘋狂醫院,1,DOS,
cdg-2804,瘋狂雙響炮,1993,DOS,2,,,,,站上沒有
cdg-2909,銀河飛將：私掠者,1993,DOS,0,cmtpkdgtg01u204jvep5w15j6,銀河飛將私掠者,1,,
cdg-2917,銀河飛將軍官學校,1993,DOS,0,,,,,站上沒有
cdg-2926,銀色彈珠檯,1993,DOS,2,,,,,站上沒有
cdg-2970,創世紀7第二部：巨蛇之島,1993,DOS,6,cmtpk43g300qi04jv5noai3mc,創世紀VII第二部—巨蛇之島,4,,
cdg-3217,機甲之夢,1993,DOS,0,cmtpk5w5w015m04jvtnxy1t57,機甲之夢,2,DOS,
cdg-3432,英雄傳奇4,1993,DOS,0,cmtpkerck023q04jv17u18pmh,英雄傳奇4,1,DOS,
cdg-3463,萬里長城之邊城奇俠,1993,DOS,1,,,,,站上沒有
cdg-3528,狩魔獵人：原罪,1993,DOS,1,cmtpkg3fn02fq04jv9j7o0ora,狩魔獵人－原罪,2,,要判
cdg-3528,狩魔獵人：原罪,1993,DOS,1,cmtpkdzb101vm04jv7ce1b0ri,狩魔獵人,3,,要判
cdg-3540,獨立戰爭,1993,DOS,1,cmtpkerdq024304jvpbbi01xb,獨立戰爭,2,DOS,
cdg-3644,鬥戰勝佛,1993,DOS,0,,,,,站上沒有
cdg-3651,鬼屋魔影2：地獄廚房,1993,DOS,1,cmtpkd3tk01o304jv8af90tqe,鬼屋魔影2,2,,
cdg-3692,魔影哈雷,1993,DOS,3,cmtpk6hwa01av04jvnp1ngz5s,魔影哈雷,2,DOS,
cdg-3706,魔法世紀,1993,DOS,3,cmtpkb3qn01dt04jv9zzr6emp,魔法世紀,1,DOS,
cdg-3729,魔法門外傳2：黑暗魔君大反撲,1993,DOS,4,,,,,站上沒有
cdg-3765,魔眼殺機3：血戰札諾爾,1993,DOS,5,,,,,站上沒有
cdg-3776,魔道子,1993,DOS,0,cmtpk4xbh00zo04jva6xkzex0,魔道子,1,DOS,
cdg-3881,魔獸大戰略,1993,DOS,3,,,,,站上沒有
cdg-3886,叛變克朗多,1993,DOS,4,cmtpk4x4y00yn04jvosfpw0qz,叛變克朗多,3,DOS,
cdg-3897,聖城劫,1993,,5,,,,,站上沒有
cdg-3905,天蠶變,1993,DOS,0,,,,,站上沒有
cdg-3915,項劉記,1993,DOS、DOS/V,0,cmtpkg3cb02el04jvv7p7s3jx,項劉記,2,DOS,
cdg-3977,維京小子闖通關,1993,DOS,3,cmtpk4xcn00zq04jvxvn4v8oi,維京小子闖通關,1,DOS,
cdg-4061,第十八空降旅,1993,DOS,0,,,,,站上沒有
cdg-4071,超級拉霸篇,1993,DOS,0,,,,,站上沒有
cdg-4080,魔王迷宮,1993,DOS,2,cmsumllag008504jooitcn4cl,魔王迷宮,3,DOS,
cdg-4083,龍穴歷險記3：女巫的詛咒,1993,DOS,1,,,,,站上沒有
cdg-4087,天使角力賽,1993,DOS,0,cmtpk4j4300v104jvgc1vnka1,天使角力賽,1,DOS,
cdg-4114,戰狗,1993,DOS,0,cmtplth7e0e3304jv80yreyj7,戰狗,1,,要判
cdg-4114,戰狗,1993,DOS,0,cmtpk4j4900v204jvy3ulpy6x,危城爭霸 戰狗,1,,要判
cdg-4116,天下無敵,1993,DOS,1,cmtpkk62t032r04jvii4woahs,天下無敵,2,DOS,
cdg-4165,小兵立大功,1993,DOS,1,cmtpkfr8r02bd04jvociek9ow,CANNON FODDER,1,,
cdg-4168,PC原人2,1993,DOS,0,,,,,站上沒有
cdg-4203,光榮戰役,1993,DOS,0,cmtpkhktx02sf04jvtxixywja,光榮戰役,1,DOS,
cdg-4241,極道梟雄,1993,DOS,0,cmtpkdgp201so04jvzw2gsnr3,極道梟雄,5,,要判
cdg-4241,極道梟雄,1993,DOS,0,cmtpk5dv5011d04jvb8e1jumw,SYNDICATE,2,,要判
cdg-4241,極道梟雄,1993,DOS,0,cmtpkfr8k02bc04jvdzr4mpwb,極道梟雄資料片—美洲風暴,1,,要判
cdg-4252,熱血小毛球,1993,DOS,2,,,,,站上沒有
cdg-4258,瘋狂時代,1993,DOS,0,cmtpkcbju01jq04jvoozjn0n9,瘋狂時代,1,DOS,
cdg-4532,火車大戰略,1993,DOS,5,cmtpk5duy011c04jvydsj6a0h,火車大戰略,2,DOS,
cdg-4557,大海盜黃金版,1993,DOS,0,cmtpkb3s601e904jvvfz22lyj,大海盜黃金版,1,DOS,
cdg-4558,鐵路大亨豪華版,1993,DOS,0,cmtpkecfw020404jvkbqkf8xp,鐵路大亨豪華版,1,DOS,
cdg-4563,宇宙傳奇5,1993,DOS,1,cmtpkerby023i04jv7cgfgfrl,宇宙傳奇5,2,DOS,
cdg-4616,雀之塔,1993,DOS,1,cmta8ukti000d04l6eur0553n,雀之塔,1,DOS,
cdg-4621,小辣椒的時空冒險,1993,DOS,3,cmtpjz2q0003a04jv0vafa7ul,小辣椒的時空冒險,2,DOS,
cdg-4622,繞著雨林跑,1993,DOS,0,cmtpk43fh00qf04jvgff1pc3q,繞著雨林跑,3,DOS,
cdg-4626,明星職棒2資料片：奇幻球隊,1993,DOS,0,cmtpk43gw00qm04jvvixfqy4u,Tony LaRussa BASEBALL II EXPANSION DISK — FANTASY DRAFT,1,,
cdg-4631,鈔票強強滾,1993,DOS,1,cmtpk4x5700yo04jvma75t153,鈔票強強滾,3,DOS,
cdg-4632,多情藥師酷牛仔,1993,DOS,1,cmtpk4xds00zr04jv2kacpi6p,多情藥師酷牛仔,2,,要判
cdg-4632,多情藥師酷牛仔,1993,DOS,1,cmtpk43lg00rt04jvz34q07eo,Freddy Pharkas Frontier Pharmacist,1,,要判
cdg-4634,陸空戰將：語音資料片,1993,DOS,3,,,,,站上沒有
cdg-4635,大海戰：美軍艦隊資料片,1993,DOS,0,,,,,站上沒有
cdg-4638,大海戰：戰場編輯資料片,1993,DOS,0,,,,,站上沒有
cdg-4639,白浪忍者,1993,DOS,0,cmtpk6hmu019h04jv6504ju0m,白浪忍者,1,DOS,
cdg-4640,陸空戰將：戰術行動資料片,1993,DOS,0,,,,,站上沒有
cdg-4642,救世聖主,1993,DOS,1,cmtpkcbgu01iy04jvadx3r54g,救世聖主,2,,要判
cdg-4642,救世聖主,1993,DOS,1,cmtpk6hru01a604jvtb6pnwc1,SHADOW CASTER,1,,要判
cdg-4643,巨蛇之島資料片：銀色種子,1993,DOS,3,,,,,站上沒有
cdg-4644,奇妙大百科加強版,1993,DOS,3,,,,,站上沒有
cdg-4646,小魔逛迷宮,1993,DOS,4,cmtpkecfc020204jvvzvdrcdx,小魔逛迷宮,1,DOS,
cdg-4647,鋼鐵勁旅,1993,DOS,1,cmtplblun09to04jvjpgptry9,鋼鐵勁旅,1,DOS,
cdg-4649,警察故事4：暗夜疑兇,1993,DOS,0,,,,,站上沒有
cdg-4648,歐洲空戰英雄,1993,DOS,2,cmtpkcbep01ie04jv4hm5ins0,歐洲空戰英雄,2,DOS,
cdg-4651,夢幻帝國,1993,DOS,0,cmtpkdzbt01vs04jvgstnkdwl,夢幻帝國,1,DOS,
cdg-4652,神通妙巫師,1993,DOS,0,cmtpkfrac02bw04jva6xxaz7e,神通妙巫師,2,DOS,
cdg-4653,浩劫殘陽：破碎大地,1993,DOS,3,,,,,站上沒有
cdg-4654,銀河帝國大決戰豪華版,1993,DOS,2,cmtpkfc0v027v04jvtzkre28d,銀河帝國大決戰豪華版,1,DOS,
cdg-4655,七座金城紀念版,1993,DOS,0,,,,,站上沒有
cdg-4656,捍衛江山,1993,DOS,1,cmtpkg3g902g004jvxswx48pv,捍衛江山,3,DOS,
cdg-4663,尋寶特攻隊,1993,DOS,0,,,,,站上沒有
cdg-4670,無敵龍捲風,1993,DOS,1,cmtpkpmhq045e04jvb6xntigt,無敵龍捲風,1,DOS,
cdg-4836,致命快打,1993,DOS,0,,,,,站上沒有
cdg-4887,賽馬大亨,1993,DOS/V,0,,,,,站上沒有
cdg-4888,神之大地,1993,DOS/V,0,,,,,站上沒有
cdg-5006,永恆之燭3,1993,DOS,0,,,,,站上沒有
cdg-5093,魔法口袋,1993,DOS,1,,,,,站上沒有
cdg-5231,神勇毛毛蟲,1993,DOS,2,cmta8ukx6000z04l6pgivieoz,神勇毛毛蟲,1,DOS,
cdg-5234,原星戰紀：邊境防衛戰,1993,DOS,1,,,,,站上沒有
cdg-5279,2050海底戰爭,1993,DOS,0,,,,,站上沒有
cdg-5285,捍衛雄鷹3.0（任務片）—戰虎行動,1993,DOS,0,,,,,站上沒有
cdg-5290,銀河霸王,1993,DOS,0,cmtpkgvtl02mh04jv7sujth20,銀河霸王,1,DOS,
cdg-5289,NFL美式足球教練俱樂部,1993,DOS,0,,,,,站上沒有
cdg-5291,MIG29（任務片）,1993,DOS,0,,,,,站上沒有
cdg-5292,歌劇魅影,1993,DOS,0,cmtpkecfl020304jvosxzwhuz,歌劇魅影,1,DOS,
cdg-5293,末世紀,1993,DOS,0,,,,,站上沒有
cdg-5294,血網,1993,DOS,0,,,,,站上沒有
cdg-5295,大黃蜂：海軍攻擊戰鬥機,1993,DOS,0,,,,,站上沒有
cdg-5297,印地大賽車,1993,DOS,0,cmtpki0ij02y604jv4yuq9vqf,印地大賽車,1,DOS,
cdg-5311,百戰小旅鼠瘋狂版,1993,DOS,2,,,,,站上沒有
cdg-5318,非自然選擇,1993,DOS,3,,,,,站上沒有
cdg-0165,八女神物語,1994,DOS,1,cmtpkg3df02f404jv0zlne2dq,八女神物語,3,DOS,
cdg-0213,三國志4,1994,DOS/V,1,cmtpkdgo601sc04jvdry7i2k4,三國志IV,4,,
cdg-0224,三國志之牌戰風雲,1994,DOS,6,cmtpker89022804jvkzxjva7o,三國志之牌戰風雲,3,DOS,
cdg-0322,中華職棒2,1994,DOS,5,cmtpker6r021x04jvym8a1he1,中華職棒2,4,DOS,
cdg-0346,五子棋大師,1994,DOS,0,cmtplm0um0cf004jvriwxzki9,五子棋大師,1,DOS,
cdg-0390,大戰略2：世界戰役篇,1994,DOS,0,,,,,站上沒有
cdg-0426,大野風雲,1994,DOS,0,cmtpkd3u101o804jvanfgpyxy,大野風雲,1,DOS,
cdg-0446,天使帝國2,1994,DOS,2,cmtpker6w021y04jv6ugvmgjf,天使帝國2,3,DOS,
cdg-0461,天地無用！魎皇鬼,1994,DOS,1,cmtpkktij03ck04jvqsjse3bv,天地無用,3,,
cdg-0485,太子降魔傳,1994,DOS,1,cmtpkdgrj01tb04jvip4m7lc6,太子降魔傳,1,DOS,
cdg-0553,工人物語,1994,DOS,0,cmtpkfc5j028t04jvskd6163n,工人物語,1,,要判
cdg-0553,工人物語,1994,DOS,0,cmtpkgvvc02mv04jv397awwax,工人物語建國篇,2,,要判
cdg-0600,幽浮：地球防衛武力,1994,DOS,0,cmtpkhks102rw04jvl0xtlkfa,幽浮,2,,
cdg-0682,卡耐雞的人生指南,1994,DOS,1,cmtpkcbci01hu04jvia0pg1pq,卡耐雞的人生指南,3,DOS,
cdg-0688,Wacky Wheels,1994,DOS,1,,,,,站上沒有
cdg-0703,叢林戰爭,1994,DOS,6,cmtpk5w5m015j04jv5gtewa5l,叢林戰爭,4,DOS,
cdg-0724,正宗台灣十六張麻將,1994,DOS,0,cmtpkd3uh01od04jvuchox2ku,正宗台灣十六張麻將,2,DOS,
cdg-0727,正宗四川省麻將,1994,Win3.1、WinXP,3,,,,,站上沒有
cdg-0800,安琪莉可女王之路,1994,Windows,1,cmtpl78a708pv04jv52x4gvs6,安琪莉可 - 女王之路,2,WIN,
cdg-0806,富甲天下：三國篇,1994,DOS,5,cmtpkfbz3027i04jvww2zqzsc,富甲天下,2,,
cdg-0879,裝甲元帥,1994,DOS,3,cmtpkpmtk047v04jviagtxptb,裝甲元帥,1,DOS,
cdg-0893,西遊記,1994,DOS,2,cmtpkhkng02qo04jvr3hq3bpw,西遊記,2,DOS,
cdg-1049,國王密使7：沒有王子的新娘,1994,DOS,3,,,,,站上沒有
cdg-1083,妖魔道,1994,DOS,1,cmtpkb3rt01e504jvm19ybhib,妖魔道,5,DOS,
cdg-1085,妙狐神探,1994,DOS,1,cmtpkfc0g027s04jvuzsyr5g4,妙狐神探,1,DOS,
cdg-1086,妙賊也瘋狂,1994,DOS,1,cmtpkecci01z704jv754o2str,妙賊也瘋狂,3,DOS,
cdg-1110,巴士帝國,1994,DOS,1,cmtpk6hnp019o04jvolc3g8jn,巴士帝國,2,DOS,
cdg-1130,求婚365日,1994,DOS,2,,,,,站上沒有
cdg-1187,泡泡龍,1994,Windows,0,cmtpl1iof070s04jvabj7dt3d,泡泡龍,1,,
cdg-1297,奇妙大百科2,1994,DOS,1,,,,,站上沒有
cdg-1383,勇者傳說,1994,DOS,1,cmtpkb3ug01ex04jv3advhbhs,勇者傳說,4,DOS,
cdg-1452,美國的惡夢,1994,DOS,0,cmtpkfr7p02b804jvrndnt2mt,美國的惡夢,2,DOS,
cdg-1471,美女終結者,1994,DOS,1,cmtpkdze901wa04jvo1l929at,美女終結者,2,DOS,
cdg-1478,美少女夢工場2,1994,DOS,6,cmtpkecer01zt04jv0mioy8sq,美少女夢工場2,1,,要判
cdg-1478,美少女夢工場2,1994,DOS,6,cmtpkb3x401fu04jvl5l565b7,美少女夢工廠2,2,,要判
cdg-1484,美少女戰記,1994,DOS,1,,,,,站上沒有
cdg-1537,飆車小子,1994,DOS,4,cmtpkdgnp01s504jvofrovbx6,飆車小子,3,DOS,
cdg-1544,飛鷹騎士,1994,DOS,1,cmtpkhkp502r404jvnqt6yki2,飛鷹騎士,1,DOS,
cdg-1559,人面蛾,1994,DOS,1,cmtpker7q022404jvi8dhuvv4,人面蛾,2,DOS,
cdg-1620,俠客遊,1994,DOS,1,cmtpkxds8064a04jvv07i0krc,俠客遊,2,,要判
cdg-1620,俠客遊,1994,DOS,1,cmtpki0l002yz04jv5r15adcc,LUNATIC DAWN II,1,,要判
cdg-1641,信長之野望6：天翔記,1994,DOS、DOS/V,1,,,,,站上沒有
cdg-1656,倚天屠龍記,1994,DOS,5,cmtpk5w4t015a04jvxtda0pzi,倚天屠龍記,9,DOS,
cdg-1681,光速兔崽子,1994,DOS,2,,,,,站上沒有
cdg-1696,冥界幻姬,1994,DOS,4,cmtpkdz9s01vc04jvlstxff64,冥界幻姬,5,DOS,
cdg-1703,封神榜,1994,DOS,3,cmtpkd3mv01m004jvhsyu80me,封神榜,2,DOS,
cdg-1732,快樂天堂,1994,DOS,4,cmtpkhksp02s204jvth3m20lt,快樂天堂,1,,要判
cdg-1732,快樂天堂,1994,DOS,4,cmtpkfc6j029004jvioos90nj,THEME PARK,1,,要判
cdg-1750,恐龍世紀,1994,DOS,1,cmtpk6hcj018y04jvyqljdaye,恐龍世紀,3,DOS,
cdg-1766,悲戀湖殺人事件,1994,DOS,4,cmtpkfbs7026204jvrltl61uj,悲戀湖殺人事件,1,DOS,
cdg-1806,戀愛試驗場,1994,DOS,9,cmtpkgvnk02l804jvsrrhogdb,戀愛試驗場,1,DOS,
cdg-1825,眼鏡蛇任務,1994,DOS,2,cmtpkerf7024i04jva3paaei7,眼鏡蛇任務,1,DOS,
cdg-1882,軒轅劍2,1994,DOS,1,cmtpkcbb001hh04jvos70kkop,軒轅劍2,1,,要判
cdg-1882,軒轅劍2,1994,DOS,1,cmtpkd3q301n104jv9f4czpqo,軒轅劍貳,5,,要判
cdg-1982,鹿鼎記之皇城爭霸,1994,DOS,8,cmtpkfbpw025m04jv6giew03n,鹿鼎記之皇城爭霸,3,DOS,
cdg-1997,麻將情趣屋,1994,DOS,0,cmtpkcbdm01i404jvsp79y3mh,麻將情趣屋,1,DOS,
cdg-2013,麻雀幻想曲2,1994,DOS,6,cmtplxmol0f0f04jvq1o15p31,麻雀幻想曲 2,1,DOS,
cdg-2168,超擬真機車爭霸戰,1994,DOS,0,,,,,站上沒有
cdg-2209,超級巫術對弈,1994,DOS,0,,,,,站上沒有
cdg-2274,黑暗王座,1994,DOS,0,cmtpkecef01zr04jvdl5f4hzw,黑暗王座,3,DOS,
cdg-2359,新超級運動員,1994,DOS,1,cmtpki0h902xu04jvbhhszdk0,新超級運動員,3,DOS,
cdg-2375,昆蟲大戰,1994,DOS,0,cmtpki0ap02vy04jv8ygf7um6,昆蟲大戰,1,DOS,
cdg-2412,星際大戰：鈦戰機,1994,DOS,1,cmtpki0pz030404jvslg6ezu2,黑暗原力 鈦戰機,1,,
cdg-2459,暗棋侏儸紀,1994,DOS,2,cmtpki0ic02y504jvnobrxpsd,暗棋侏羅紀,1,,
cdg-2511,碰撞精靈,1994,DOS,0,,,,,站上沒有
cdg-2528,聖少女戰隊,1994,DOS,4,,,,,站上沒有
cdg-2534,聖戰錄,1994,DOS,0,cmtpkwmgj05uz04jvu6lkqzj7,聖戰錄,2,DOS,
cdg-2539,聖經啟示錄,1994,DOS,1,,,,,站上沒有
cdg-2583,運輸大亨,1994,DOS,0,cmtpkkth003c604jvizkpluyw,運輸大亨,1,,要判
cdg-2583,運輸大亨,1994,DOS,0,cmtpkhkje02pi04jvdmepdpef,Transport Tycoon,1,,要判
cdg-2589,選舉風雲,1994,DOS,0,,,,,站上沒有
cdg-2593,邪神大地,1994,DOS,2,cmtpker7g022204jv0re5qk2y,邪神大地,2,DOS,
cdg-2681,雷電,1994,DOS,0,cmtpki0iv02y804jvmompa2wd,雷電,1,,要判
cdg-2681,雷電,1994,DOS,0,cmu5g93rr001h04ky47nnzmy5,Raiden,1,,要判
cdg-2685,雷電威龍,1994,DOS,3,cmtpkfbv1026n04jv08xe5prc,雷電威龍,2,DOS,
cdg-2904,銀河英雄傳說III SP,1994,DOS,1,,,,,站上沒有
cdg-2916,銀河飛將無敵艦隊,1994,DOS,1,cmtpkgv7g02i304jv19bzv3gv,銀河艦隊,2,,
cdg-2934,凱蘭迪亞傳奇2：命運之手,1994,DOS,1,,,,,站上沒有
cdg-2971,創世紀8：異教徒,1994,DOS,1,cmtpkgvlr02kt04jvv2z9fj0w,創世紀8 異教徒,1,,要判
cdg-2971,創世紀8：異教徒,1994,DOS,1,cmtpkerbp023h04jv1myebqii,創世紀8,5,,要判
cdg-3061,撲克俱樂部,1994,DOS,1,,,,,站上沒有
cdg-3064,擂臺美少女,1994,DOS,0,,,,,站上沒有
cdg-3070,末日寶典,1994,DOS,0,cmtpkerd6023t04jv360nf2cp,末日寶典,1,DOS,
cdg-3094,格鬥拳王,1994,DOS,3,cmtpkecco01z804jvormaux2s,格鬥拳王,2,DOS,
cdg-3160,槍神,1994,DOS,4,cmtpkk60e032204jv6591bn5n,槍神,2,DOS,
cdg-3173,模擬動物園,1994,DOS,2,cmtpkgvfy02jl04jv6cks6gjg,模擬動物園,2,DOS,
cdg-3197,模擬農場,1994,DOS,1,cmtpkdzbe01vp04jvdgca3i0w,模擬農場,1,DOS,
cdg-3264,炎龍騎士團：邪神之封印,1994,DOS,3,,,,,站上沒有
cdg-3323,燃燒的野球4,1994,DOS,0,cmtpkg3ax02ed04jvaohdtuhe,燃燒的野球4,1,DOS,
cdg-3328,爆笑三國誌,1994,DOS,2,cmtpkecbr01yy04jvp3stxhd7,爆笑三國志,3,,
cdg-3332,爆笑躲避球,1994,DOS,7,cmtpkdgnj01s404jvjqlrj01u,爆笑躲避球,2,DOS,
cdg-3359,赤壁之戰,1994,DOS,6,cmsyqgoqc00b104jn5i1z2su4,赤壁之戰,2,DOS,
cdg-3425,英倫霸主,1994,DOS,1,cmtpksrqt04zz04jvej494rux,英倫霸主,2,DOS,
cdg-3464,萬里長城之麒麟傳說,1994,DOS,2,cmtpkcbcu01hx04jv6q3ta6cx,麒麟傳說,1,,
cdg-3484,齊天大聖,1994,DOS,1,,,,,站上沒有
cdg-3635,驚魂塔,1994,DOS,5,cmtpkgva602iq04jvydq0g98x,驚魂塔,1,DOS,
cdg-3637,高校魔影,1994,DOS,4,cmtpkfbr1025u04jvuiouctj9,高校魔影,2,DOS,
cdg-3691,魔彩子雀,1994,DOS,0,,,,,站上沒有
cdg-3704,魔武王,1994,DOS,8,cmtpker7c022104jvc9gxwc2e,魔武王,4,DOS,
cdg-3707,魔法世紀2,1994,DOS,2,cmtpkgvdj02j104jvlg1aen70,魔法世紀2,3,DOS,
cdg-3750,魔獸爭霸：人類與獸人,1994,DOS,1,,,,,站上沒有
cdg-3843,創世彈珠台,1994,DOS,1,cmtpkecbl01yx04jv86dqyg0e,創世彈珠台,3,DOS,
cdg-3846,大兵日記,1994,DOS,3,cmtpkeccu01z904jvxxf93lzc,大兵日記,2,DOS,
cdg-3851,底特律汽車大亨,1994,DOS,1,,,,,站上沒有
cdg-3884,南海霸主,1994,DOS,0,cmtpkfr8502ba04jvmtqwz2ko,南海霸主,2,DOS,
cdg-3903,台灣模擬選戰,1994,DOS,6,cmtpkg3bq02ei04jv0lmp8svf,台灣模擬選戰,1,DOS,
cdg-3904,太空魯賓遜,1994,DOS,2,,,,,站上沒有
cdg-3926,搖滾少林系列：七俠五義3D,1994,,2,cmtpkfr5i02aq04jvq1aak9v6,搖滾少林之七俠五義,1,,
cdg-3932,智聖鮮師,1994,DOS,0,cmtpkfbzj027l04jvahod0bz5,智聖鮮師,1,DOS,
cdg-4027,大地傳說：黑暗王座,1994,DOS,1,,,,,站上沒有
cdg-4039,聖獸傳說,1994,DOS,2,cmtpkecby01yz04jvuzubcc5b,聖獸傳說,4,DOS,
cdg-4042,孤臣記,1994,DOS,0,cmtpkdgqn01t604jvt8fc9cim,孤臣記,1,DOS,
cdg-4050,拼圖魔法陣,1994,DOS,0,,,,,站上沒有
cdg-4056,武林爭霸之英雄帖,1994,,1,cmtpker9k022r04jvzbjdy7ps,武林爭霸之英雄帖,1,,
cdg-4076,馬路英雄,1994,DOS,3,,,,,站上沒有
cdg-4078,魔域傳奇：神聖之符,1994,DOS,3,,,,,站上沒有
cdg-4079,魔宮救美 寶石陣,1994,DOS,2,,,,,站上沒有
cdg-4091,中華職棒 經理人資料片,1994,DOS,3,,,,,站上沒有
cdg-4093,水星故事2,1994,,1,,,,,站上沒有
cdg-4121,宇宙英雄,1994,DOS,3,cmtpkgvhm02jy04jv2cgcohf8,宇宙英雄,1,DOS,
cdg-4122,現代大戰略EX,1994,DOS,3,cmtpkfc2s028804jvyqw2k614,現代大戰略EX,1,DOS,
cdg-4123,生化情人,1994,DOS,2,cmtpky3kt06aj04jvusqxg1rf,生化情人,2,DOS,
cdg-4125,魔眼封印,1994,DOS,2,cmtpkcbc601hr04jvo6lb9l4v,魔眼封印,2,DOS,
cdg-4153,永恆之門,1994,DOS,3,cmtpkkteh03bf04jvpvczszq1,永恆之門,1,DOS,
cdg-4244,機甲旋風,1994,DOS,0,cmtpkgvl902kp04jvb3v7cpok,ONE MUST FALL 2097,1,,
cdg-4249,殖民帝國,1994,DOS,3,cmtpkg39t02e604jvtuc2jpoq,殖民帝國,4,DOS,
cdg-4276,魔法帝國,1994,DOS,0,cmtpkgv7402i004jvjdt1g1py,魔法大帝,4,,
cdg-4331,天下御免,1994,Windows,2,cmtpkqerz04el04jvrb5zxj73,天下御免,3,WIN,
cdg-4390,新七顆龍珠,1994,DOS,0,,,,,站上沒有
cdg-4457,94美國世界杯足球大賽,1994,DOS,0,,,,,站上沒有
cdg-4527,太空大富翁,1994,Windows,2,,,,,站上沒有
cdg-4530,鋤大D,1994,DOS,5,,,,,站上沒有
cdg-4544,決戰 核爆38°線,1994,DOS,3,,,,,站上沒有
cdg-4550,默示錄：神爭之戰,1994,,1,,,,,站上沒有
cdg-4650,太平洋戰將,1994,DOS,3,cmtpkfbyf027d04jvmbilkkm9,太平洋戰將,2,DOS,
cdg-4657,玄冥部隊,1994,DOS,0,cmtpkg3dk02f504jvkqhv3aux,玄冥部隊,2,DOS,
cdg-4658,銀河飛將私掠者語音片+正義出擊資料片,1994,DOS,1,,,,,站上沒有
cdg-4659,跳跳魔法師,1994,DOS,2,cmtpkg3dq02f604jvjiogiisv,跳跳魔法師,2,,要判
cdg-4659,跳跳魔法師,1994,DOS,2,cmtpkgvbn02it04jvil11i558,HOCUS POCUS,1,,要判
cdg-4660,大海戰2,1994,DOS,1,,,,,站上沒有
cdg-4661,網路奇兵,1994,DOS,1,cmtpkgvkb02kj04jvija1748m,網路奇兵,2,,要判
cdg-4661,網路奇兵,1994,DOS,1,cmtpkgvkl02kk04jvr6syjbty,SYSTEM SHOCK,1,,要判
cdg-4662,遠離地球,1994,DOS,2,cmtpkfrdn02cn04jvlc1z6bso,OUTPOST,1,,
cdg-4664,機甲神兵：地球防衛戰,1994,DOS,3,,,,,站上沒有
cdg-4665,諾曼地登陸,1994,DOS,0,,,,,站上沒有
cdg-4666,機甲神兵：大競技場,1994,DOS,0,,,,,站上沒有
cdg-4667,阿拉丁傳奇：精靈魔咒,1994,DOS,3,,,,,站上沒有
cdg-4668,生化超人,1994,DOS,3,,,,,站上沒有
cdg-4886,艦隊防禦者,1994,DOS,0,,,,,站上沒有
cdg-4889,源平合戰,1994,DOS/V,1,,,,,站上沒有
cdg-5124,裝甲先鋒,1994,DOS,0,cmtplfzm00ax304jviyc4fo0v,裝甲先鋒,1,DOS,
cdg-5233,鐵甲戰士,1994,DOS,1,cmtpkcbbh01hl04jvdtpfgf2h,鐵甲戰士,1,,要判
cdg-5233,鐵甲戰士,1994,DOS,1,cmtpkhkjp02pl04jvox8rq6lt,Rise of the Robots,1,,要判
cdg-5249,異星特警,1994,DOS,0,cmtpknfsj03k204jvuz234u7h,異星特警,3,,要判
cdg-5249,異星特警,1994,DOS,0,cmtpkk6c9035s04jv7j9yhhjw,Creature Shock,1,,要判
cdg-5250,雲絲頓賽車,1994,DOS,1,cmtpkg3b302ee04jvvtt4kka1,雲斯頓賽車,1,,
cdg-5252,大君主戰役,1994,DOS,0,,,,,站上沒有
cdg-5255,幻想空間合集,1994,DOS,0,,,,,站上沒有
cdg-5257,古靈精怪大冒險,1994,DOS,0,,,,,站上沒有
cdg-5269,龍之封印,1994,DOS,0,cmtpkg3f502fo04jvngepl1gl,龍之封印,2,DOS,
cdg-5272,飛虎戰將,1994,DOS,0,cmtpko6bt03pa04jv10z4dngf,飛虎戰將,1,DOS,
cdg-5274,拂曉巡弋,1994,DOS,0,,,,,站上沒有
cdg-5319,馬可波羅,1994,DOS,1,,,,,站上沒有
cdg-5320,超擬真足球爭霸,1994,DOS,1,,,,,站上沒有
cdg-5321,世紀大空戰,1994,DOS,2,,,,,站上沒有
cdg-5322,危機都市,1994,DOS,1,,,,,站上沒有
cdg-5323,奇門遁甲之神算伯溫,1994,DOS,1,,,,,站上沒有
cdg-5352,星際大爭霸（Star Reach）,1994,DOS,1,,,,,站上沒有
cdg-5353,第二次世界大戰：南太平洋戰役,1994,DOS,1,,,,,站上沒有
cdg-5354,魔鬼飛行任務,1994,DOS,1,cmtpkg3gv02g204jvrempfogd,TFX,1,,
cdg-5355,王座爭奪戰,1994,DOS,1,,,,,站上沒有
cdg-0040,A列車4,1995,DOS,4,cmtpkolba03up04jv108l15cw,A 列車 4,2,DOS,
cdg-0145,一線生機,1995,DOS,3,cmtpkfbt0026804jv8oq5oafx,一線生機,2,DOS,
cdg-0163,七英雄物語,1995,DOS,3,cmtpkpmii045m04jvhn93rmtg,七英雄物語,1,DOS,
cdg-0182,十三支局,1995,DOS,2,cmtpkqelv04cd04jv7g5ztwab,十三支局,1,DOS,
cdg-0183,十六張姬麻將,1995,DOS,1,,,,,站上沒有
cdg-0186,千變少女米娜,1995,Win3.1、Win9x、WinXP,1,cmtpkqejy04bo04jvrf9k3rgo,千變少女—米娜,1,WIN,
cdg-0191,卒業,1995,DOS,1,cmtpkktar03aa04jv4bpomayp,卒業,2,,
cdg-0199,南極冰怪,1995,DOS,1,cmtpkp9qm03xw04jv6huy8pl7,南極冰怪,4,DOS,
cdg-0214,三國志5,1995,DOS,1,cmtpkv0oq05jk04jvfnpe53ym,三國志V,4,,
cdg-0227,三國志武將爭霸2,1995,DOS,9,cmtpknflq03ie04jv22wb33zk,武將爭霸 2,1,,
cdg-0229,三國志英傑傳,1995,DOS,0,cmtpkolag03ud04jv7pwgujw1,三國志英傑傳,3,DOS,
cdg-0295,中國,1995,DOS,1,cmtpkfr6002as04jvqt2vuq0v,中國,4,DOS,
cdg-0302,中國象棋,1995,Win3.1,0,,,,,站上沒有
cdg-0394,超級大戰略：閏八月台海大對決,1995,DOS,0,cmsumhmva001q04jofc6h5rj3,大戰略,5,,
cdg-0427,大銀河物語,1995,DOS,3,cmtpkol8f03tm04jvirckyt66,大銀河物語,3,DOS,
cdg-0440,天使們的午後～轉校生～,1995,DOS,3,,,,,站上沒有
cdg-0441,天使們的午後2,1995,DOS,1,,,,,站上沒有
cdg-0467,天才寶寶大進擊,1995,DOS,6,,,,,站上沒有
cdg-0503,太閤立志傳,1995,DOS,0,cmtpkk67f034a04jvz4dikcz8,太閤立志傳,2,DOS,
cdg-0601,幽浮2：深海出擊,1995,DOS,0,,,,,站上沒有
cdg-0607,幽魂,1995,Windows,0,cmtpkk5y4031e04jvjjxn35hm,幽魂,3,WIN,
cdg-0619,水果大亨,1995,DOS,0,,,,,站上沒有
cdg-0635,王子傳奇,1995,DOS,8,cmtpkk604031z04jvqwatjmuk,王子傳奇,3,DOS,
cdg-0670,世紀末商業革命,1995,DOS,5,cmtpkhkoo02r104jvsnr66hri,世紀末商業革命,4,DOS,
cdg-0684,卡通快打,1995,DOS,3,,,,,站上沒有
cdg-0685,卡通快打2：歷險小精靈,1995,DOS,1,cmtpko65f03nr04jvqyv6bke1,歷險小精靈,1,,
cdg-0737,武姬神傳說,1995,DOS,0,cmtpkpmsk047n04jvun1jpibq,武姬神傳說,1,DOS,
cdg-0784,塔克拉瑪干：敦煌傳奇,1995,Windows,2,cmtpkoldr03vi04jv4u81kpuj,塔克拉瑪干-敦煌傳奇,1,WIN,
cdg-0851,致命毒藥：六人魔女,1995,,1,,,,,站上沒有
cdg-0861,航空霸業2,1995,DOS,0,cmtpkktey03bk04jv3ku626vz,航空霸業 2,1,DOS,
cdg-0896,西遊記：齊天大聖篇,1995,DOS,1,,,,,站上沒有
cdg-0915,古大陸物語,1995,DOS,1,cmtpko64l03nl04jvrp22ivu4,古大陸物語,4,DOS,
cdg-0952,同級生2,1995,DOS,3,cmtpkkti503ci04jvuoj4odkc,同級生 2,8,,
cdg-1021,噗噗闖通關,1995,DOS,0,,,,,站上沒有
cdg-1095,嬉笑春秋,1995,DOS,5,cmtpknfcm03ge04jvfkwl8n5i,嬉笑春秋,1,DOS,
cdg-1171,沉默的艦隊,1995,DOS,0,cmtpksrkx04y504jvdn3gsi5a,沉默的艦隊,3,DOS,
cdg-1320,臥龍傳,1995,DOS,0,cmtpkgvoe02lf04jverigrdue,臥龍傳,6,DOS,
cdg-1347,阿曼尼斯傳說3,1995,DOS,0,,,,,站上沒有
cdg-1379,非洲探險,1995,DOS,0,cmtpkk6ae035504jvn1zgvrzp,非洲探險,1,DOS,
cdg-1430,科學小飛俠,1995,DOS,0,cmtpkpmsx047q04jvtezga0np,科學小飛俠,1,DOS,
cdg-1449,突擊美少女,1995,DOS,0,cmtpkk5zu031w04jv8rt611np,突擊！美少女,1,,
cdg-1487,美少女特勤組,1995,DOS,2,cmtpkktby03am04jv2lafub03,美少女特勤組,1,DOS,
cdg-1562,人類也瘋狂3：進化,1995,DOS,1,,,,,站上沒有
cdg-1564,仙劍奇俠傳,1995,DOS、Windows、Sega Saturn,3,cmtpkoldf03vh04jvqqut1rtc,仙劍奇俠傳,8,DOS、WIN、SS,
cdg-1640,信長之野望5：霸王傳,1995,DOS/V,0,,,,,站上沒有
cdg-1653,倉庫番：史上完整版,1995,DOS,3,cmtpkr68004l404jva2akmqpw,倉庫番,1,,
cdg-1654,倉庫番：玩家復仇版,1995,DOS,3,cmtpkr68004l404jva2akmqpw,倉庫番,1,,
cdg-1676,光明戰史,1995,DOS,1,cmtpkhkmm02qf04jv2bxdlblf,光明戰史,2,DOS,
cdg-1677,光明聖使團,1995,DOS,0,cmtpkkte403bb04jv15hnrxkw,光明聖使團,3,DOS,
cdg-1699,凍頂接龍,1995,DOS,1,,,,,站上沒有
cdg-1786,愛情方程式,1995,DOS,0,,,,,站上沒有
cdg-1805,戀愛白皮書,1995,DOS,0,cmtpkvt7f05og04jvdqq0dhgh,戀愛白皮書,1,DOS,
cdg-1843,神示錄：背叛與毀滅,1995,DOS,1,,,,,站上沒有
cdg-1861,禁忌,1995,DOS、Windows,0,,,,,站上沒有
cdg-1862,禁忌蛇姬,1995,DOS,2,,,,,站上沒有
cdg-1883,軒轅劍外傳：楓之舞,1995,DOS,6,cmtpki0cx02wm04jvdazsmx38,軒轅劍外傳 楓之舞,1,,
cdg-1896,轉校生,1995,DOS,3,cmtpkktbd03ag04jv053d3rzw,轉校生,3,DOS,
cdg-1965,雄霸天下：三國篇,1995,DOS,3,,,,,站上沒有
cdg-1998,麻將情趣屋2,1995,DOS,3,,,,,站上沒有
cdg-2060,終極動員令,1995,DOS,2,cmtpkqeny04d504jv4b6ix4ct,終極動員令,4,DOS,
cdg-2094,絕地：眾神之詛咒,1995,DOS,4,,,,,站上沒有
cdg-2124,緊縛之館,1995,DOS,1,,,,,站上沒有
cdg-2125,緋王傳2,1995,DOS,2,,,,,站上沒有
cdg-2138,象棋俄羅斯,1995,DOS,1,cmtpknffg03h204jvmoeva227,象棋俄羅斯,2,DOS,
cdg-2176,超時空要塞,1995,DOS,0,cmtpki0d902wo04jveu1cx0p6,超時空要塞,4,DOS,
cdg-2178,超未來少女,1995,DOS,0,cmtpkol8p03to04jvehp6wcz2,超未來少女,1,,要判
cdg-2178,超未來少女,1995,DOS,0,cmtpki0l702z004jv3vfai4xr,FORESIGHT DOLLY,1,,要判
cdg-2189,極速賽車,1995,DOS,1,cmtxyrbpm00wd04kw38ftjb9z,極速賽車,2,DOS,
cdg-2212,正宗超級快打旋風2 TURBO,1995,DOS,6,,,,,站上沒有
cdg-2261,黃飛鴻：鐵雞鬥蜈蚣,1995,DOS,1,,,,,站上沒有
cdg-2264,黑之斷章：神探明日香,1995,DOS,1,cmtpky3kj06ag04jvex1khbe4,黑之斷章,1,,
cdg-2271,黑暗天使,1995,DOS,1,cmtpkpmkc045t04jvr0hokiy0,黑暗天使,2,DOS,
cdg-2318,新世紀興亡史,1995,DOS,3,cmtpkqej604bf04jvyv0kvbuc,新世紀興亡史,1,DOS,
cdg-2372,日蝕：沙巴卡瓦之役,1995,DOS,1,,,,,站上沒有
cdg-2378,明日之星,1995,DOS,5,cmtpkhkod02qy04jvnhvjnzyn,明日之星,2,DOS,
cdg-2386,明星志願,1995,DOS,2,cmtpkhko002qu04jvho3ccqle,明星志願,4,DOS,
cdg-2398,星城：綠洲計畫,1995,DOS,2,cmtpkgvem02ja04jvtkzji83u,星城：綠洲計劃,2,,
cdg-2408,星際大亨,1995,Win3.1、WinXP,2,cmtpkolbt03uw04jvkjqunc4j,星際大亨,1,WIN,
cdg-2461,暗棋聖手,1995,DOS,6,cmtpki0d302wn04jvsb44ylf5,暗棋聖手,2,DOS,
cdg-2513,碰龍美戰士,1995,DOS,3,,,,,站上沒有
cdg-2529,聖少女戰隊2,1995,DOS,9,cmtpknfg803h804jv0tfdb09b,聖少女戰隊 2,3,,要判
cdg-2529,聖少女戰隊2,1995,DOS,9,cmtpkktah03a704jv3pnovcr5,聖少女戰隊 II,1,,要判
cdg-2564,逆玉王,1995,DOS,0,cmtpkk61h032e04jv0xlifb4m,逆玉王,2,DOS,
cdg-2566,逆轉時空,1995,DOS,1,,,,,站上沒有
cdg-2731,夢幻天使,1995,DOS,1,cmtpkp9uo03yw04jverdq6wx4,夢幻天使,3,DOS,
cdg-2770,夢見坂,1995,DOS,2,cmtpkv0ae05gc04jvaj4rwine,夢見坡,1,,
cdg-2803,瘋狂醫院2超級醫生,1995,DOS,2,cmtpknfmb03ij04jvp2k97u29,瘋狂醫院 2,1,,
cdg-2816,米蘭斯紀事：聖域傳奇,1995,DOS,0,cmsysv1og001904jogbyp64x1,聖域傳說,8,,
cdg-2821,精靈幻界,1995,DOS,1,cmtpkfr6802at04jv7hpxvd4a,精靈幻界,3,DOS,
cdg-2822,精靈物語,1995,DOS,1,cmtpknfdx03gp04jvj0m3s7ku,精靈物語,2,DOS,
cdg-2862,金庸快打,1995,DOS,5,cmtpkfr5902ap04jv6rkb589b,金庸快打,2,DOS,
cdg-2894,銀河守護團,1995,DOS,1,cmtpkv08c05fx04jv062x114y,銀河守護團,1,DOS,
cdg-2919,銀河飛龍,1995,DOS,1,cmtpkp9ze040b04jv9zbv2bwk,銀河飛龍,4,DOS,
cdg-2930,凱撒大帝2,1995,Windows,1,,,,,站上沒有
cdg-2935,凱蘭迪亞傳奇3：瑪爾寇的復仇,1995,DOS,2,,,,,站上沒有
cdg-3093,格鬥悍將,1995,DOS,1,cmtpkol7v03ti04jv9r4gmc6a,格鬥悍將,2,DOS,
cdg-3108,楚留香傳奇之血海飄香,1995,DOS,1,cmtpknfin03ht04jvk9p65h7s,楚留香傳奇,3,,
cdg-3176,模擬城市2000,1995,DOS,10,cmtpkd3s701no04jv7n6a7ytu,模擬城市2000,1,DOS,
cdg-3224,機甲爭霸戰2,1995,DOS,1,,,,,站上沒有
cdg-3265,炎龍騎士團2：黃金城之謎,1995,DOS,0,cmtpkkt9n039y04jv65q0sde4,炎龍騎士團 2,3,,
cdg-3324,燃燒的野球5,1995,DOS,3,,,,,站上沒有
cdg-3331,爆笑保齡球,1995,DOS,4,cmtpko64z03no04jvftoenglw,爆笑保齡球,2,DOS,
cdg-3338,誕生,1995,DOS,1,cmtpkktb203ad04jvq31yarjc,誕生,4,DOS,
cdg-3378,戰地大亨：金門之旅,1995,DOS,2,,,,,站上沒有
cdg-3392,戰棋,1995,DOS,2,cmtpknfea03gs04jvs43sfv9r,戰棋,2,DOS,
cdg-3502,特勤機甲隊,1995,DOS,10,cmtpkfr5q02ar04jvt7w5my50,特勤機甲隊,2,DOS,
cdg-3503,特勤機甲隊2,1995,DOS,2,cmtpkk623032k04jvywo65cju,特勤機甲隊 2,1,DOS,
cdg-3529,狩魔獵人2：心魔,1995,DOS,1,,,,,站上沒有
cdg-3552,獸鄉守護者,1995,DOS,2,cmtpknffu03h504jv831v8n8r,獸鄉守護者,2,DOS,
cdg-3631,驚爆實感賽車,1995,DOS,0,cmtpksrpm04zm04jvb0n1g6jm,驚爆實感賽車,1,DOS,
cdg-3670,魔域傳說4：波斯戰記,1995,DOS,1,cmtpkhkq302rd04jvickye1es,魔域傳說IV - 波斯戰記,1,,
cdg-3681,魔境大冒險,1995,DOS,0,cmtpknfdl03gm04jvuisea3el,魔境大冒險,1,DOS,
cdg-3711,魔法公主大冒險,1995,DOS,0,cmtpkk62d032n04jv9dqowiy3,魔法公主大冒險,2,DOS,
cdg-3716,魔法師寶典,1995,DOS,1,cmtpkgvdx02j404jvyhn6pzbg,魔法師寶典,2,DOS,
cdg-3737,魔法門之英雄無敵,1995,DOS,7,,,,,站上沒有
cdg-3755,魔界之泉：灰石傳奇,1995,DOS,2,,,,,站上沒有
cdg-3760,魔界聖女傳,1995,DOS,2,cmtpkp9v203yy04jvfw4ffe8x,魔界聖女傳,2,DOS,
cdg-3767,魔石英雄傳2,1995,DOS,3,,,,,站上沒有
cdg-3768,魔石堡,1995,DOS,5,cmtpks04504qu04jvqoinoqwd,魔石堡,4,,要判
cdg-3768,魔石堡,1995,DOS,5,cmtpkr5xt04i304jvkzbztzj9,StoneKeep,1,,要判
cdg-3785,魔鬼推銷員,1995,DOS,2,cmtpkpa2q041b04jv71ghgtjc,魔鬼推銷員,2,,要判
cdg-3785,魔鬼推銷員,1995,DOS,2,cmtpkgvh902jv04jv6tl0ehq7,推銷之王,1,,要判
cdg-3788,魔龍紀事,1995,DOS,1,cmtpki0cr02wl04jv0c4b69s2,魔龍紀事,1,DOS,
cdg-3798,歡樂幸福人,1995,DOS,3,cmtpki0ds02wr04jvz4eiuieq,歡樂幸福人,2,DOS,
cdg-3831,龍騎士3,1995,DOS,6,cmtpkfbvt026t04jvz6mlx5fd,龍騎士3,1,,要判
cdg-3831,龍騎士3,1995,DOS,6,cmu84x5vx00e604ihnxutqqqg,シャイニングフォースIII,1,,要判、名稱含假名
cdg-3842,百戰水管工,1995,DOS,0,,,,,站上沒有
cdg-3855,風雲天下：三國篇,1995,DOS,7,cmtpkgvfj02ji04jvi57rohbp,風雲天下 三國篇,1,DOS,
cdg-3874,禮物,1995,DOS,0,cmtpktg9p054704jvh6c2wn1r,禮物,2,DOS,
cdg-3900,時空特勤組,1995,DOS,3,cmtpko62u03n804jvkizqcdjv,時空特勤組,1,DOS,
cdg-3921,星世紀戰將,1995,DOS,1,cmtpki0e702wt04jvrztm9w4q,星世紀戰將,1,DOS,
cdg-3930,鎮暴特遣隊,1995,DOS,1,,,,,站上沒有
cdg-4043,密集火力,1995,,0,,,,,站上沒有
cdg-4047,戰虎之沙漠行動,1995,DOS,0,,,,,站上沒有
cdg-4065,蕩寇雄師,1995,,2,cmtpkg3c502ek04jvmdeqrhb8,蕩寇雄師,2,,
cdg-4074,銀河列國誌之鐵鎖的星群,1995,DOS,3,cmtpkqek704br04jvmpaxg81o,鐵鎖的星群,3,,
cdg-4126,機甲獵人,1995,DOS,1,cmtpkqehj04ax04jvjpwv8mut,機甲獵人,2,DOS,
cdg-4128,終極機甲戰士,1995,DOS,0,cmtpkv09205g304jvcs8t6eod,終極機甲戰士,1,DOS,
cdg-4129,超級大富翁,1995,DOS,2,cmtpko62d03n504jvicr11ta1,超級大富翁,3,DOS,
cdg-4130,超級灌籃大賽,1995,DOS,3,,,,,站上沒有
cdg-4131,鐵血聯盟,1995,,2,cmtpkqejo04bl04jv8vyxgbci,鐵血聯盟,1,,
cdg-4338,夢幻奇兵,1995,,3,,,,,站上沒有
cdg-4521,洛克人X,1995,DOS,2,,,,,站上沒有
cdg-4545,郎牙棒與劉星鎚之魔島大冒險,1995,DOS,2,,,,,站上沒有
cdg-5095,超能力,1995,DOS,3,,,,,站上沒有
cdg-5106,夢幻西巴拉,1995,Windows,0,cmtplokea0czb04jvlohyycwg,夢幻西巴拉,1,WIN,
cdg-5224,超時空戰機,1995,DOS,1,cmtpks03k04qm04jvbfp2dkmx,超時空戰機,1,,要判
cdg-5224,超時空戰機,1995,DOS,1,cmtpkkt8l039n04jveowh5wyq,BARYON,1,,要判
cdg-5242,決戰保齡球,1995,DOS,1,cmtpki0ec02wu04jv32qye5at,決戰保齡球,1,DOS,
cdg-5244,夢幻占星館,1995,DOS,1,cmtpki0em02wv04jvhuiewurz,夢幻占星館,1,DOS,
cdg-5251,機甲神兵--任務片,1995,DOS,0,,,,,站上沒有
cdg-5253,失落的伊甸園,1995,DOS,0,cmtpko6es03py04jvknvwuuil,失落的伊甸園,5,DOS,
cdg-5256,空戰英雄精典合集,1995,DOS,0,,,,,站上沒有
cdg-5260,宇宙傳奇6,1995,DOS,0,cmtpkqeoe04da04jv6o50ly7s,宇宙傳奇VI,2,,
cdg-5261,Last Dynasty,1995,Windows,0,,,,,站上沒有
cdg-5262,3D Ultra Pinball,1995,DOS,0,,,,,站上沒有
cdg-5264,The Daedalus Encounter,1995,Windows,0,,,,,站上沒有
cdg-5265,警察故事5：霹靂小組,1995,DOS,0,cmtpkrzy204ow04jv0mth2c0g,警察故事 V：霹靂小組,1,,
cdg-5268,第七訪客2：第11小時,1995,DOS,1,,,,,站上沒有
cdg-5283,F-14艦隊防衛者（黃金版）,1995,DOS,0,,,,,站上沒有
cdg-5302,絕地大反攻2：帝國的秘密基地,1995,DOS,5,cmtpksrpc04zj04jvz1z16xi2,絕地大反攻2,1,,
cdg-5310,摩登都會,1995,DOS,3,,,,,站上沒有
cdg-5343,世紀大災難,1995,DOS,3,,,,,站上沒有
cdg-5345,極速風暴,1995,DOS,1,,,,,站上沒有
cdg-5348,百無禁忌MISS阿性,1995,,1,cmtpknfc803gb04jv8u2lakfh,MISS 阿性,2,,
cdg-5349,時鐘大聖,1995,Windows,1,,,,,站上沒有
cdg-5350,爆破俄羅斯,1995,Windows,1,,,,,站上沒有
cdg-5356,超級越野賽車,1995,DOS,0,cmtpk6ho2019r04jvfzyc5783,超級越野賽車,1,DOS,
cdg-5357,九個太陽,1995,DOS,1,cmtpkp9tc03yp04jve8phb0du,九個太陽,2,DOS,
cdg-5360,決戰地獄火,1995,DOS,1,cmtpksrr9050404jvvt5ch6to,決戰地獄火,1,DOS,
cdg-5361,飛狼大戰卡曼契,1995,DOS,1,cmtpkqef404a104jvinccfp5k,飛狼大戰卡曼契,2,DOS,
cdg-5362,瘋狂之翼,1995,DOS、Win9x,1,,,,,站上沒有
cdg-5363,科幻北極星,1995,DOS,1,,,,,站上沒有
cdg-5364,凱迪拉克大戰恐龍族,1995,DOS,1,,,,,站上沒有
cdg-5365,銀河帝國大決戰II,1995,DOS,1,cmtpksrfa04wj04jvx5031e9j,銀河帝國大決戰 II,1,DOS,
cdg-5405,模擬城市2000：世紀光碟大補帖,1995,DOS,3,,,,,站上沒有
cdg-0114,Q女天使學園,1996,DOS,0,cmtpkzn7406nm04jvvu8zdk3c,Q女天使學園,3,DOS,
cdg-0134,YES!HG,1996,DOS,1,cmtpkr6ab04lt04jvm1ltmhvo,Yes! HG,1,DOS,
cdg-0156,七寶奇謀（1996）,1996,Win3.1、Win9x,1,cmtpkwmfb05un04jvolst6xia,七寶奇謀,1,,
cdg-0164,七英雄物語2,1996,DOS,1,cmtpkv0ar05gf04jvvrwrtrjw,七英雄物語2,1,DOS,
cdg-0166,八女神物語2,1996,DOS,1,cmtpkxdiy062704jvumj02bl8,八女神物語2,1,DOS,
cdg-0195,卒業旅行,1996,DOS,2,cmtpl0fiq06v204jv5on4sl34,卒業旅行,1,DOS,
cdg-0201,三姊妹,1996,DOS,1,,,,,站上沒有
cdg-0209,三國志：風雲再起,1996,Windows,0,cmtpkwmlc05wh04jvxgjzz6jv,三國志風雲再起,2,,要判
cdg-0209,三國志：風雲再起,1996,Windows,0,cmsumhmxm002c04jovzwvrc8x,三國志,13,,要判
cdg-0225,三國志孔明傳,1996,Win3.1、Win9x,1,cmtpkwms905yi04jv5hxtafyk,三國志孔明傳,4,WIN,
cdg-0234,三國演義2,1996,DOS,6,cmtpkgvcr02ix04jvph9ocqrv,三國演義2,1,DOS,
cdg-0250,三國英雄傳,1996,DOS,2,cmtpkxdgq061q04jvjp90pcbn,三國英雄傳,3,DOS,
cdg-0257,三國風雲,1996,DOS,3,cmtpkp9tw03ys04jvh2xwf5nl,三國風雲,5,DOS,
cdg-0269,三隻眼變成,1996,DOS,2,,,,,站上沒有
cdg-0281,上帝,1996,DOS,1,cmtpkr60y04j104jvj8tlq5w6,上帝,3,DOS,
cdg-0355,大唐詩錄,1996,Win3.1、WinXP,1,cmtpkwmfl05uq04jvj43e3f3o,大唐詩錄,2,WIN,
cdg-0366,大富翁3,1996,DOS,2,cmtpkrzzy04pf04jv9xpohhgn,大富翁 3,3,DOS,
cdg-0380,大富翁之破壞超人,1996,DOS,0,cmtpkytsj06fz04jv66hbknqa,大富翁之破壞超人,2,DOS,
cdg-0395,超級大戰略：釣魚台風雲,1996,DOS,1,cmsumhmva001q04jofc6h5rj3,大戰略,5,,
cdg-0439,天使任務,1996,DOS,1,cmtpks01j04px04jvve02lq22,天使任務,1,DOS,
cdg-0475,天神傳說,1996,DOS,1,,,,,站上沒有
cdg-0811,富貴列車：亞摩斯紀事,1996,DOS,2,cmtpkr61904j404jvjpxsi153,富貴列車,5,,
cdg-0890,西楚霸王：項羽,1996,DOS,3,cmtpkqejf04bi04jvmr9x7dzi,西楚霸王—項羽,2,,要判
cdg-0890,西楚霸王：項羽,1996,DOS,3,cmtpktg8s053y04jvhkvkadg9,西楚霸王,3,,要判
cdg-0906,古墓奇兵（1996）,1996,DOS,0,cmtpl1itc072704jvqjxc3fjp,古墓奇兵,6,,
cdg-0916,古大陸物語2：雅克王的遠征,1996,DOS,1,cmtpks00u04pp04jvto8asdmw,古大陸物語 2,1,,
cdg-1079,妖塔2189,1996,DOS,1,cmtpktg9f054404jv8o38bk1k,妖塔2189,1,DOS,
cdg-1178,美少女沙場風暴,1996,DOS,2,,,,,站上沒有
cdg-1267,漢堡戰爭,1996,DOS,3,cmtpkzn3906mh04jvqmtc5i4w,漢堡戰爭,3,DOS,
cdg-1276,灌籃金剛,1996,DOS,2,cmtpkytzk06i904jvab947wpw,灌籃金剛,1,DOS,
cdg-1277,亞里斯王物語,1996,DOS,1,cmtpkwmg705uw04jv2nu9oy7n,亞里斯王物語,2,DOS,
cdg-1317,殖民計劃,1996,DOS,3,cmtpkhkps02ra04jvxpeihel8,殖民計劃,4,DOS,
cdg-1327,野店,1996,Win3.1、WinXP,2,cmtpky3jp06a704jvg2zm6n9u,野店,1,WIN,
cdg-1380,非洲探險2,1996,DOS,2,cmtpkytqv06fh04jvsa9x302v,非洲探險2,1,DOS,
cdg-1416,皇帝,1996,DOS,2,cmtpkvt6c05o404jvhq2mt708,皇帝,4,DOS,
cdg-1505,領國大戰略,1996,Windows,0,cmtpl637h08c704jvyckvgjf9,領國大戰略,2,WIN,
cdg-1511,風月寶鑒,1996,DOS,1,cmtpktg7x053p04jvsqm79w5u,風月寶鑒,1,DOS,
cdg-1669,傳說紀元：黑暗之星,1996,DOS,1,,,,,站上沒有
cdg-1702,封神世紀,1996,DOS,1,cmtpkxdlq062s04jvhg3tu2d6,封神世紀,1,DOS,
cdg-1767,悶絕：性技王傳說,1996,DOS,3,,,,,站上沒有
cdg-1784,愛之物語,1996,DOS,1,,,,,站上沒有
cdg-1796,撼天神塔：復活邪魔,1996,DOS,1,cmtpkxdik062404jv8gmnu3dj,復活邪魔,1,,
cdg-1828,神劍傳說2,1996,DOS,2,cmtpkqekx04c004jvywkkm3xp,神劍傳說2,2,DOS,
cdg-1859,神龍快打,1996,DOS,2,cmtpksrlj04yc04jvkb32794t,神龍快打,2,DOS,
cdg-1950,異次元之旅,1996,DOS,0,cmtpkv0cy05gw04jv5q5k852r,異次元之旅,1,DOS,
cdg-1991,麻將大師,1996,DOS,0,cmtpktg6t053c04jvx8zgqrm1,麻將大師,2,DOS,
cdg-2003,麻將爭霸：公園銅像爭奪戰,1996,DOS,1,cmtpl1j9b076504jv5fi07ktn,麻將爭霸,1,,
cdg-2015,麻雀幻想曲3,1996,DOS,1,,,,,站上沒有
cdg-2046,紅色的誘惑,1996,DOS,1,cmtpkol8903tl04jvgwb2ed8p,紅色的誘惑,1,DOS,
cdg-2089,絕代雙驕,1996,DOS,1,cmss8fs8g006z04js42scbrjz,絕代雙驕,4,DOS,
cdg-2111,綜藝大進擊,1996,DOS,3,cmtpkqekg04bu04jv4tuui8q4,綜藝大進擊,1,DOS,
cdg-2171,超時空,1996,DOS,1,,,,,站上沒有
cdg-2172,超時空英雄傳說,1996,DOS,3,cmtpkqegv04ao04jvnp0917py,超時空英雄傳說,4,DOS,
cdg-2173,超時空英雄傳說2：復仇魔神,1996,DOS,2,cmtpl3lsj07nw04jvd89y2v9d,超時空英雄傳說2,4,,
cdg-2262,黎明之砧,1996,DOS,3,cmtpku77705bk04jvurs2f8ub,黎明之砧,5,,要判
cdg-2262,黎明之砧,1996,DOS,3,cmtpkrzyn04p204jvq4s6veh1,Anvil of Dawn,1,,要判
cdg-2304,文明帝國2,1996,Win3.1、WinXP,2,,,,,站上沒有
cdg-2357,新蜀山劍俠,1996,DOS,3,cmtpkpmkk045u04jvov62w5o5,新蜀山劍俠,6,DOS,
cdg-2441,春秋爭霸傳2：問鼎天下,1996,DOS,4,,,,,站上沒有
cdg-2530,聖少女戰隊3,1996,DOS,4,cmtpkwmhc05v804jvt35s718q,聖少女戰隊3,3,DOS,
cdg-2558,迷走都市,1996,DOS,1,cmtpkv0dc05gz04jvywktk9j9,迷走都市,1,DOS,
cdg-2584,運鏢天下之四大鏢局,1996,DOS,2,cmtpkpmjj045q04jvuw6tq9kz,運鏢天下,2,,
cdg-2590,邊緣戰區,1996,DOS,1,cmtpkv09f05g604jvttbu4o7n,邊緣戰區,2,DOS,
cdg-2656,雪貓,1996,DOS,1,cmtpkxdkx062m04jvnd3so6p9,雪貓,1,DOS,
cdg-2676,雷神之鎚,1996,DOS,1,cmtpkv05m05fa04jv8vgj5298,雷神之鎚,3,,要判
cdg-2676,雷神之鎚,1996,DOS,1,cmtpkp9pw03xs04jvonz29tzb,QUAKE,3,,要判
cdg-2709,霹靂嬌娃,1996,DOS,1,cmtplw70e0epf04jveq4h263w,霹靂嬌娃,1,DOS,
cdg-2845,蜥蜴超人,1996,DOS,2,cmtpkznfq06qg04jvuvnvza1h,蜥蜴超人,1,DOS,
cdg-2865,金庸群俠傳,1996,DOS,1,cmtpksri304xd04jvflcodsjx,金庸群俠傳,8,DOS,
cdg-2905,銀河英雄傳說IV EX（微波）,1996,DOS,1,cmtpkqeh304ar04jvui0x7zr9,銀河英雄傳說IV EX,4,,
cdg-2961,創世機神,1996,DOS,2,cmtpkzn3k06mk04jv1s8c3qtl,創世機神,1,DOS,
cdg-2979,創世聖戰,1996,DOS,3,cmtpkr61v04ja04jvcml5pxg2,創世聖戰,1,DOS,
cdg-2984,劉伯溫傳奇,1996,DOS,2,cmtpknfd703gj04jvxcuqiqxc,劉伯溫傳奇,8,DOS,
cdg-2989,劍芒羅曼史,1996,DOS,2,cmtpkqein04b904jvhuf37cmo,劍芒羅曼史,1,DOS,
cdg-3051,排牌樂,1996,DOS,0,,,,,站上沒有
cdg-3195,模擬總統大選,1996,DOS,2,cmtpksrio04xj04jv4kbtogdg,模擬總統大選,1,DOS,
cdg-3228,機甲雄風4,1996,DOS,2,cmtpl0fmv06w004jvo082ug11,機甲雄風,1,,
cdg-3242,櫻花的季節,1996,DOS,1,cmtpky3jz06aa04jv0jqvr6ah,櫻花的季節,2,DOS,
cdg-3270,烈焰鋼狼傳,1996,DOS,3,cmtpko61o03n004jvcfxeebpb,烈焰鋼狼傳,3,DOS,
cdg-3283,無名指的教科書,1996,DOS,0,,,,,站上沒有
cdg-3317,熾天之翼,1996,DOS,1,cmtpkytqk06fe04jvc6nck4yq,熾天之翼,3,DOS,
cdg-3330,爆笑水滸傳,1996,DOS,3,cmtpks00l04pm04jvy8733kb5,爆笑水滸傳,3,DOS,
cdg-3366,學園退魔傳：玲子,1996,DOS,1,,,,,站上沒有
cdg-3435,英雄傳說2：屠龍戰記,1996,DOS,0,,,,,站上沒有
cdg-3434,英雄傳說：龍的傳人,1996,DOS,0,,,,,站上沒有
cdg-3436,英雄傳說3：白髮魔女,1996,DOS,1,,,,,站上沒有
cdg-3448,英雄聖戰,1996,DOS,1,cmtpksrje04xs04jvny26a6z0,英雄聖戰,4,DOS,
cdg-3458,華麗人生2,1996,DOS,2,,,,,站上沒有
cdg-3478,藍色石榴石,1996,DOS,3,cmtpl0fhj06ut04jvegse454h,藍色石榴石,1,DOS,
cdg-3504,特勤機甲隊2加強版,1996,DOS,1,,,,,站上沒有
cdg-3520,狂王3：劍與花束,1996,Windows,0,,,,,站上沒有
cdg-3526,狂龍傳,1996,DOS,2,,,,,站上沒有
cdg-3545,獵殺潛航,1996,DOS,0,cmtpkvtc305px04jviwca4u5g,獵殺潛航,1,DOS,
cdg-3570,瓊斯博士視窗大冒險,1996,Win3.1、Win9x,2,,,,,站上沒有
cdg-3581,麗獸,1996,DOS,0,cmtpksrko04y204jvvtyey3xl,麗獸,1,DOS,
cdg-3593,鋼鐵騎士團,1996,DOS,1,cmtpks01s04q004jvwok6nrvv,鋼鐵騎士團,2,DOS,
cdg-3594,鋼鐵騎士團2,1996,DOS,1,,,,,站上沒有
cdg-3600,鐵甲神兵,1996,DOS,0,cmtpkwmh205v504jvnkrjxvvj,鐵甲神兵,1,DOS,
cdg-3620,馬場大亨,1996,DOS,3,cmtpkqehb04au04jvusq9wop0,馬場大亨,2,DOS,
cdg-3636,高報酬戰將,1996,DOS,2,cmtpkpmjs045r04jvyckkkfq5,高報酬戰將,1,DOS,
cdg-3660,鬼馬小英雄,1996,DOS,2,cmtpks00c04pj04jvod3temyk,鬼馬小英雄,3,DOS,
cdg-3687,魔島大富翁,1996,DOS,1,cmtpkvt5z05o004jveol55o7y,魔島大富翁,4,DOS,
cdg-3686,魔導物語,1996,Windows,1,,,,,站上沒有
cdg-3756,魔界之泉2：動亂的魔都,1996,DOS,1,,,,,站上沒有
cdg-3766,魔眼邪神,1996,DOS,1,,,,,站上沒有
cdg-3797,歡樂天使,1996,DOS,4,cmtpkxdk5062g04jv003regny,歡樂天使,2,DOS,
cdg-3814,龍之傳奇,1996,DOS,1,cmtpkv0cj05gt04jvduinv308,龍之傳奇,2,DOS,
cdg-3832,龍騎士4,1996,DOS,2,cmtpkv0ha05hv04jvz2kvkdi9,龍騎士4,1,DOS,
cdg-3833,龍騰三國,1996,DOS,2,cmtpkvt1605mk04jv2s9v05o1,龍騰三國,2,DOS,
cdg-3837,2001特遣隊,1996,,1,cmtpkzn5v06n804jvo6ui9ndc,2001特遣隊,1,,
cdg-3838,2601帝國聯合艦隊,1996,DOS,1,cmtpl0fpp06wl04jvgsj3lr5e,2601帝國聯合艦隊,1,DOS,
cdg-3841,PSY幽記,1996,DOS,1,cmtpkp9t403yo04jv848bg473,PSY 幽記,5,,
cdg-3854,風雪江山,1996,,0,cmtpl1ja8076g04jvcgkcaj2q,風雪江山,1,,
cdg-3873,雷諾尼都紀事,1996,DOS,1,cmtpo2lz107rp04l6mluptzmm,迷城國度,1,,
cdg-3878,玫瑰騎士,1996,DOS,2,cmtpkytvb06gv04jvlsa49jw7,玫瑰騎士,1,DOS,
cdg-3883,魔棧,1996,,0,cmtpkvt8005om04jvnn56c8jj,魔棧,1,,
cdg-3911,危機特勤組,1996,DOS,1,cmtpl1iz8073x04jvlmcnpuw1,危機特勤組,2,DOS,
cdg-3919,小沙彌,1996,DOS,1,,,,,站上沒有
cdg-3923,熊貓大進擊,1996,DOS,0,cmtpktg8g053v04jvc7xz1148,熊貓大進擊,2,DOS,
cdg-4051,排球原人,1996,DOS,0,cmtpktg79053h04jvcvg6ox8a,排球原人,2,DOS,
cdg-4052,提督之決斷2,1996,,2,cmtpkqem504cg04jvmvdomn5e,提督的決斷II,3,,
cdg-4064,終極任務Z,1996,DOS,2,,,,,站上沒有
cdg-4069,賊佳拍檔,1996,DOS,2,cmtpkqel504c304jvd0v56phf,賊佳拍檔,1,DOS,
cdg-4070,赤日,1996,DOS,2,cmtpkp9sv03yn04jvnjf03iot,赤日,4,DOS,
cdg-4075,阿曼尼斯開國啟示錄：革命,1996,DOS,1,cmtpkqer504e904jvb96im271,AMARANTH KH,1,,
cdg-4127,烽火沙丘,1996,DOS,1,cmtpkr61k04j704jvycuo3oib,烽火沙丘,1,DOS,
cdg-4136,帝國霸業,1996,,0,cmtpkv08p05g004jvpr1vybl8,帝國霸業,2,,
cdg-4137,戰國,1996,DOS,1,cmtpkxdn0063204jv2lzwjbwg,戰國,1,DOS,
cdg-4139,異星突擊,1996,,2,cmtpki0dz02ws04jvalzmkeo2,異星突擊,5,,
cdg-4140,聖戰悍將,1996,,0,cmtpko63y03ng04jv8lhtwn7f,聖戰悍將,1,,
cdg-4142,鐵甲旗艦,1996,DOS,2,cmtpkol8j03tn04jvdmy66g0o,鐵甲旗艦,1,DOS,
cdg-4218,烽火連天,1996,Win9x,0,cmtpl2wvb07ka04jvs69x0zxi,烽火連天,1,WIN,
cdg-4446,雷諾尼都紀事2：賞金獵人,1996,DOS,0,,,,,站上沒有
cdg-4540,屠龍戰記（Darkness）,1996,,1,cmtpl0fqu06wu04jvca2odzdg,屠龍戰記,1,,
cdg-4541,金錢帝國黃金版,1996,Windows,0,cmtpl790608sx04jvqejalk5k,金錢帝國黃金版,1,,要判
cdg-4541,金錢帝國黃金版,1996,Windows,0,cmtpktgea055n04jv98c59asw,金錢帝國,2,,要判
cdg-4548,末日戰神,1996,,0,,,,,站上沒有
cdg-4551,R2,1996,Win9x,0,,,,,站上沒有
cdg-4885,獸鄉守護者2：黃泉の封印,1996,Windows,0,,,,,站上沒有
cdg-4977,遊戲修改大師FPE5.0,1996,DOS,4,,,,,站上沒有
cdg-5085,鋼鐵勁旅2,1996,DOS,0,cmtpl2b2y07ar04jvv3vi587b,鋼鐵勁旅 II,2,,
cdg-5090,中華職棒3,1996,,5,cmtpkwmde05u404jvawyqhxp6,中華職棒3,4,,
cdg-5092,創滅天地,1996,DOS,3,cmtpkytqa06fb04jvpx5wa7be,創滅天地,1,DOS,
cdg-5263,Lost in Town,1996,DOS、Win3.1,0,,,,,站上沒有
cdg-5266,機甲神兵2：空中武力,1996,Windows,0,,,,,站上沒有
cdg-5351,辛巴達幻境奇航,1996,Windows,3,cmtpkr5zn04in04jvrghwwzvw,辛巴達幻境奇航,2,WIN,
cdg-5358,政治樸克,1996,DOS,1,,,,,站上沒有
cdg-5359,魔水晶物語,1996,DOS,1,cmtpkr5z804ii04jv1cwfe3bn,魔水晶物語,1,,要判
cdg-5359,魔水晶物語,1996,DOS,1,cmt9rt6bv000b04js4yp098dw,魔水晶,4,,要判
cdg-5406,極道梟雄2,1996,DOS,0,,,,,站上沒有
cdg-5407,新世界爭霸戰,1996,DOS,0,cmtpkwmk405w504jvp9m0r7fy,新世界爭霸戰,1,DOS,
cdg-0054,ES方程式,1997,,0,,,,,站上沒有
cdg-0113,QQ三國志,1997,DOS,1,cmtpl635y08bp04jv2mwtrh4c,QQ 三國志,1,DOS,
cdg-0136,Young Guns 大富翁,1997,DOS,2,cmtpkxdhl061x04jv2wrrg7dw,Young Guns大富翁,2,,
cdg-0152,七大王朝,1997,Windows,1,cmtpl9h9l098n04jvm0nnkfdz,七大王朝,2,WIN,
cdg-0162,七英雄外傳：王者之師,1997,DOS,0,,,,,站上沒有
cdg-0173,公元2140,1997,DOS,0,cmtpl7z6d08uz04jvsqau1m88,公元2140,1,DOS,
cdg-0193,卒業：戀愛篇,1997,Windows,1,cmtpl8ou4090m04jv2d0z0yod,卒業戀愛篇,1,WIN,
cdg-0194,卒業2～Neo Generation～,1997,Windows,1,,,,,站上沒有
cdg-0231,三國志蜀漢英雄傳,1997,DOS,1,cmtpl558v085s04jv483mqd6z,三國志 蜀漢英雄傳,1,DOS,
cdg-0270,三隻眼變成：吸精公主,1997,Windows,2,cmtpl78vy08rq04jvn4gz0b0v,3 x 3 EYES 吸精公主,1,,
cdg-0279,上古英雄傳,1997,DOS,0,,,,,站上沒有
cdg-0301,中國武將列傳,1997,DOS,0,cmtpl2b5207bc04jvd6eg1goj,中國武將列傳,2,DOS,
cdg-0353,大唐英雄傳,1997,DOS,2,cmtpniwey03pp04l65307a42f,大唐英雄傳,1,DOS,
cdg-0359,大地雄師,1997,DOS,0,cmtpl636y08c104jvn2jwuezw,大地雄師,1,DOS,
cdg-0378,大富翁之城市英雄,1997,DOS,1,,,,,站上沒有
cdg-0382,大富翁樂園,1997,DOS,0,cmtpl2b6q07bu04jvgsg0qqlg,大富翁樂園,1,DOS,
cdg-0384,大富翁總動員：瘋狂模擬戰,1997,DOS,1,cmtpl8p2y093g04jvej7k6fm7,大富翁總動員,1,,
cdg-0434,天使之約,1997,Windows,2,cmtpl4d5i07xj04jv8pwbwunf,天使之約,2,WIN,
cdg-0470,天晴傳：伏龍之章,1997,DOS,1,cmtpkwmfw05ut04jv7bfv9ikm,天晴傳,2,,
cdg-0481,天龍八部,1997,DOS,1,cmtpkxdnf063504jvndolx5x6,天龍八部,14,,
cdg-0484,太子傳說,1997,DOS,1,,,,,站上沒有
cdg-0519,小惠的性知識大百科,1997,DOS,1,,,,,站上沒有
cdg-0542,少女魔法師,1997,Windows,1,cmtpl6vg408nu04jv4bp2gsfk,少女魔法師,2,WIN,
cdg-0552,山海經：神州戰役,1997,DOS,1,,,,,站上沒有
cdg-0575,幻想時空,1997,Windows,1,cmtpl5599085x04jvixgp722m,幻想時空,3,WIN,
cdg-0622,水滸傳2：天導一○八星,1997,Windows,0,,,,,站上沒有
cdg-0623,水滸傳：梁山英雄,1997,DOS,2,cmtpl1ivx072z04jvea0qyli4,水滸傳 梁山英雄,2,DOS,
cdg-0626,水滸英雄傳：火之魂,1997,DOS,1,,,,,站上沒有
cdg-0666,世紀帝國,1997,Windows,1,cmtplab8109i104jvho5o1s18,世紀帝國,2,,要判
cdg-0666,世紀帝國,1997,Windows,1,cmu5g93qj001a04ky9vlnep2l,Age of Empires,1,,要判
cdg-0674,世紀終極賽車,1997,Windows,1,,,,,站上沒有
cdg-0713,失落的大地：亞特蘭大之謎,1997,DOS,0,,,,,站上沒有
cdg-0725,正宗台灣十六張麻將2,1997,DOS,1,,,,,站上沒有
cdg-0745,玉蒲團之浪史奇觀,1997,DOS,0,cmtpl55c5086p04jv2shtdtnl,玉蒲團之浪史奇觀,1,,要判
cdg-0745,玉蒲團之浪史奇觀,1997,DOS,0,cmtpl55bm086o04jvt2611a4v,玉蒲團,1,,要判
cdg-0765,地獄也瘋狂,1997,DOS,1,cmtpl78bk08q004jvdo9aj5af,地獄也瘋狂,1,DOS,
cdg-0846,至尊麻將,1997,Windows,0,,,,,站上沒有
cdg-0907,古墓奇兵2：西安匕首,1997,Windows,0,cmtpl78g208qw04jvzvxfcbwy,古墓奇兵2：西安匕首,1,WIN,
cdg-0917,古大陸物語4：銀翼傳承,1997,DOS,1,,,,,站上沒有
cdg-0919,古大陸物語8：勇者鬥狂神,1997,Windows,1,cmtpl0fuc06xm04jvnyetcit9,狂神之都,1,,
cdg-0965,名車大賽4,1997,Windows,1,,,,,站上沒有
cdg-0979,吞食天地3,1997,DOS,3,cmtpky3hs069m04jv3rbo1o8z,吞食天地3,2,DOS,
cdg-1082,妖擊隊：邪神降魔錄,1997,DOS,0,cmtpkgvpm02lo04jvxqdfpo3l,妖擊隊,3,,
cdg-1222,洛克人X3,1997,Windows,1,cmtpl4d9207yp04jviptrd7bk,洛克人 X3,1,WIN,
cdg-1368,青少棒揚威記,1997,DOS,3,cmtpl3lxh07pc04jvq2pder94,VR青少棒揚威記,2,,
cdg-1385,勇者泡泡龍,1997,DOS,0,cmtpl1ixq073h04jvwj7txilb,勇者泡泡龍,2,DOS,
cdg-1411,皇后,1997,DOS,2,cmtpl637808c404jvavcxqq3j,皇后,1,DOS,
cdg-1453,美國空戰1918,1997,Windows,1,,,,,站上沒有
cdg-1553,香蕉俱樂部,1997,DOS,1,,,,,站上沒有
cdg-1618,俠客英雄傳3,1997,DOS,3,cmtpknfbu03g804jvwuams3cu,俠客英雄傳 3,7,DOS,
cdg-1635,俠義豪情傳：禁煙風雲,1997,DOS,0,cmtplbllw09r404jvlg6qly6w,俠義豪情傳～禁煙風雲,1,,
cdg-1642,信長之野望7：將星錄,1997,Windows,0,,,,,站上沒有
cdg-1774,惡靈古堡,1997,Windows,1,cmtpl2bh007ex04jvgjvhl60x,惡靈古堡,2,WIN,
cdg-1787,愛琴日記,1997,DOS,0,cmtpl2beh07e304jvmh669i9r,愛琴日記,1,DOS,
cdg-1797,撼天神塔2：魔界重現,1997,DOS,1,,,,,站上沒有
cdg-1798,撼天神塔3：魔誡,1997,DOS,1,,,,,站上沒有
cdg-1802,戀愛物語,1997,Win3.1、Win9x,0,cmtpl0fib06uz04jv0zrpe49w,戀愛物語,4,WIN,
cdg-1830,神劍遊俠傳,1997,DOS,2,cmtpl63m408g104jvvyxliwb0,神劍遊俠傳,2,DOS,
cdg-1832,神奇傳說,1997,Windows,0,cmtpl1ipb071104jvnj9odlxq,神奇傳說,6,,要判
cdg-1832,神奇傳說,1997,Windows,0,cmtpkznf606q704jvbvhoqntl,Farland Saga,1,,要判
cdg-1833,神奇傳說2：時空道標,1997,Windows,1,cmtpl7zdu08xg04jvwkp1gzu5,神奇傳說2－時空道標,1,WIN,
cdg-1836,神奇堆堆樂：動感積木,1997,Windows,0,,,,,站上沒有
cdg-1848,神諭,1997,DOS,2,cmtpl0fet06u704jv9jss17zm,神諭,2,DOS,
cdg-1857,神鵰俠侶,1997,DOS,2,cmtpl1iw8073204jvayk5st28,神鵰俠侶,5,DOS,
cdg-1864,禁斷之血族,1997,Windows,1,cmtpl1irl071o04jvlqyelb9o,禁斷之血族,1,WIN,
cdg-1894,軒轅聖戰錄,1997,DOS,1,cmtpl6v7408l104jv91btuvwb,軒轅聖戰錄,5,DOS,
cdg-1949,異星搜奇,1997,DOS,2,cmtpkp9qt03xx04jv0nk3w975,異星搜奇,4,DOS,
cdg-1977,鴉片戰爭：禁煙風雲,1997,Win3.1、Win9x,1,cmtpletbv0amh04jvpjivjh2c,鴉片戰爭,1,,
cdg-1981,鹿鼎記,1997,DOS,1,cmtpk4x3q00ya04jv3v6ihgsb,鹿鼎記,10,DOS,
cdg-2040,紅樓夢之玲瓏彩玉,1997,Windows,1,cmtpl4d5007xd04jvajiod6h1,紅樓夢之玲瓏彩玉,1,WIN,
cdg-2105,絕音魔琴,1997,DOS,2,cmtpl2wpj07iy04jv744gxoqy,絕音魔琴,3,DOS,
cdg-2152,象棋水滸戰,1997,Win3.1,1,,,,,站上沒有
cdg-2193,超級四川省,1997,DOS,0,,,,,站上沒有
cdg-2228,超級酒店大亨,1997,DOS,1,cmtpl7z3y08u604jvmfgmg49v,超級酒店大亨,3,DOS,
cdg-2277,黑暗聖戰錄,1997,DOS,0,cmtpl9h4o097i04jvm6tzgwuy,黑暗聖戰錄,1,DOS,
cdg-2317,新世紀福音戰士：鋼鐵Girl Friend,1997,Windows,1,,,,,站上沒有
cdg-2340,新狼人摩天樓,1997,DOS,2,cmtpksrkf04xz04jvyxm3zlg8,新狼人摩天樓,1,DOS,
cdg-2354,新英雄傳說,1997,Windows,1,cmsreh08y004j04iepiyqm3fu,新英雄傳說,2,WIN,
cdg-2379,明日之星2,1997,DOS,1,,,,,站上沒有
cdg-2517,聖域爭輝,1997,Windows,5,cmtpl2wnm07ij04jvx95u2aiw,聖域爭輝,3,WIN,
cdg-2525,聖女傳說,1997,DOS,1,cmtpl2wpx07j104jvy8rtfq8t,聖女傳說,1,DOS,
cdg-2705,霸王迷魂車,1997,DOS,1,cmtpl3lyo07po04jvkk6rccat,霸王迷魂車,2,DOS,
cdg-2711,霹靂幽靈箭,1997,DOS,3,cmtpl3ly307pi04jv4q6v6ks1,霹靂幽靈箭,6,DOS,
cdg-2808,瘋狂麻將：世界大暴走,1997,DOS,2,cmtpl3lzf07pw04jvutcb31mp,瘋狂麻將,1,,
cdg-2883,金瓶梅之偷情寶鑑,1997,DOS,1,cmtpl2wwc07ki04jv6nkhvhwi,金瓶梅之偷情寶鑑,1,DOS,
cdg-2903,銀河英雄／寒漠風暴,1997,DOS,2,cmsvpx5ap001904ldd264g5gn,銀河英雄,5,,要判
cdg-2903,銀河英雄／寒漠風暴,1997,DOS,2,cmtpl1iwp073504jv5ua0oxoo,寒漠風暴,1,,要判
cdg-2906,銀河英雄傳說IV EX（大宇）,1997,Windows,0,cmtpkqeh304ar04jvui0x7zr9,銀河英雄傳說IV EX,4,,
cdg-2986,劍俠情緣,1997,DOS,0,cmtplaazv09fb04jva7o7nkzl,劍俠情緣,1,DOS,
cdg-3181,模擬大樓,1997,Windows,2,cmtpkol6j03t304jvdypqahcb,模擬大樓,1,,要判
cdg-3181,模擬大樓,1997,Windows,2,cmtpl8p3e093l04jv5go9myma,摩天大樓,1,,要判
cdg-3210,模擬首都,1997,DOS,2,cmtple5ci0aci04jvkjzn1b6e,模擬首都,2,DOS,
cdg-3231,橫掃千軍,1997,Windows,5,cmtpkg3am02eb04jvget0tni4,橫掃千軍,4,WIN,
cdg-3350,賭神：至尊之戰,1997,DOS,0,,,,,站上沒有
cdg-3360,赤壁,1997,Windows,1,,,,,站上沒有
cdg-3437,英雄傳說4：朱紅血,1997,DOS,0,cmtpl2wu607k104jv7ks7z5a0,英雄傳說 IV：朱紅血,1,,
cdg-3445,英雄戰記：德亞斯的邪念,1997,DOS,2,,,,,站上沒有
cdg-3598,鏡花緣：百花仙子,1997,Windows,2,,,,,站上沒有
cdg-3601,鐵甲紀元：戰魂,1997,DOS,1,,,,,站上沒有
cdg-3646,鬥鬥龍,1997,Windows,1,,,,,站上沒有
cdg-3662,魍魎戰記：大金剛輪篇,1997,DOS,0,,,,,站上沒有
cdg-3770,魔神戰記2,1997,DOS,2,cmtpky3ia069s04jvzd5m513a,魔神戰記2,1,DOS,
cdg-3772,魔空霸傳,1997,DOS,1,cmtpl632z08ar04jvmrrj755f,魔空霸傳,3,DOS,
cdg-3844,創世封魔傳,1997,DOS,1,cmtpkzn4o06mv04jv9btu6dcy,創世封魔傳,3,DOS,
cdg-3858,格殺令,1997,DOS,1,cmtpl4d4l07x804jvdciznu4r,格殺令,1,DOS,
cdg-3888,青澀的果實,1997,DOS,4,cmtpl4d4a07x504jvg4ltw086,青澀的果實,1,,
cdg-3891,日沒,1997,,0,,,,,站上沒有
cdg-3898,聖光島：摩羅王朝戰記,1997,DOS,1,cmtpkvt6m05o704jvjpxquka7,聖光島,3,,
cdg-3908,天師鍾馗,1997,DOS,0,,,,,站上沒有
cdg-3929,炸彈超人,1997,DOS,0,cmtpl2b7e07c104jvw3vglslz,炸彈超人,2,DOS,
cdg-3934,中原鏢局,1997,DOS,0,cmtpkzn7n06ns04jv9xylksk2,中原鏢局,2,DOS,
cdg-4041,女神學園,1997,DOS,0,cmtpl6v8108la04jvb0di3uk8,女神學園,2,DOS,
cdg-4058,火狐狸,1997,,0,,,,,站上沒有
cdg-4067,虎將神兵,1997,DOS,1,cmtpkwmdo05u704jv796wy61h,虎將神兵,2,DOS,
cdg-4082,黑道當家,1997,DOS,0,cmtpl0fgp06um04jvpk8pgpac,黑道當家,2,DOS,
cdg-4143,三國列傳,1997,DOS,0,cmtpl55b7086k04jvtyqk0pwf,三國列傳,1,DOS,
cdg-4144,幻世喜譚,1997,,0,cmtpl1irv071r04jvqm7cy71s,幻世喜譚,1,,
cdg-4147,聖戰物語,1997,DOS,0,cmtpl556o085004jvghsapogz,聖戰物語,2,,要判
cdg-4147,聖戰物語,1997,DOS,0,cmtpkyu1x06j404jvs9et5huj,Duel Succession,1,,要判
cdg-4148,聖戰風雲錄,1997,,0,cmtpl559i086004jvuk7hym44,聖戰風雲錄,2,,
cdg-4150,邪神,1997,DOS,0,cmtpl8ovd091004jv1m0klns8,邪神,1,DOS,
cdg-4286,魔石神劍錄,1997,Windows,1,cmtpl4d7q07ya04jvp5i0g8rb,魔石神劍錄,3,WIN,
cdg-4519,真命天子,1997,Windows,1,cmsreh07w004104ieiqd6pbos,真命天子,3,WIN,
cdg-4531,諸神的封印,1997,DOS,1,,,,,站上沒有
cdg-4549,EIMMY 愛咪,1997,,0,cmtpktg92054104jvtoyhni7r,EIMMY,2,,
cdg-4561,毛利元就傳,1997,Windows,0,cmtpl4ddy07zp04jvyu9b55r8,毛利元就－誓いの三矢,2,,名稱含假名
cdg-5086,鋼鐵勁旅3,1997,DOS,0,cmtpl7z7y08vh04jv1ez4q1yu,鋼鐵勁旅III,1,,
cdg-5089,砰砰樂園,1997,DOS,1,cmtpl1iyx073u04jv92l5ninr,砰砰樂園,2,DOS,
cdg-5128,工人物語2：黃金版,1997,DOS,0,,,,,站上沒有
cdg-5148,時空戀人,1997,Windows,1,cmtplasl509ng04jvmuvvut8b,時空戀人,1,WIN,
cdg-5195,星球X計畫,1997,DOS,0,,,,,站上沒有
cdg-5198,妖魔獵人,1997,Windows,0,cmtpl2wot07is04jvtk25xfpf,妖魔獵人,2,WIN,
cdg-5215,美夢成真,1997,PlayStation、Sega Saturn,2,cmsreh06i003g04ierhqjcwyq,美夢成真,3,PS、SS,
cdg-5301,帝國生死鬥,1997,Win9x,3,cmtpl552i083l04jv9s9kmd4a,帝國生死鬥,2,WIN,
cdg-0053,EQ大富翁,1998,Windows,1,cmtplab2b09g504jvktabgl06,EQ大富翁,1,WIN,
cdg-0157,七年戰爭,1998,Windows,1,cmtplet7s0alq04jvsr3ex39n,七年戰爭,2,WIN,
cdg-0169,八龍神傳說,1998,Windows,3,cmtpletax0am604jvghzolthh,八龍神傳說,1,WIN,
cdg-0215,三國志6,1998,Windows,2,cmtpl8p84094u04jvqkiaoezv,三國志 VI,4,,
cdg-0239,三國群英傳,1998,Windows,2,cmtpl9h6j097y04jvid5apvcs,三國群英傳,1,WIN,
cdg-0259,三國麻將風雲,1998,Windows,2,,,,,站上沒有
cdg-0287,上海大富翁1940,1998,Windows,1,cmtplgrnh0b1804jvtkvvw5do,上海大富翁1940,2,WIN,
cdg-0319,中華一番客棧,1998,Windows,2,cmss8fs6b005w04jsyczf5u67,中華一番客棧,2,WIN,
cdg-0367,大富翁4,1998,Windows,2,cmtpl9h4b097f04jve6bonlv5,大富翁4,2,WIN,
cdg-0420,大航海時代2外傳,1998,Windows,0,,,,,站上沒有
cdg-0483,天龍八部之六脈神劍,1998,Windows,2,,,,,站上沒有
cdg-0486,太平天國,1998,DOS,1,cmtplv1dk0eeu04jvwizilzss,太平天國,1,DOS,
cdg-0511,小叮噹大富翁,1998,Windows,0,cmtplgrnu0b1c04jvzfzvkpsz,小叮噹大富翁,2,WIN,
cdg-0543,少女魔法師2,1998,Windows,1,cmtplaayn09ey04jvyzif96nw,少女魔法師2,2,WIN,
cdg-0555,工人物語3,1998,Windows,2,,,,,站上沒有
cdg-0564,幻世錄,1998,Windows,3,cmtplc50d09xz04jvg2t9g5lu,幻世錄,1,WIN,
cdg-0566,幻影特攻,1998,Windows,1,cmtplgzvo0b8504jvqhh060sg,幻影特攻,1,WIN,
cdg-0576,幻想水滸傳1,1998,Windows,3,,,,,站上沒有
cdg-0590,幻界霸者,1998,DOS,1,cmtplfdx10aqv04jvn98dwsq2,幻界霸者,2,DOS,
cdg-0630,永遠的伊蘇,1998,Windows,0,cmtpletbc0amb04jvdw7nfpj7,永遠的伊蘇,1,WIN,
cdg-0720,正宗中國暗棋,1998,Windows,0,,,,,站上沒有
cdg-0736,武士魂之適者生存,1998,Windows,1,cmtplfzgg0avy04jvbyemy4so,武士魂之適者生存,1,WIN,
cdg-0795,守護者之劍,1998,Windows,2,cmtpl9h5a097n04jvk1waywka,守護者之劍,2,WIN,
cdg-0807,富甲天下2,1998,DOS,2,cmtpkzn6u06nj04jvzist87rv,富甲天下2,5,DOS,
cdg-0803,官能教習,1998,DOS,2,,,,,站上沒有
cdg-0898,西風狂詩曲,1998,Windows,1,cmtplgry00b4a04jv27rhdysj,西風狂詩曲,1,WIN,
cdg-0902,解放軍之怒,1998,Windows,2,cmtplm10i0cgv04jvvznv9i2g,解放軍之怒,1,WIN,
cdg-0908,古墓奇兵3：蘿拉的冒險,1998,Windows,0,,,,,站上沒有
cdg-0914,古大陸物語：魔城戮戰 - 四個封印,1998,Windows,1,,,,,站上沒有
cdg-0918,古大陸物語5：毀滅天鏡,1998,DOS,1,cmtplcvta0a2s04jvzx4wcpvj,毀滅天鏡,1,,
cdg-0922,古文明霸王傳,1998,DOS,2,cmtple53m0aa304jv61xvo779,古文明霸王傳,7,DOS,
cdg-0966,名車大賽5,1998,Windows,0,,,,,站上沒有
cdg-1030,四川省2000,1998,Windows,1,,,,,站上沒有
cdg-1050,國王密使8：永恆面具,1998,Windows,2,,,,,站上沒有
cdg-1133,江南才子唐伯虎,1998,DOS,1,cmtplfzfl0avs04jv3lcqsga3,江南才子 唐伯虎,2,DOS,
cdg-1135,江湖任我行,1998,DOS,0,,,,,站上沒有
cdg-1148,決戰中國象棋2,1998,DOS,3,cmtplet680alk04jv3vtqtwzb,決戰中國象棋 2,2,DOS,
cdg-1223,洛克人X4,1998,Windows,1,cmtplcvw50a3r04jvzya7ozmu,洛克人 X4,3,WIN,
cdg-1237,洪荒時代,1998,Windows,2,cmtplfe0o0ar404jv88l5nmvr,洪荒時代,1,WIN,
cdg-1239,浪漫創世神話,1998,Windows,1,cmtplet6r0aln04jvmxxs62bv,浪漫創世神話,3,WIN,
cdg-1252,深入地心,1998,Windows,3,cmtplfzx00az504jv8ubfnt9m,深入地心,1,WIN,
cdg-1342,阿帕契捍衛隊,1998,Windows,0,,,,,站上沒有
cdg-1355,阿貓阿狗,1998,DOS,2,cmtpl2b4607b304jv8iva8fs7,阿貓阿狗,5,DOS,
cdg-1386,勇者泡泡龍2,1998,Win9x、WinXP,4,cmtplcvv00a3d04jvaraq9arh,勇者泡泡龍 2,1,WIN,
cdg-1439,科隆戰記：受咒之地,1998,Win9x,1,cmtple55j0aad04jv6pvmjcvr,科隆戰記～受咒之地,3,WIN,
cdg-1440,科隆戰記2：闇黑帝降臨,1998,Win9x,0,cmtpki0ld02z104jvkvl8qqgp,カスタムメイト・2,5,,要判、名稱含假名
cdg-1440,科隆戰記2：闇黑帝降臨,1998,Win9x,0,cmu84x4q3008b04ih95xup8yj,ガングリフォンII,3,,要判、名稱含假名
cdg-1479,美少女夢工場3：夢幻妖精,1998,Windows,1,,,,,站上沒有
cdg-1501,頑劣家族之搶錢任務,1998,Windows,2,cmtplaayx09f104jvxq5qo2d8,頑劣家族之搶錢任務,1,WIN,
cdg-1506,頭號通緝犯,1998,DOS,1,,,,,站上沒有
cdg-1534,風雲：天下會,1998,Windows,8,cmtplfzow0axq04jv1fy27tlu,風雲之天下會,2,,
cdg-1558,人間道之少年燕赤霞,1998,DOS,1,cmtplab0n09fk04jvtoxcoii4,人間道之少年燕赤霞,1,DOS,
cdg-1588,伊甸風暴,1998,DOS,0,cmtplcvvu0a3n04jvmw0zn366,伊甸風暴,1,DOS,
cdg-1616,俠客新傳,1998,Windows,1,cmtple54z0aab04jv5jnhf9jc,俠客新傳,4,WIN,
cdg-1624,俠客遊：未來之書,1998,Windows,2,cmtple53s0aa404jvv5glzorx,俠客遊～未來之書,3,WIN,
cdg-1682,光速兔崽子2,1998,Windows,1,,,,,站上沒有
cdg-1684,光闇紀事,1998,Windows,3,,,,,站上沒有
cdg-1706,封神演義（1998）,1998,Win9x,2,cmtpkytpi06f204jviow5mcu8,封神演義,6,,
cdg-1751,恐龍動物園,1998,DOS,0,cmtpl78al08pw04jvsgj46m9k,恐龍動物園,2,DOS,
cdg-1764,恰哥與肥佬,1998,Windows,2,cmtple54a0aa704jv68972pff,恰哥與肥佬,3,WIN,
cdg-1768,惑星戰將,1998,Windows,1,,,,,站上沒有
cdg-1800,撼天神塔VT：犧牲者之塔,1998,Windows,4,cmtpl0fs406x504jvkik3ll8e,BRANDISH VT,1,,
cdg-1803,戀愛物語：魔法學園,1998,Windows,2,,,,,站上沒有
cdg-1925,生化兵器,1998,Windows,1,,,,,站上沒有
cdg-1956,第三地球,1998,Windows,1,cmtpletcg0amn04jvsfmwnwjn,第三地球,1,WIN,
cdg-1984,鹿鼎記2：神龍教,1998,Windows,2,,,,,站上沒有
cdg-1992,麻將大師2：實戰台灣麻將,1998,Win9x,1,,,,,站上沒有
cdg-2039,紅樓夢之十二金釵,1998,DOS、Win9x,3,,,,,站上沒有
cdg-2050,純愛手札,1998,Windows,1,cmtplfdx90aqw04jvklv5bpft,純愛手札,2,,要判
cdg-2050,純愛手札,1998,Windows,1,cmtplblxo09uk04jvmxecigaw,ときめきメモリアル～Forever With You,1,,要判、名稱含假名
cdg-2117,網戰俄羅斯,1998,Windows,3,,,,,站上沒有
cdg-2150,象棋武林帖,1998,Win3.1、Win9x、WinXP,1,,,,,站上沒有
cdg-2155,象棋路邊攤,1998,Windows,0,cmtplet5z0alh04jv57jfjeoz,象棋路邊攤,1,WIN,
cdg-2174,超時空英雄傳說2外傳：北方密使,1998,DOS,2,cmtplbloa09ru04jv8tf4mu2t,超時空英雄傳說2～北方密使,1,,
cdg-2182,超級五子棋,1998,DOS,4,cmtplcvvi0a3j04jv196om1eq,超級五子棋,1,DOS,
cdg-2230,超級醫生3,1998,Windows,1,cmtplgrz40b4m04jviobws27x,超級醫生3,1,WIN,
cdg-2382,明星之夢,1998,Windows,1,cmtplfdxz0aqy04jvrisx0w7u,明星之夢,4,WIN,
cdg-2387,明星志願2,1998,Windows,1,cmss8fsd3008q04js0n6vgkji,明星志願2,4,WIN,
cdg-2401,星月奇緣,1998,DOS,1,cmtplab1f09fu04jvncyq7fly,星月奇緣,1,DOS,
cdg-2404,星海爭霸,1998,Windows,0,cmtpl639h08ct04jvw6fe96sf,星海爭霸,8,WIN,
cdg-2486,最終幻想7,1998,Windows,0,cmtplcvyc0a4f04jv3mozfu44,太空戰士 7,2,,
cdg-2527,聖少女學園：水晶組,1998,Windows,1,cmtplj0080bnx04jvufwce0hy,聖少女學園～水晶組,2,WIN,
cdg-2721,靈劍傳奇,1998,DOS、Win9x,1,cmtpl8ovw091604jvqm22td1n,靈劍傳奇,3,DOS、WIN,
cdg-2749,夢幻西餐廳,1998,Windows,1,cmtplaskx09nd04jvfqkt2n3k,夢幻西餐廳,2,WIN,
cdg-2844,蜘蛛超人,1998,Windows,0,cmtplbll209qv04jv9xtifwdv,蜘蛛超人,1,WIN,
cdg-2921,銀河騎士團,1998,Windows,0,,,,,站上沒有
cdg-3090,校園水滸傳：少年英雄,1998,DOS,1,,,,,站上沒有
cdg-3165,樂高鐵路大亨,1998,Windows,1,cmtplnxnp0cw804jvxxcllvra,樂高鐵路大亨,1,WIN,
cdg-3254,火爆鄉巴佬2,1998,DOS,1,,,,,站上沒有
cdg-3266,炎龍騎士團外傳：風之紋章,1998,DOS,1,cmtpl2b4n07b804jvaax42ra3,炎龍騎士團外傳風之紋章,2,DOS,
cdg-3278,無人島物語R,1998,Win9x、WinXP,0,cmtpl6vdp08n004jv0nkxlqog,無人島物語R,4,WIN,
cdg-3373,戰國美少女：斬斷雲空,1998,Windows,3,cmtplfe850att04jvnwid1z3o,戰國美少女 斬斷雲空,1,WIN,
cdg-3406,戰神紀事,1998,DOS、Windows,3,cmtplcvu70a3304jv9adlhv6c,戰神紀事,1,DOS、WIN,
cdg-3422,花木蘭（1998）,1998,DOS,2,cmtplaaxz09eq04jvslj723mt,花木蘭,2,,
cdg-3467,蒼狼與白鹿4：成吉思汗,1998,Windows,0,,,,,站上沒有
cdg-3539,獅王傳說,1998,Win9x,2,cmtplc55z09zb04jve3vq47zu,獅王傳說,1,WIN,
cdg-3541,獨霸武林之梟雄天下,1998,Windows,1,,,,,站上沒有
cdg-3555,玩具奇兵,1998,Windows,1,cmtpletdt0an204jvimy80g2x,玩具奇兵,2,WIN,
cdg-3597,鏡花緣,1998,Windows,1,cmtplblk009qk04jvrp2gdfry,鏡花緣,1,WIN,
cdg-3606,鐵路大亨2,1998,Windows,0,cmtple5790aay04jvf3re0m8p,鐵路大亨2,3,WIN,
cdg-3616,閃靈奇兵,1998,Windows,1,cmtplgzw00b8704jvjv5663u7,閃靈奇兵,1,WIN,
cdg-3663,魔喚精靈,1998,Windows,1,cmtplfzwj0az204jvegdr19m8,魔喚精靈,1,,要判
cdg-3663,魔喚精靈,1998,Windows,1,cmtpl8p8e094x04jvgtowww9a,VANTAGE MASTER,5,,要判
cdg-3664,魔喚精靈2,1998,Windows,1,,,,,站上沒有
cdg-3671,魔域傳說：永恆之書,1998,Windows,7,,,,,站上沒有
cdg-3673,魔域幻境,1998,Windows,1,cmtpl639808cq04jv08q6hbl8,魔域幻境,5,,要判
cdg-3673,魔域幻境,1998,Windows,1,cmtpk135i00en04jvols8ysj9,Unreal,1,,要判
cdg-3689,魔幻天下,1998,Windows,1,cmtple54t0aaa04jvcf74rte4,魔幻天下,4,WIN,
cdg-3722,魔法軍團,1998,DOS、Win9x,1,cmtpl55af086a04jvg00wno35,魔法軍團,4,,要判
cdg-3722,魔法軍團,1998,DOS、Win9x,1,cmtpl55aa086904jvpvh07hmo,Warlocks,1,,要判
cdg-3730,魔法門6：奉天承運,1998,Windows,1,,,,,站上沒有
cdg-3771,魔神爭霸,1998,Win9x,1,cmtpl1ixf073e04jvb5isbitp,魔神爭霸,2,WIN,
cdg-3823,龍機傳承,1998,Windows,1,cmtpl3lzp07pz04jvaujcy8tv,龍機傳承,3,WIN,
cdg-3826,龍王三國正史,1998,Windows,5,cmtpl6vde08mx04jvv23yolrk,龍王三國演義,1,,
cdg-3875,劉備傳,1998,DOS,1,cmtplcvsi0a2j04jvqfqbf3kf,劉備傳,5,DOS,
cdg-3880,魔日傳說,1998,,2,cmtpl9h6y098104jvxvusmamh,魔日傳說,1,,
cdg-3906,天帝之子,1998,DOS,0,,,,,站上沒有
cdg-3920,邪靈世紀,1998,,0,,,,,站上沒有
cdg-3924,炎龍騎士團1+2,1998,DOS,0,,,,,站上沒有
cdg-4045,誌武神大戰,1998,DOS,0,,,,,站上沒有
cdg-4066,薛家將：征東神話,1998,DOS、Win9x,0,,,,,站上沒有
cdg-4267,迦陵演義,1998,Windows,0,cmtplfzew0avn04jvaawzaajw,迦陵演義,1,WIN,
cdg-4517,快刀亂麻,1998,Win9x,0,cmtpl9hl309b604jvs3fx5c6r,快刀亂麻,3,WIN,
cdg-4518,台灣職棒大聯盟,1998,Windows,0,cmtple53f0aa204jv0e4czydl,台灣職棒大聯盟,3,WIN,
cdg-4559,三國志曹操傳,1998,Windows,0,cmtplgzvb0b8304jv6pgozs6y,三國志曹操傳,1,WIN,
cdg-4560,織田信長傳,1998,Windows,0,cmtple5e60acx04jvyhbdlfng,織田信長傳,4,WIN,
cdg-4778,聖魔大戰,1998,Windows,2,cmtpljyld0bu304jvo94pgf4a,聖魔大戰,4,WIN,
cdg-4780,秘境傳說,1998,Windows,1,cmss8frvm001j04jss6uivsko,秘境傳說,1,,要判
cdg-4780,秘境傳說,1998,Windows,1,cmtplmm6m0cjx04jv3zk3t3sg,Midgard,1,,要判
cdg-4814,大運動會～競技美少女,1998,Windows,2,,,,,站上沒有
cdg-4864,夢幻奇緣,1998,Windows,1,cmtplmm480cj904jv2bs1qptz,夢幻奇緣,1,WIN,
cdg-4867,軒轅劍黃金紀念版,1998,DOS,0,,,,,站上沒有
cdg-4877,戰國風雲,1998,Windows,0,cmtplgzut0b8004jv319e6ctz,戰國風雲,1,WIN,
cdg-4878,決戰2051,1998,Windows,2,cmtplokje0d1304jv23v19k85,決戰2051,1,,
cdg-5088,球球寶貝,1998,Windows,0,cmtplmm4u0cjf04jve2w7i9g2,球球寶貝,1,WIN,
cdg-5115,烏龍道士,1998,Windows,1,cmtplnxi30cun04jvjmxczpzn,烏龍道士,1,WIN,
cdg-5119,流氓大亨,1998,Windows,0,cmtpljyuu0bw804jvyydd4zj2,流氓大亨,1,WIN,
cdg-5122,歐洲空戰風雲,1998,Windows,0,cmtplgzyx0b9604jvev5xjshy,歐洲空戰風雲,1,WIN,
cdg-5127,七大王朝：古文明霸主,1998,Windows,0,,,,,站上沒有
cdg-5155,藍調情人,1998,Win9x,1,cmtpliao50bhc04jv9557ak1v,藍調情人,1,WIN,
cdg-5188,HiToMi～瞳～,1998,Windows,1,,,,,站上沒有
cdg-5191,城市獵人（北条司）,1998,Windows,0,,,,,站上沒有
cdg-5194,毀天滅地（天堂鳥）,1998,DOS,0,cmsvomi68003504jp9m0zufzn,毀天滅地,4,,
cdg-5196,四國志,1998,Windows,0,,,,,站上沒有
cdg-5197,大地之劍,1998,DOS,0,,,,,站上沒有
cdg-5210,羅馬霸主,1998,Windows,0,,,,,站上沒有
cdg-5214,越野大車拼2,1998,Windows,0,,,,,站上沒有
cdg-5216,重返克朗多,1998,Windows,2,cmtplgzzp0b9b04jvg76jiwlb,重返克朗多,2,WIN,
cdg-5245,銀河戰國列傳 GXR：時空的使者,1998,Windows,1,,,,,站上沒有
cdg-5325,棋藝風雲錄,1998,Windows,2,,,,,站上沒有
cdg-5329,大宗師,1998,Win9x,2,cmtplfdz20ar104jv9u869itt,大宗師,1,WIN,
cdg-5347,天銥計劃,1998,Windows,1,,,,,站上沒有
cdg-0101,MISS阿性李勉之的世紀大富翁,1999,Windows,0,,,,,站上沒有
cdg-0109,P2K總統大選,1999,Windows,1,cmtplq3in0dbo04jvsl2fb5le,P2K總統大選,1,WIN,
cdg-0122,VR中華職棒,1999,Windows,1,cmtplp0bs0d3l04jv28h3qjs7,VR中華職棒,1,WIN,
cdg-0153,七大王朝2：凡爾坦戰役,1999,Windows,1,,,,,站上沒有
cdg-0240,三國群英傳2,1999,Windows,1,,,,,站上沒有
cdg-0360,大宋英豪之岳飛傳,1999,DOS,1,cmtplgzub0b7w04jvkgzve1mm,大宋英豪岳飛傳,2,,
cdg-0375,大富翁世界之旅,1999,Windows,3,cmtplial90bgf04jv8m326zyb,大富翁世界之旅,3,WIN,
cdg-0381,大富翁之選戰風雲,1999,Windows,0,,,,,站上沒有
cdg-0422,大航海時代4,1999,Windows,0,cmtplnxgb0cu204jvhnshj0jf,大航海時代4,1,WIN,
cdg-0425,大逆鱗3,1999,Windows,2,cmsregzzj001104iefirwgpbo,大逆鱗3,1,,要判
cdg-0425,大逆鱗3,1999,Windows,2,cmtple5eo0ad204jv4dpzjkqb,大逆鱗III,4,,要判
cdg-0424,大逆鱗2,1999,Windows,1,cmtplian00bgz04jv2cs2jp05,大逆鱗II,1,,
cdg-0443,天使同盟,1999,Windows,1,cmtpliamm0bgu04jvgkvuno2k,天使同盟,2,WIN,
cdg-0458,天地劫：神魔至尊傳,1999,Windows,1,,,,,站上沒有
cdg-0466,天子傳奇,1999,Windows,2,cmtpln9r70cod04jv1krzeym4,天子傳奇,2,WIN,
cdg-0492,太極張三豐,1999,Windows,1,cmtplnxjr0cv504jvzjnsw5o7,太極張三豐,1,WIN,
cdg-0496,太空小蜜蜂,1999,Windows,0,cmsvuqx4r002w04ley72tsex2,太空小蜜蜂,1,,
cdg-0505,太閤立志傳3,1999,Windows,0,cmtplnxic0cuq04jvb8z72s9y,太閤立志傳3,1,WIN,
cdg-0537,小魔女帕妃：黑貓招牌的魔法店,1999,Windows,2,,,,,站上沒有
cdg-0541,小魔女蕾妮特,1999,Windows,1,,,,,站上沒有
cdg-0624,水滸傳之梁山好漢,1999,Windows,3,cmtpl2ayl07a704jv10tfko6u,水滸傳之梁山好漢,1,,要判
cdg-0624,水滸傳之梁山好漢,1999,Windows,3,cmsvuqwox000104lepsmjptw7,水滸傳,21,,要判
cdg-0640,世嘉拉力賽2,1999,Windows,2,cmtxy693b005204kwi4edjcnj,SEGA越野賽車 2,7,,要判
cdg-0640,世嘉拉力賽2,1999,Windows,2,cmtplmm7h0ck604jv6sjatwq1,SEGA RALLY 2,1,,要判
cdg-0667,世紀帝國2：帝王世紀,1999,Windows,1,,,,,站上沒有
cdg-0712,失落大地,1999,Windows,2,cmss8fsbt008f04jsr7rfglz3,失落大地,1,,要判
cdg-0712,失落大地,1999,Windows,2,cmtplaaye09ev04jvux00icbr,失落的大地,1,,要判
cdg-0732,武則天,1999,Windows,0,cmtplgrp50b1q04jvu5qbk6vi,武則天,1,WIN,
cdg-0761,地城守護者2,1999,Windows,1,cmtplgrv80b3g04jvg0lqi8yf,地城守護者2,3,WIN,
cdg-0767,地獄門,1999,Windows,0,,,,,站上沒有
cdg-0786,塞派拉之核,1999,Windows,0,cmtplq3os0ddo04jv8ik5h2mh,塞派拉之核,1,WIN,
cdg-0797,守護者之劍外傳：無盡的宿命,1999,Windows,1,cmtplhm7j0bb904jv1wps2asc,守護者之劍外傳 - 無盡的宿命,2,WIN,
cdg-0847,至尊麻將2：麻將鐵公雞,1999,Windows,0,,,,,站上沒有
cdg-0863,般若魔界2：帝都魔域傳,1999,Windows,1,,,,,站上沒有
cdg-0864,艦隊指揮官,1999,Windows,2,cmsreh0ao005504ie1xmht4xq,艦隊指揮官,1,WIN,
cdg-0889,裝甲騎兵團,1999,Windows,1,,,,,站上沒有
cdg-0909,古墓奇兵4：末世啟示錄,1999,Windows,0,,,,,站上沒有
cdg-0923,古神之印,1999,Win9x,2,cmsreh04a002i04iej85u0ggr,古神之印,3,WIN,
cdg-0967,名車大賽6,1999,Windows,0,cmtplqqwc0dhv04jvysbhh89t,瘋狂大車拼 6,1,,
cdg-0974,君臨天下：雍正王朝,1999,Windows,1,,,,,站上沒有
cdg-0980,吞食天地4楚漢的光輝,1999,DOS,2,,,,,站上沒有
cdg-1068,女傑,1999,Windows,2,cmsreh06b003d04iewll0t9wn,女傑,2,,
cdg-1134,江湖,1999,Windows,1,cmsreh05e003004ie9h4f0681,江湖,3,WIN,
cdg-1194,波斯王子3D,1999,Windows,0,cmtplnxmw0cw204jvw82l9ey4,波斯王子3D,1,,要判
cdg-1194,波斯王子3D,1999,Windows,0,cmtpnyia306tl04l6rsenw2o2,波斯王子3,1,,要判
cdg-1235,洛克人黃金帝國,1999,Windows,2,,,,,站上沒有
cdg-1287,亞特蘭提斯2：超越亞特蘭提斯,1999,Windows,1,,,,,站上沒有
cdg-1357,阿雅超時空歷險,1999,Windows,1,,,,,站上沒有
cdg-1370,青澀寶貝：星座戀愛物語,1999,Windows,0,,,,,站上沒有
cdg-1417,皇帝之橫世霸業,1999,Windows,1,cmtplmm760ck304jvyrehco02,皇帝之橫世霸業,2,WIN,
cdg-1441,科隆戰記3,1999,Windows,1,cmtplokff0czp04jvz5l3j5pu,科隆戰記3,1,,要判
cdg-1441,科隆戰記3,1999,Windows,1,cmu84x5vx00e604ihnxutqqqg,シャイニングフォースIII,1,,要判、名稱含假名
cdg-1491,美麗新國度,1999,Windows,1,,,,,站上沒有
cdg-1525,魔導聖戰：風色幻想,1999,Windows,2,cmtplfzgw0aw104jv3xb0tyu2,魔導聖戰～風色幻想,1,,
cdg-1545,飛龍女戰士,1999,Windows,1,cmsreh01x002004ieump6llu1,飛龍女戰士,3,WIN,
cdg-1601,便利商店,1999,Windows,8,cmtplq3hz0dbg04jvbichq232,便利商店,1,WIN,
cdg-1643,信長之野望8：烈風傳,1999,Windows,1,,,,,站上沒有
cdg-1752,恐龍危機,1999,Windows,0,cmtplsx1i0e0304jvzgjh3kf0,恐龍危機,1,WIN,
cdg-1775,惡靈古堡2,1999,Windows,1,cmtxz1r7j00lw04lajst5uyb9,惡靈古堡 2,1,WIN,
cdg-1799,撼天神塔4：長眠之塔,1999,Windows,3,cmtplmm6w0ck004jvlbxd75jj,撼天神塔 4～長眠之塔,1,,
cdg-1804,戀愛物語2,1999,Windows,2,cmtpll9ao0c7k04jv8xak4j3m,戀愛物語 2,1,WIN,
cdg-1827,神劍傳說,1999,Windows,1,cmtplnxg20ctz04jvg88hjd2n,神劍傳說,1,WIN,
cdg-1834,神奇傳說3：遠征奧德賽,1999,Windows,2,,,,,站上沒有
cdg-1884,軒轅劍3：雲和山的彼端,1999,Windows,1,cmss8frug001104jsuos063hd,軒轅劍3-雲和山的彼端,1,,要判
cdg-1884,軒轅劍3：雲和山的彼端,1999,Windows,1,cmtplq3p00ddr04jv6a4q7gmy,軒轅劍參～雲和山的彼端,1,,要判
cdg-1989,麻將夢幻國,1999,Windows,1,cmtplgrms0b1004jvjmrgijjf,麻將夢幻國,1,WIN,
cdg-2025,微軟模擬飛行2000,1999,Windows,1,,,,,站上沒有
cdg-2051,純愛手札：交給我你的心,1999,Windows,0,cmtplokdw0cz604jvyad7i2fb,純愛手札～交給我你的心,1,,要判
cdg-2051,純愛手札：交給我你的心,1999,Windows,0,cmtplfdx90aqw04jvklv5bpft,純愛手札,2,,要判
cdg-2128,總統之路,1999,Windows,0,cmtplnxgt0cu804jv15612199,總統之路,1,WIN,
cdg-2151,象棋殘局經典：腦筋急轉彎,1999,Windows,1,cmtpkcbi901jb04jv4msf331r,腦筋急轉彎,1,,
cdg-2242,越野英雄,1999,Windows,1,,,,,站上沒有
cdg-2281,黑金企業,1999,Windows,1,cmss8frvw001o04jsadd6x7v4,黑金企業,2,WIN,
cdg-2309,文明帝國：權傾天下,1999,Windows,3,,,,,站上沒有
cdg-2314,新三國演義99,1999,Windows,2,cmtplkk5t0c1804jvnvorexec,新三國演義99,1,WIN,
cdg-2345,新絕代雙驕,1999,Windows,2,cmss8fscg008l04jslebbs0pf,新絕代雙驕,7,WIN,
cdg-2364,新龍門客棧,1999,Windows,2,cmtplhm6e0bav04jvvycenghf,新龍門客棧,4,WIN,
cdg-2444,時空幻境,1999,Win9x,0,,,,,站上沒有
cdg-2449,時空英豪,1999,Windows,2,cmsreh04s002q04iev042zo0s,時空英豪,1,WIN,
cdg-2468,暗黑秘石,1999,Windows,2,cmss8fsb4008904jsavn1mi45,暗黑秘石,2,WIN,
cdg-2515,聖劍大陸：霸王騎士傳,1999,Windows,2,cmtplkk700c1k04jv0t8gemy8,聖劍大陸～霸王騎士傳,1,WIN,
cdg-2520,聖天使學園,1999,Windows,1,cmtplj0190bo604jvvi0xrgly,聖天使學園,2,WIN,
cdg-2531,聖劍奇兵,1999,Windows,4,cmtplokep0czh04jv8xq7503j,聖劍奇兵,2,,要判
cdg-2531,聖劍奇兵,1999,Windows,4,cmsvoibo0000u04jpahg219xg,聖戰奇兵,6,,要判
cdg-2537,聖眼之翼,1999,Windows,4,cmsreh02s002604iehe5dfdrc,聖眼之翼,2,WIN,
cdg-2542,聖魔戰記：艾拉降臨,1999,Windows,2,,,,,站上沒有
cdg-2586,達摩,1999,Windows,1,,,,,站上沒有
cdg-2675,雷峰塔,1999,Windows,1,cmtplgzv50b8204jvvoce124h,雷峰塔,3,WIN,
cdg-2700,電視夢工場,1999,Windows,2,cmtplm0ue0cex04jvo37whl7i,電視夢工廠,1,,
cdg-2713,霹靂英雄榜,1999,Win9x、WinXP,2,cmsreh01l001v04ieiz5lkizo,霹靂英雄榜,6,WIN,
cdg-2729,夢幻四驅車,1999,Windows,1,cmtpliana0bh204jvey3rxogf,夢幻四驅車,1,,要判
cdg-2729,夢幻四驅車,1999,Windows,1,cmtplna170cqp04jvq10wdvtg,夢幻遙控車,1,,要判
cdg-2733,夢幻妖精,1999,Windows,2,cmtplkk5j0c1504jvgfzvavqu,夢幻妖精,2,WIN,
cdg-2746,夢幻水族箱,1999,Windows,2,cmtplw6z00eoz04jvosgbdb3p,夢幻水族箱,1,WIN,
cdg-2750,夢幻西餐廳：三千年食堂,1999,Windows,2,cmtplrmil0doj04jvdf6igpl9,夢幻西餐廳～三千年食堂,1,WIN,
cdg-2753,夢幻西餐廳2：挑戰全世界,1999,Windows,3,,,,,站上沒有
cdg-2756,夢幻飛機場,1999,Windows,1,cmtplm0uv0cf304jvtv3dajk4,夢幻飛機場,1,WIN,
cdg-2819,精靈幻境,1999,Windows,3,cmsreh03y002c04ie21ghxpki,精靈幻境,2,WIN,
cdg-2826,虛擬人生,1999,Windows,1,,,,,站上沒有
cdg-2847,蠟筆小新,1999,Windows,3,cmtpljyjy0btp04jvcfuopmya,蠟筆小新,3,WIN,
cdg-2884,釣鱸高手,1999,Windows,2,,,,,站上沒有
cdg-2896,銀河帝國傳說,1999,Windows,2,cmtpll9ba0c7r04jvd3uvsy4t,銀河帝國傳說,2,WIN,
cdg-2925,銀焰洗劍錄,1999,Windows,1,,,,,站上沒有
cdg-2940,初戀,1999,Windows,1,cmtplhm6w0bb104jvvb9y7l4t,初戀,2,,
cdg-2962,創世神話,1999,Windows,1,cmtplhm7b0bb604jvs8d2dx8o,創世神話,1,WIN,
cdg-3083,東方幻想戰記,1999,Win9x,0,cmtplnxkd0cvb04jvk3nsc7bb,東方幻想戰記,2,WIN,
cdg-3177,模擬城市3000,1999,Windows,1,cmtpl6v4o08kc04jvfihuvke0,模擬城市3000,3,WIN,
cdg-3190,模擬樂園,1999,Windows,4,cmsreh08d004904ieqwybuf37,夢幻遊樂園,1,,要判
cdg-3190,模擬樂園,1999,Windows,4,cmtpls2iv0ds904jvka5ffdtv,千禧新樂園,1,,要判
cdg-3232,橫掃千軍2：改朝換代,1999,Windows,2,,,,,站上沒有
cdg-3274,烽火三國,1999,Windows,2,cmtplv15p0ed504jvpp4zpttf,烽火三國,1,,要判
cdg-3274,烽火三國,1999,Windows,2,cmtplkk670c1c04jv99855zny,縱橫天地之烽火三國,1,,要判
cdg-3277,無人島物語4,1999,Windows,4,cmtplkk6m0c1g04jv33tl0us5,無人島物語4,2,WIN,
cdg-3374,戰國美少女2：春風之章,1999,Windows,3,,,,,站上沒有
cdg-3417,艾薩克外傳：陽光少年遊,1999,Windows,1,cmtplrmjy0doy04jv7y2a5ah7,艾薩克外傳 陽光少年遊,1,WIN,
cdg-3468,蒼穹守護者,1999,Windows,1,cmss8fsc8008i04js8k14yk2q,蒼穹守護者,4,WIN,
cdg-3486,齊天大聖：西遊降魔錄,1999,Windows,1,,,,,站上沒有
cdg-3506,特勤機甲隊3,1999,Windows,3,,,,,站上沒有
cdg-3521,狂王之後繼者,1999,Windows,0,cmtplgzun0b7z04jvtwdtmfdo,狂王之後繼者,1,WIN,
cdg-3556,玩具奇兵2,1999,Windows,2,,,,,站上沒有
cdg-3608,鐵達尼號：神秘之旅,1999,Windows,3,,,,,站上沒有
cdg-3682,魔女夢工廠,1999,Windows,1,cmtpll9d50c8c04jv35n40bdm,魔女夢工廠,1,WIN,
cdg-3732,魔法門7：血統與榮耀,1999,Windows,4,,,,,站上沒有
cdg-3739,魔法門之英雄無敵3,1999,Windows,3,cmtplmm2e0cit04jvdd88d1e5,魔法門之英雄無敵3,1,WIN,
cdg-3792,歡樂中國暗棋,1999,WinXP,1,cmtplj01n0bo904jvtcxafk6k,歡樂中國暗棋,1,WIN,
cdg-3824,龍機傳承2,1999,Win9x,3,cmsreh000001604ietn6mjxyv,龍機傳承2,4,WIN,
cdg-3827,龍神,1999,Windows,0,cmtplnxhk0cuh04jvr0kjsyl5,龍神,2,WIN,
cdg-3836,艾蒂絲魔法大冒險,1999,DOS,1,,,,,站上沒有
cdg-3864,幻想奇俠傳,1999,Windows,0,cmtplkk8e0c2004jvrjo30dyl,幻想奇俠傳,1,WIN,
cdg-4289,破碎虛空,1999,Win9x,4,cmsreh04m002n04ieflu6w6th,破碎虛空,9,WIN,
cdg-4325,武狀元蘇乞兒,1999,Windows,0,cmss8fs6x006704jsjej3peuh,武狀元蘇乞兒,1,WIN,
cdg-4343,毛毛怪大歷險,1999,,1,cmsreh00c001b04iebxxdvsn3,毛毛怪大歷險,2,,
cdg-4524,速食店,1999,Win9x,0,,,,,站上沒有
cdg-4817,降龍戰記,1999,Windows,0,cmss8frzs003d04jsadeiezxo,降龍戰記,4,WIN,
cdg-4868,典藏大富翁,1999,Windows,2,,,,,站上沒有
cdg-5087,無畏艦隊,1999,Windows,0,cmtplnxmm0cvz04jvhzye3pjo,無畏艦隊,1,WIN,
cdg-5101,拿破崙戰史1813,1999,Windows,0,,,,,站上沒有
cdg-5105,夢幻披薩屋,1999,Windows,1,cmtpll9hm0c9j04jv3lvo3zf2,夢幻披薩屋,1,WIN,
cdg-5110,時間之輪,1999,Windows,0,cmtplpi490d8904jvjg57kre5,時間之輪,1,WIN,
cdg-5111,機甲帝國,1999,Windows,0,cmtpljygw0bsv04jvhn6v0qb9,機甲帝國,1,WIN,
cdg-5113,銀河創世紀2,1999,Windows,1,cmtpnvldu069204l6cz6qyykz,銀河創世紀2,1,WIN,
cdg-5183,西風狂劍,1999,Windows,0,,,,,站上沒有
cdg-5190,暗闇坂の家,1999,Windows,1,,,,,站上沒有
cdg-5208,戰鬥神將4：突出部之役,1999,Windows,1,,,,,站上沒有
cdg-5217,非常天才,1999,Windows,1,cmsreh044002f04ie334rvjgv,非常天才,2,WIN,
cdg-5218,稱霸四海,1999,Windows,2,,,,,站上沒有
cdg-5232,地獄駭客,1999,Windows,1,cmtplna1k0cqs04jvxws3xfrp,地獄駭客,1,WIN,
cdg-5324,三國之星海風雲：孫權的野心,1999,Windows,1,,,,,站上沒有
cdg-5331,幻之國度,1999,,1,,,,,站上沒有
cdg-5380,萬艦齊發,1999,Windows,0,cmss8fsag007y04jsa6iew4g3,萬艦齊發,3,WIN,
cdg-5383,三國志Internet,1999,Win9x,0,cmtplqqu90dhe04jvvnvd0ltz,三國志 INTERNET,1,,要判
cdg-5383,三國志Internet,1999,Win9x,0,cmsumhmxm002c04jovzwvrc8x,三國志,13,,要判
cdg-0007,18輪大車拼,2000,Windows,0,,,,,站上沒有
cdg-0216,三國志7,2000,Windows,3,,,,,站上沒有
cdg-0235,三國演義3,2000,Windows,5,cmtpll98j0c6y04jv0z9gwgi7,三國演義參,2,,
cdg-0255,三國霸業,2000,Windows,0,cmtpltyg70e5u04jvxpnnoz2w,三國霸業,1,WIN,
cdg-0271,三隻眼變成：轉輪王幻夢,2000,Windows,3,cmtplblwp09ua04jv9ng864a4,轉輪王幻夢,1,,
cdg-0300,中國棋王2之暗棋大車拼,2000,Windows,0,,,,,站上沒有
cdg-0326,亂世奇緣,2000,Windows,2,,,,,站上沒有
cdg-0387,大富翁：升官之途,2000,Windows,1,cmtplr6pg0dly04jvxk1mdvwe,大富翁 升官之途,1,WIN,
cdg-0421,大航海時代3：太陽海岸,2000,Windows,0,,,,,站上沒有
cdg-0469,天才美眉闖通關,2000,Windows,1,,,,,站上沒有
cdg-0472,天燎怒火,2000,Windows,0,,,,,站上沒有
cdg-0474,天神之子：阿土,2000,Windows,0,,,,,站上沒有
cdg-0476,天空之鷹：艾爾賽特任務,2000,Windows,0,,,,,站上沒有
cdg-0487,太平天國：天下一統,2000,Windows,1,,,,,站上沒有
cdg-0504,太閤立志傳2,2000,DOS/V、Windows,1,cmtplqqxn0di604jvhajhcszm,太閤立志傳 2,1,DOS、WIN,
cdg-0524,小秘書Lina,2000,Windows,0,cmtplokbx0cyg04jvls8yijni,Room With Lina,1,,
cdg-0538,小魔女帕妃2：真心的回憶,2000,Windows,1,,,,,站上沒有
cdg-0540,小魔女芙蘿蕾,2000,Windows,1,,,,,站上沒有
cdg-0544,少林十八銅人,2000,Windows,0,,,,,站上沒有
cdg-0585,幻想紀元,2000,Windows,1,cmtplp0ce0d3q04jvu6cvj2wo,幻想紀元,2,WIN,
cdg-0588,幻想西遊記,2000,Win9x,1,cmss8fs1l004a04jsvkv4xsq3,幻想西遊記,2,,要判
cdg-0588,幻想西遊記,2000,Win9x,1,cmtpnd7o702jp04l6ip43noww,新西遊記,3,,要判
cdg-0592,幻舞天使,2000,Windows,2,cmss8fs7h006h04jsi328clsu,幻舞天使,1,WIN,
cdg-0631,永遠的伊蘇2,2000,Windows,1,,,,,站上沒有
cdg-0677,世運大作戰,2000,Windows,0,,,,,站上沒有
cdg-0739,武林盟主：決戰中原,2000,Windows,1,cmsvoexsj007d04l8dq41apun,武林盟主,2,,
cdg-0796,守護者之劍2：伊格麗亞之章,2000,Windows,2,cmtplphys0d6o04jv91e5suyn,守護者之劍2～伊格麗亞之章,1,WIN,
cdg-0856,舞光十射,2000,Windows,2,,,,,站上沒有
cdg-0887,裝甲騎兵,2000,Windows,0,cmtplth670e2t04jv9ptlh74d,裝甲騎兵,1,WIN,
cdg-0899,西風狂詩曲2暴風雨,2000,Windows,2,cmtplokdd0cyz04jveiop57ls,西風狂詩曲2～暴風雨,2,WIN,
cdg-0910,古墓奇兵5：回憶錄,2000,Windows,0,cmtplx9wf0exi04jvzubi0cos,古墓奇兵 5～回憶錄,1,WIN,
cdg-1131,求婚365日2,2000,Windows,4,cmtplr6p70dlv04jvy1o8cndx,求婚365日2,2,WIN,
cdg-1138,江湖英烈傳,2000,Windows,0,,,,,站上沒有
cdg-1181,沙皇之冠,2000,Windows,1,cmtplrmn00dpw04jvr3tua8a1,沙皇之冠,1,WIN,
cdg-1216,洛克人DASH：鋼鐵之心,2000,Win9x,1,,,,,站上沒有
cdg-1366,隋唐爭霸,2000,Windows,0,,,,,站上沒有
cdg-1378,非常總統大富翁,2000,Windows,2,cmss8fs2o004u04jshwayxpa2,非常總統大富翁,1,WIN,
cdg-1382,勇敢小伊達：童話大冒險,2000,Windows,0,,,,,站上沒有
cdg-1387,勇者泡泡龍3,2000,Windows,1,cmtplswwd0dyj04jv3acbi2e4,勇者泡泡龍3,1,WIN,
cdg-1413,皇室血裔2,2000,Windows,0,cmtplpi180d7e04jv64lh52f3,王國興亡錄,1,,要判
cdg-1413,皇室血裔2,2000,Windows,0,cmu84x4q3008b04ih95xup8yj,ガングリフォンII,3,,要判、名稱含假名
cdg-1442,科隆戰記外傳：創世啟示錄,2000,Win9x,1,,,,,站上沒有
cdg-1490,美眉大富翁：魔法少女大作戰,2000,Windows,0,,,,,站上沒有
cdg-1496,音控台灣麻將王,2000,Windows,1,,,,,站上沒有
cdg-1531,風色幻想SP：封神之刻,2000,Windows,1,cmtplmm3t0cj504jvih6ib5cm,風色幻想SP～封神之刻,3,,要判
cdg-1531,風色幻想SP：封神之刻,2000,Windows,1,cmtplnxks0cvg04jvs61oewma,風色幻想SP,1,,要判
cdg-1548,餅乾夢工坊,2000,Windows,1,,,,,站上沒有
cdg-1556,人氣一番拉麵屋,2000,Windows,1,cmtplv10r0ec404jvkav25s9s,人氣一番拉麵屋,1,WIN,
cdg-1585,伊卡斯特傳說2：聖殿詩篇,2000,Windows,1,,,,,站上沒有
cdg-1602,便利商店2,2000,Windows,0,cmtpltygr0e5y04jvptyyk09t,便利商店2,1,WIN,
cdg-1753,恐龍危機2,2000,Windows,0,cmtpn2nxh00hy04l6ellz4ibc,恐龍危機2,1,WIN,
cdg-1776,惡靈古堡3,2000,Windows,1,cmtplv1cg0eel04jvsdx9ol8r,惡靈古堡 3,1,WIN,
cdg-1788,愛神餐館,2000,Windows,2,,,,,站上沒有
cdg-1820,真愛密碼,2000,Windows,1,cmtplyx3u0faq04jvlasb070h,真愛密碼,1,WIN,
cdg-1879,笑傲江湖之日月神教,2000,Windows,1,cmss8frw3001r04jsv3kj32m9,笑傲江湖之日月神教,1,,要判
cdg-1879,笑傲江湖之日月神教,2000,Windows,1,cmsvpbm5o001104jvmclic9g0,笑傲江湖,11,,要判
cdg-1885,軒轅劍外傳：天之痕,2000,Windows,0,cmtpludkj0eak04jv2rhss864,軒轅劍參外傳 天之痕,5,,
cdg-1907,殺氣沖天,2000,Windows,1,,,,,站上沒有
cdg-1963,雀美眉寫真館,2000,Windows,1,,,,,站上沒有
cdg-1983,鹿鼎記2,2000,Windows,1,cmtpl4d2l07wk04jv39c342fo,鹿鼎記 2,2,WIN,
cdg-2002,麻將旗艦,2000,Windows,0,cmtplq3fo0dap04jv53s188ie,麻將旗艦,1,WIN,
cdg-2008,麻辣大富翁：爆笑江湖,2000,Windows,1,,,,,站上沒有
cdg-2042,紅淚,2000,Windows,1,,,,,站上沒有
cdg-2110,綜藝大富翁,2000,Windows,1,,,,,站上沒有
cdg-2115,綠色奇蹟,2000,Windows,0,,,,,站上沒有
cdg-2153,象棋水滸戰2,2000,Windows,2,cmss8fs0r003v04jsf2qt4cpq,象棋水滸戰2,1,WIN,
cdg-2229,超級酒店大亨2,2000,Windows,1,cmtplm0v40cf604jvyf4e99mr,超級酒店大亨2,1,WIN,
cdg-2243,越野英雄2,2000,Windows,0,,,,,站上沒有
cdg-2252,跳棋小精靈,2000,Windows,1,,,,,站上沒有
cdg-2282,黑金企業2,2000,Windows,0,cmtplv1gm0efi04jvanol8fq1,黑金企業 2,1,WIN,
cdg-2284,鼓惑人心,2000,Windows,1,,,,,站上沒有
cdg-2294,敦煌：大漠傳奇,2000,Windows,1,cmtpltyks0e7204jv2bkch09t,敦煌：大漠傳奇,1,WIN,
cdg-2322,新倚天屠龍記,2000,Windows,4,cmsregzy9000q04iebcxufcdj,新倚天屠龍記,4,WIN,
cdg-2328,新天使帝國,2000,Windows,2,cmtplq3jn0dc104jvxpb9ax2y,新天使帝國,1,WIN,
cdg-2342,新神鵰俠侶,2000,Windows,1,,,,,站上沒有
cdg-2346,新絕代雙驕2,2000,Windows,1,,,,,站上沒有
cdg-2369,日劫,2000,Windows,2,,,,,站上沒有
cdg-2388,明星志願2000,2000,Windows,1,,,,,站上沒有
cdg-2390,明星志願闖通關,2000,Windows,2,,,,,站上沒有
cdg-2427,星際爭霸戰：精英部隊,2000,Windows,0,cmtdmiika000m04l4tyan17tq,星艦迷航記,1,,
cdg-2442,春秋英雄傳,2000,Windows,1,cmtplp0b20d3f04jvhmutg4r0,春秋英雄傳,1,WIN,
cdg-2450,時空魔域,2000,Windows,1,cmtpn1wcz00ay04l6dhythpym,時空魔域,2,WIN,
cdg-2487,最終幻想8,2000,Windows,1,cmss8frow000c04js20dxi6py,太空戰士8,1,,
cdg-2538,聖石傳說,2000,Windows,2,,,,,站上沒有
cdg-2540,聖誕任務,2000,Windows,0,,,,,站上沒有
cdg-2541,聖靈騎士,2000,Windows,0,cmss8fs7m006k04js4hotdz3y,聖靈騎士,1,WIN,
cdg-2664,雲斯頓賽車3,2000,Win9x,2,,,,,站上沒有
cdg-2693,電影大亨,2000,Windows,1,cmtpnr4af059p04l6fr0yiack,電影大亨,1,WIN,
cdg-2706,霹靂大富翁：霹靂武林大對決,2000,Windows,2,,,,,站上沒有
cdg-2708,霹靂奇俠傳,2000,Windows,0,cmtpludmq0eb504jv4b51ca4n,霹靂奇俠傳,2,WIN,
cdg-2719,霹靂麻將,2000,Windows,1,cmtplq3fj0dao04jvvuc5gdvm,霹靂麻將,1,WIN,
cdg-2722,夢幻一夜,2000,Windows,0,cmtplv16l0edc04jv699zxlh1,夢幻一夜,1,WIN,
cdg-2727,夢幻咖啡屋,2000,Windows,1,cmss8fs7w006p04jsrjhmmguy,夢幻咖啡屋,1,WIN,
cdg-2734,夢幻小坦克,2000,Windows,0,cmtplna1w0cqv04jvshq3dhkz,夢幻小坦克,1,WIN,
cdg-2743,夢幻模擬戰3,2000,Windows,2,cmtplqqrz0dgx04jvztsve549,夢幻模擬戰 3,1,WIN,
cdg-2745,夢幻武士：龍刻之章,2000,Windows,0,,,,,站上沒有
cdg-2751,夢幻西餐廳：媚力夜總會,2000,Windows,1,,,,,站上沒有
cdg-2752,夢幻西餐廳：決戰全台灣,2000,Windows,1,,,,,站上沒有
cdg-2754,夢幻西餐廳2：美國星期五餐廳,2000,Windows,1,,,,,站上沒有
cdg-2760,夢幻麻將館,2000,Windows,0,,,,,站上沒有
cdg-2790,瘋狂搖搖杯,2000,Windows,1,,,,,站上沒有
cdg-2795,瘋狂極上大富翁,2000,Windows,1,,,,,站上沒有
cdg-2807,瘋狂麻將王,2000,Windows,1,,,,,站上沒有
cdg-2820,精靈幻境2,2000,Windows,2,cmtplq3k80dc704jv10j3c3xi,精靈幻境2,2,WIN,
cdg-2827,虛擬人生2,2000,Windows,1,cmtpludik0ea204jvhj360kev,虛擬人生2,1,WIN,
cdg-2907,銀河英雄傳說5,2000,Windows,1,,,,,站上沒有
cdg-2939,刀劍笑,2000,Win9x、WinXP,1,cmtplokd40cyw04jvlfqc028g,刀劍笑,1,WIN,
cdg-2941,初戀之白色情人節,2000,Windows,2,,,,,站上沒有
cdg-2987,劍俠情緣2,2000,Windows,1,cmtplth460e2d04jvjhteor1e,劍俠情緣 2,1,,要判
cdg-2987,劍俠情緣2,2000,Windows,1,cmtplw6zs0ep804jv82ve0qta,劍俠情緣貳,1,,要判
cdg-3097,梭哈俄羅斯,2000,Windows,1,,,,,站上沒有
cdg-3127,極速快感5：保時捷的榮耀,2000,Windows,1,,,,,站上沒有
cdg-3226,機甲爭霸戰4：復仇者,2000,Windows,1,,,,,站上沒有
cdg-3275,烽火三國2,2000,Windows,1,,,,,站上沒有
cdg-3279,無人島物語RR,2000,Windows,2,cmtplq3nf0dd704jvk9guqn06,無人島物語RR,1,WIN,
cdg-3312,熱血躲避球,2000,Windows,2,cmtplq3n50dd404jvzaq4mop1,熱血躲避球,1,WIN,
cdg-3372,戰國策2：七雄之爭,2000,Windows,0,cmtplv11r0ecc04jvb8m5ghw5,戰國策2,1,,
cdg-3428,英熊本色,2000,Windows,1,cmtpls2g40drl04jv82uoypkw,英熊本色,1,WIN,
cdg-3438,英雄傳說5：海之檻歌,2000,Windows,0,,,,,站上沒有
cdg-3501,爭戰天下,2000,Windows,2,cmtpki0ld02z104jvkvl8qqgp,カスタムメイト・2,5,,名稱含假名
cdg-3553,獸神世紀,2000,Windows,1,cmtplshp80dwe04jv4chgr949,獸神世紀,2,WIN,
cdg-3554,玩具奇兵（Army Men: World War）,2000,Windows,1,,,,,站上沒有
cdg-3559,玩具奇兵（Army Men: Air Tactics）,2000,Windows,1,,,,,站上沒有
cdg-3585,鋼鐵帝國,2000,Win9x,1,,,,,站上沒有
cdg-3595,鍊金術士瑪莉,2000,Windows,1,,,,,站上沒有
cdg-3596,鍊金術士艾莉,2000,Windows,1,,,,,站上沒有
cdg-3617,閻王令,2000,Windows,1,cmtplm0u50ceu04jv556hugpc,閻王令,2,WIN,
cdg-3618,闇黑世紀,2000,Windows,1,cmtplq3h10db504jvhp90jwrv,闇黑世紀,1,WIN,
cdg-3645,鬥神物語,2000,Win9x,1,cmtplv1190ec804jvi6qlevr2,鬥神物語,1,WIN,
cdg-3715,魔法少年,2000,Windows,1,cmss8frva001e04jszufuw2u5,魔法少年,1,WIN,
cdg-3720,魔法氣泡（BoBo）,2000,Windows,1,cmtpl4d3z07x204jvfk7wm1e5,魔法氣泡,5,,
cdg-3825,龍機傳承3,2000,Win9x,1,cmtpltyh30e6104jvzwjiyr51,龍機傳承3,1,WIN,
cdg-4316,幻獸魔石,2000,Windows,0,cmtplx9qs0evh04jvkz9e9r4n,幻獸魔石,1,WIN,
cdg-4324,平妖傳,2000,Windows,0,cmtplth070e1h04jvhqybum1q,平妖傳,1,WIN,
cdg-4391,斷劍傳說：聖戒風雲,2000,Windows,1,cmtplrmmc0dpo04jvtp2tryol,斷劍傳說～聖戒風雲,1,WIN,
cdg-4412,海豚鳥節奏王國,2000,Windows,1,,,,,站上沒有
cdg-4779,艾倫西亞戰記,2000,Windows,1,,,,,站上沒有
cdg-4781,Men at Work！～永遠的羈絆,2000,Windows,0,cmtpki0ld02z104jvkvl8qqgp,カスタムメイト・2,5,,名稱含假名
cdg-4818,聖章：女神傳說,2000,Windows,0,cmtpls2i60ds304jv6oe6wjf4,聖章 女神傳說,2,,
cdg-4819,超能特遣隊,2000,Windows,0,cmtpki0ld02z104jvkvl8qqgp,カスタムメイト・2,5,,名稱含假名
cdg-4827,疾風少年隊,2000,Windows,0,,,,,站上沒有
cdg-4840,夏色Celebration：戀之物語,2000,Windows,0,,,,,站上沒有
cdg-4857,戀愛模擬共和國,2000,Windows,0,,,,,站上沒有
cdg-4874,魔神英雄,2000,Windows,0,cmtplokgb0d0004jvtuopx8ph,魔神英雄,1,WIN,
cdg-4875,機甲女戰士,2000,Windows,0,,,,,站上沒有
cdg-4879,宙斯,2000,Windows,0,,,,,站上沒有
cdg-5099,卡哇伊小貓咪,2000,Windows,0,cmtplq3gn0db004jvf41qo8jg,卡哇伊小貓咪,1,WIN,
cdg-5100,月球計畫,2000,Windows,0,,,,,站上沒有
cdg-5102,鋼鐵戰場,2000,Windows,0,cmtpl8owg091c04jvv4prhcp2,鋼鐵戰場,1,WIN,
cdg-5104,維京戰神,2000,Windows,0,cmtplv13b0eco04jv9i6pp5c8,維京戰神,1,WIN,
cdg-5108,哇哩咧炸彈人,2000,Windows,0,,,,,站上沒有
cdg-5112,星際開拓者,2000,Windows,0,,,,,站上沒有
cdg-5118,公主的回憶,2000,Windows,0,,,,,站上沒有
cdg-5116,波利魔特之千年幻想,2000,Windows,0,cmtpki0ld02z104jvkvl8qqgp,カスタムメイト・2,5,,名稱含假名
cdg-5137,女皇騎士團,2000,Windows,0,,,,,站上沒有
cdg-5139,中華英雄,2000,,0,cmtplrmi00dod04jvu21bha0y,中華英雄,5,,
cdg-5149,退魔傳說,2000,Win9x,0,cmss8frxd002a04js6vtnzgc6,退魔傳說,2,WIN,
cdg-5151,RPG夢工廠,2000,Win9x,0,cmss8fs77006c04jstkarycvi,RPG夢工廠,2,,
cdg-5152,便利商店精裝版,2000,Windows,0,,,,,站上沒有
cdg-5153,火鍋店,2000,Windows,0,,,,,站上沒有
cdg-5166,蒼鋼騎兵,2000,Windows,0,cmtpn1wf300bm04l6uax1kf0v,蒼鋼騎兵,1,WIN,
cdg-5184,搶救貧窮大作戰,2000,Windows,1,cmtplrmls0dpi04jvxbcqo06i,搶救貧窮大作戰,1,WIN,
cdg-5209,戰鬥神將5：諾曼第登陸,2000,Windows,0,,,,,站上沒有
cdg-5211,征服者入侵,2000,Windows,0,,,,,站上沒有
cdg-5378,熱舞2000,2000,Windows,0,cmss8fs3z005004jskbp3wvqq,熱舞2000,1,WIN,
cdg-5379,特攻神諜,2000,Windows,0,,,,,站上沒有
cdg-5387,魔導異元素：精靈戰士篇,2000,Windows,2,cmtplq3g60dav04jvrwdfki6d,魔導異元素,1,,要判
cdg-5387,魔導異元素：精靈戰士篇,2000,Windows,2,cmtpletom0ap504jv4d6n7ebd,Sequence Palladium,1,,要判
cdg-5389,救世傳說,2000,Windows,1,cmtplshk50duq04jv7qfr4jh9,救世傳說,1,WIN,
cdg-5390,銀河戰國列傳II：星海霸主,2000,Windows,1,,,,,站上沒有
cdg-5395,異度空間,2000,Windows,1,cmtplqr0x0diw04jv3z5i1vak,異度空間,1,WIN,
cdg-5394,海霸王,2000,Windows,1,cmtplq3ks0dcd04jvwht5h2iw,海霸王,1,WIN,
cdg-5396,撒旦之城,2000,Windows,1,cmtplq3jx0dc404jvpxhlllpi,撒旦之城,1,WIN,
cdg-5399,勁爆狂飆,2000,Win9x,1,,,,,站上沒有
cdg-5398,兔寶寶歷險記,2000,Win9x,1,,,,,站上沒有
cdg-5400,浮士德,2000,Windows,1,cmtplqqx20di104jvx6hvezzz,浮士德,1,WIN,
cdg-5401,蟲蟲入侵,2000,Windows,1,,,,,站上沒有
cdg-5403,火線群英,2000,Windows,1,cmtplq3ki0dca04jvo9b6yiw9,火線群英,1,WIN,
cdg-0049,Di Gi Charat Fantasy：仲夏夜之夢,2001,Windows,1,,,,,站上沒有
cdg-0131,X少年事件簿,2001,Windows,0,,,,,站上沒有
cdg-0158,七年戰爭2：決戰王朝,2001,Windows,1,cmtplw6um0enl04jvaoapftqb,決戰王朝 2,1,,要判
cdg-0158,七年戰爭2：決戰王朝,2001,Windows,1,cmtpki0ld02z104jvkvl8qqgp,カスタムメイト・2,5,,要判、名稱含假名
cdg-0167,八年抗戰,2001,Windows,1,,,,,站上沒有
cdg-0171,公主幻想曲：破解封印石,2001,Windows,1,,,,,站上沒有
cdg-0184,十六張麻將寫真館,2001,Windows,0,,,,,站上沒有
cdg-0217,三國志8,2001,Windows,2,,,,,站上沒有
cdg-0236,三國立志傳,2001,Windows,0,cmtplyclz0f2p04jv2q51htth,三國立志傳,5,WIN,
cdg-0247,三國群雄傳之臥龍與鳳雛,2001,Windows,0,,,,,站上沒有
cdg-0248,三國英豪,2001,Windows,0,cmtpn11fo003p04l6th03j1av,三國英豪,2,WIN,
cdg-0320,中華一番客棧2,2001,Windows,1,,,,,站上沒有
cdg-0357,大唐雙龍傳,2001,Windows,1,cmtplvokm0el904jvv2rthglf,大唐雙龍傳,3,WIN,
cdg-0368,大富翁5,2001,Windows,1,,,,,站上沒有
cdg-0376,大富翁世界之旅2,2001,Windows,1,cmtplswwx0dyp04jvn298q35k,大富翁世界之旅2,1,WIN,
cdg-0385,大富翁總動員2：童話狗仔隊,2001,Windows,1,,,,,站上沒有
cdg-0450,天使演唱會,2001,Windows,1,cmtpn4fzo00pl04l661dosiru,天使演唱會,1,WIN,
cdg-0454,天命傳奇,2001,Windows,0,cmtpn11e0003904l62kjq5mlq,天命傳奇,2,WIN,
cdg-0457,天地傳說之魚美人,2001,Windows,1,cmtpn4ga900rq04l6uih0b6g7,魚美人,4,,
cdg-0459,天地劫序傳：幽城幻劍錄,2001,Windows,1,,,,,站上沒有
cdg-0506,太閤立志傳4,2001,Windows,0,,,,,站上沒有
cdg-0522,小燕子決戰大富翁,2001,Windows,0,cmtplyx320fag04jv7semuzp6,小燕子決戰大富翁,1,WIN,
cdg-0556,工人物語4,2001,Windows,1,,,,,站上沒有
cdg-0591,幻翼傳說：露卡的魔獸教室,2001,Windows,1,cmtplwptq0esk04jvlwpxl7ll,露卡的魔獸教室,1,,
cdg-0628,水靈仙子,2001,Windows,1,cmtpn11a7002804l6ujszxydb,水靈仙子,2,WIN,
cdg-0671,世紀爭霸,2001,Windows,1,cmtpn112b000j04l619na1b2i,世紀爭霸,2,,要判
cdg-0671,世紀爭霸,2001,Windows,1,cmtplw6vl0enw04jvpq4kp2dg,地球帝國,1,,要判
cdg-0719,正宗13張中國麻將,2001,Windows,0,,,,,站上沒有
cdg-0740,武林群俠傳,2001,Windows,1,cmtplvobm0eic04jvhtgqdblu,武林群俠傳,5,WIN,
cdg-0742,武田信玄,2001,Windows,1,cmtpn5x8s014104l6pm4xs32z,武田信玄,1,WIN,
cdg-0787,墮落天使,2001,Windows,1,cmtpls2oc0dtl04jv52md4acv,墮落天使,3,WIN,
cdg-0836,百萬大富翁,2001,Windows,1,,,,,站上沒有
cdg-0837,百鬼夜宴,2001,Windows,1,cmtpn11fd003m04l66mcygspn,百鬼夜宴,2,WIN,
cdg-0848,至尊麻將3：麻將高峰會,2001,Windows,0,,,,,站上沒有
cdg-0849,致命武力,2001,Windows,0,cmtplv1jf0eg404jvptnnzjhg,致命武力,5,WIN,
cdg-1073,女神守護者,2001,Windows,1,,,,,站上沒有
cdg-1106,巫術8,2001,Windows,1,cmtplw6uw0eno04jv8anwkdge,巫術 8,1,WIN,
cdg-1224,洛克人X5,2001,Windows,1,cmtplyx010f9h04jvg6hl1knw,洛克人X5,2,WIN,
cdg-1238,浣花洗劍錄,2001,Windows,1,cmtplvocl0ein04jvp4j5w1pw,浣花洗劍錄,3,WIN,
cdg-1318,殖民計劃2,2001,Windows,1,cmtplq3lu0dcp04jvm09xbfhr,殖民計劃2,1,WIN,
cdg-1322,重裝武力（The First Encounter）,2001,Windows,0,cmtplycmo0f2w04jv1nqfeis4,重裝武力,2,,
cdg-1398,動物天堂,2001,Windows,1,,,,,站上沒有
cdg-1450,美人魚的季節,2001,Windows,1,,,,,站上沒有
cdg-1474,美媚夢工廠：美形女獸的冒險故事,2001,Windows,0,,,,,站上沒有
cdg-1476,美少女夢工場Q,2001,Windows,1,,,,,站上沒有
cdg-1482,美少女大富翁,2001,Windows,1,,,,,站上沒有
cdg-1495,老夫子大富翁,2001,Windows,0,cmtpn117m001q04l6obdx883a,老夫子大富翁,2,WIN,
cdg-1507,風之探索者,2001,Windows,0,,,,,站上沒有
cdg-1535,風雲2：七武器,2001,Windows,1,,,,,站上沒有
cdg-1571,仙狐奇緣,2001,Windows,1,cmtplsx2o0e0j04jvrlvioz73,仙狐奇緣,5,WIN,
cdg-1568,仙劍客棧,2001,Windows,1,,,,,站上沒有
cdg-1573,仙狐奇緣前傳：水火金雷,2001,Windows,1,,,,,站上沒有
cdg-1644,信長之野望9：嵐世記,2001,Windows,1,,,,,站上沒有
cdg-1709,尋秦記,2001,Windows,1,cmtpn1w1j007m04l6cft0rxz4,尋秦記,2,WIN,
cdg-1711,忍者學園,2001,Windows,2,cmtplrml20dpa04jv72myi8qv,忍者學園,2,WIN,
cdg-1727,快樂上班族,2001,Windows,1,,,,,站上沒有
cdg-1734,快遞宅急便,2001,Windows,1,,,,,站上沒有
cdg-1821,真愛密碼2,2001,Windows,1,,,,,站上沒有
cdg-1835,神奇傳說4：遠征奧德賽2 - 永恆的小夜曲,2001,Windows,1,,,,,站上沒有
cdg-1856,神魔決：千年之約,2001,Windows,0,,,,,站上沒有
cdg-1877,笑傲江湖2五嶽劍派,2001,Windows,1,,,,,站上沒有
cdg-1880,軒轅伏魔錄,2001,Windows,1,cmtplx9yr0eye04jv1kxth1na,軒轅伏魔錄,1,WIN,
cdg-1952,異界傳奇：異象轉生,2001,Windows,1,,,,,站上沒有
cdg-1980,鹹蛋超人大富翁,2001,Windows,1,,,,,站上沒有
cdg-2014,麻雀幻想曲2：2001重製版,2001,Windows,0,,,,,站上沒有
cdg-2122,網錢商店大富翁,2001,Windows,1,cmtplx9st0ew504jvaqb7bbxo,網錢商店大富翁,1,WIN,
cdg-2130,總統萬歲,2001,Windows,0,cmtpn11b1002g04l6yfa0go8n,天堂島,3,,
cdg-2137,象棋之路：西天大戰,2001,Windows,1,,,,,站上沒有
cdg-2175,超時空英雄傳說3：狂神降世,2001,Windows,1,,,,,站上沒有
cdg-2184,超級任務2001,2001,Windows,0,,,,,站上沒有
cdg-2194,超級四川省2001,2001,Win9x,0,,,,,站上沒有
cdg-2263,黎明聖記,2001,Windows,1,cmtpn11ge003w04l6k65irhcn,黎明聖記,2,WIN,
cdg-2283,黑鷹傳奇,2001,Windows,1,,,,,站上沒有
cdg-2285,救世英豪,2001,Windows,1,,,,,站上沒有
cdg-2305,文明帝國3,2001,Windows,1,cmtzs9utk000y0agm0ahe9pet,文明帝國3,1,WIN,
cdg-2316,新世紀福音戰士：綾波育成計劃,2001,Windows,1,,,,,站上沒有
cdg-2319,新仙劍奇俠傳,2001,Windows,0,cmtplxmnh0f0304jvsny04cud,新仙劍奇俠傳,4,WIN,
cdg-2323,新劍俠情緣,2001,Windows,1,,,,,站上沒有
cdg-2329,新官能教習,2001,Windows,1,,,,,站上沒有
cdg-2338,新無敵炸彈超人,2001,Windows,1,cmtpn11kk004y04l661gx33pi,新無敵炸彈超人,2,WIN,
cdg-2343,新神鵰俠侶：完結篇,2001,Windows,1,,,,,站上沒有
cdg-2351,新聖魔大戰,2001,Windows,0,,,,,站上沒有
cdg-2358,新蜀山劍俠傳：劍仙玄易錄,2001,Windows,1,,,,,站上沒有
cdg-2370,日劫2：烈日奇俠傳,2001,Windows,1,,,,,站上沒有
cdg-2381,明星三缺一,2001,Windows,1,,,,,站上沒有
cdg-2536,聖焰騎士傳,2001,Windows,1,,,,,站上沒有
cdg-2543,聖魔戰記2：永遠的奇蹟,2001,Windows,1,,,,,站上沒有
cdg-2569,逐鹿中原之隋唐群英傳,2001,Windows,0,cmtplizyo0bnk04jv7s5vne1t,逐鹿中原,3,,
cdg-2596,鄭問之三國誌,2001,Windows,1,cmtpn6pko019y04l6bl0b5ex1,鄭問之三國誌,2,WIN,
cdg-2701,霸刀,2001,Windows,0,cmtplvoh30ek104jv45aucgrb,霸刀,1,WIN,
cdg-2703,霸王別姬,2001,Windows,1,,,,,站上沒有
cdg-2716,霹靂風暴,2001,Windows,1,,,,,站上沒有
cdg-2720,霹靂麻將2,2001,Windows,1,cmtplvodn0eiz04jvchnime2f,霹靂麻將2,1,WIN,
cdg-2741,夢幻模擬戰,2001,Windows,1,cmtplhm5o0ban04jvdwyf43xp,夢幻模擬戰,1,WIN,
cdg-2742,夢幻模擬戰2,2001,Windows,1,,,,,站上沒有
cdg-2761,夢幻麻將館2：麻將世家,2001,Windows,0,,,,,站上沒有
cdg-2762,夢幻麻將館3：雀王碟姬,2001,Windows,0,,,,,站上沒有
cdg-2793,瘋狂政治麻將,2001,Windows,1,,,,,站上沒有
cdg-2830,虛擬人生外傳：修羅戰記,2001,Windows,1,,,,,站上沒有
cdg-2842,蜀山外傳：紫青劫,2001,Windows,1,,,,,站上沒有
cdg-2853,辛辣娛樂城,2001,Windows,1,,,,,站上沒有
cdg-2854,辣妹五子棋,2001,Windows,1,,,,,站上沒有
cdg-2908,銀河英雄傳說6,2001,Windows,1,,,,,站上沒有
cdg-2977,創世紀戰3第一部,2001,Win9x,0,,,,,站上沒有
cdg-2988,劍俠情緣外傳：月影傳說,2001,Windows,1,,,,,站上沒有
cdg-2990,劍靈,2001,Windows,1,cmtplyx5h0fb904jv0r9utvw6,劍靈,3,WIN,
cdg-3072,末日黎明,2001,Windows,0,,,,,站上沒有
cdg-3078,杏林也瘋狂,2001,DOS、WinXP,1,cmtpl3ltb07o504jv49p6l0x0,杏林也瘋狂,2,DOS、WIN,
cdg-3096,桃色幻想曲,2001,Windows,1,,,,,站上沒有
cdg-3109,楚留香新傳,2001,Windows,1,cmtplycww0f6004jvmxj2kc7a,楚留香新傳,5,WIN,
cdg-3220,機甲戰線,2001,Windows,1,,,,,站上沒有
cdg-3238,櫻花大戰,2001,Windows,1,cmtpn1133000p04l6c9km0agl,櫻花大戰,8,WIN,
cdg-3262,炎舞：真戰略,2001,Windows,1,,,,,站上沒有
cdg-3276,烽火英雄,2001,Windows,1,cmtplv1a90ee404jv6eotjx1h,烽火英雄,2,WIN,
cdg-3313,熱血躲避球2,2001,Windows,1,,,,,站上沒有
cdg-3368,學生騎士團,2001,Windows,0,cmtplrmmr0dpt04jvkxnak9vw,學生騎士團,3,WIN,
cdg-3507,特勤機甲隊4,2001,Windows,1,cmtplx9rk0evp04jvhlrgbvxf,特勤機甲隊 4,1,WIN,
cdg-3549,獵艷大富翁,2001,Windows,1,,,,,站上沒有
cdg-3615,閃電風暴,2001,Windows,0,,,,,站上沒有
cdg-3690,魔幻騎士,2001,Windows,1,,,,,站上沒有
cdg-3712,魔法哈利,2001,Windows,1,,,,,站上沒有
cdg-3801,歡樂梭哈,2001,Windows,0,,,,,站上沒有
cdg-3808,歡樂麻將（捷思特）,2001,Windows,0,cmswpvxcy004l04l6qkdop6vx,歡樂麻將,2,,
cdg-4283,六道天書,2001,Windows,0,cmtpln9vd0cpb04jvnxd27stw,六道天書,2,WIN,
cdg-4287,窈窕美眉之百分百女孩,2001,Windows,0,,,,,站上沒有
cdg-4291,七俠五義：包公疑雲,2001,Windows,0,,,,,站上沒有
cdg-4294,九英雄物語：聖戰語錄,2001,,0,,,,,站上沒有
cdg-4816,探檢道,2001,Windows,0,,,,,站上沒有
cdg-4821,神月紀事,2001,Windows,1,cmtplthbx0e4504jvu28ueway,神月紀事,1,,要判
cdg-4821,神月紀事,2001,Windows,1,cmtpln9sc0col04jvx4bgspr6,LUNA SAGA,1,,要判
cdg-4860,遊戲製作大師：RPG篇,2001,Windows,0,cmtpnp2fw04qd04l6u60oswjw,RPG製作大師,1,,
cdg-4872,危城之戰,2001,Windows,0,cmtpn4fyy00pg04l69e35jegt,危城之戰,2,WIN,
cdg-4882,GOGO美食王,2001,Win9x,0,cmtpltyhe0e6404jvozehnz2i,GOGO美食王,2,,
cdg-5096,古龍群俠傳,2001,Windows,0,cmtplw6u10ene04jv79cvjtn2,古龍群俠傳,3,WIN,
cdg-5097,美少女聖記,2001,Windows,0,,,,,站上沒有
cdg-5098,奶娃大作戰,2001,Windows,0,cmtplycr50f4604jvw8c9q5lq,Come on baby,2,,
cdg-5103,魔法危機,2001,Windows,0,,,,,站上沒有
cdg-5107,大決戰,2001,Windows,0,cmtpkwmgt05v204jvg1m0eg7f,大決戰,1,WIN,
cdg-5114,戰爭與和平,2001,Windows,0,,,,,站上沒有
cdg-5120,流氓大亨2,2001,Windows,0,cmtpn1wat00a804l66xk7l4vo,流氓大亨2,1,WIN,
cdg-5150,烈焰奇兵,2001,Win9x,0,cmtplycu00f5404jvonnu3tsw,烈焰奇兵,1,WIN,
cdg-5154,可汗～天降聖使～,2001,Windows,0,,,,,站上沒有
cdg-5165,永恆傳說：奇幻水晶緣,2001,Windows,0,,,,,站上沒有
cdg-5186,封印物語,2001,Windows,0,,,,,站上沒有
cdg-5185,綠野仙蹤,2001,Windows,0,cmtplx9x80exs04jvdt4dezky,綠野仙蹤,2,WIN,
cdg-5193,卡哇伊大作戰,2001,Windows,0,cmtplw6tt0enb04jv9zgc6xoh,卡哇伊大作戰,1,WIN,
cdg-5374,傲世三國,2001,Windows,0,cmtplx9ws0exm04jvp2ovj0ot,傲世三國,1,WIN,
cdg-0086,H！神探,2002,Windows,1,,,,,站上沒有
cdg-0207,三國孔明傳,2002,Windows,1,cmtpng40z034704l6eg0noo4h,三國孔明傳,4,,要判
cdg-0207,三國孔明傳,2002,Windows,1,cmtpnc6vj02d704l6heojfl3f,孔明傳,2,,要判
cdg-0223,三國志Battlefield,2002,Windows,1,cmtpn82sw01kl04l6rok1igd6,三國志battlefield,1,WIN,
cdg-0241,三國群英傳3,2002,Windows,1,cmtpn5wyx011e04l6v1j2wsps,三國群英傳3,1,WIN,
cdg-0369,大富翁6,2002,Windows,1,cmtpn7czh01gm04l6wi5sgc8d,大富翁6,1,WIN,
cdg-0444,天使小夜曲,2002,Windows,0,cmtpn82qf01jz04l63ixli2i1,天使小夜曲,2,WIN,
cdg-0447,天使帝國3,2002,Windows,1,,,,,站上沒有
cdg-0460,天地劫外章：寰神結,2002,Windows,1,cmtpnebl602op04l6oyo3g10t,天地劫外章：寰神結,3,WIN,
cdg-0482,天龍八部,2002,Windows,1,cmtpkxdnf063504jvndolx5x6,天龍八部,14,,
cdg-0547,少林麻將,2002,Windows,1,cmtpn4g9w00rn04l6wejv8qh4,少林麻將,2,WIN,
cdg-0565,幻世錄2：魔神戰爭,2002,Windows,1,cmtpn5wzi011h04l61yztixtz,幻世錄2魔神戰爭,1,WIN,
cdg-0629,永恆之星,2002,Windows,0,cmtpn4g5500qu04l6moky5wr5,永恆之星,3,WIN,
cdg-0700,反大富翁：敗金大作戰,2002,Windows,1,,,,,站上沒有
cdg-0709,夜行偵探：零,2002,Windows,1,,,,,站上沒有
cdg-0783,報數！三國演義,2002,Windows,1,cmtpn7cse01ev04l6pwb9ua7r,報數三國演義,1,WIN,
cdg-0808,富甲天下3,2002,Windows,1,cmtpn4fxn00p604l6qwh0vkqq,富甲天下3,2,WIN,
cdg-0850,致命武力2：重生,2002,Windows,0,cmtpn561200uj04l6ptauanwa,致命武力2重生,3,,
cdg-0888,裝甲騎兵2,2002,Windows,0,cmtpnt55p05ou04l6cv24k4y9,裝甲騎兵2,2,WIN,
cdg-1036,四海兄弟,2002,Windows,0,cmtpnc6tc02cc04l6f9fjdi1c,四海兄弟,2,WIN,
cdg-1072,女神天蠶變,2002,Windows,1,cmtpn1wb400ac04l6j6s3v5ln,女神天蠶變,1,WIN,
cdg-1109,巴冷公主,2002,Windows,1,,,,,站上沒有
cdg-1281,交通英雄,2002,Windows,1,cmtpn7ctp01f704l6rb6mac4t,交通英雄,5,WIN,
cdg-1319,臥虎藏龍之青冥劍,2002,Windows,0,cmtpn9mi901w204l6wnztpncv,臥虎藏龍之青冥劍,1,WIN,
cdg-1321,重裝武力（The Second Encounter）,2002,Windows,0,cmtplycmo0f2w04jv1nqfeis4,重裝武力,2,,
cdg-1354,阿瑪迪斯戰記,2002,Windows,0,cmtpn7cs101es04l6smargmb4,阿瑪迪斯戰記,3,WIN,
cdg-1443,秦殤,2002,Windows,0,,,,,站上沒有
cdg-1475,美少女夢工場～Go!Go!美少女,2002,Windows,1,,,,,站上沒有
cdg-1526,風色幻想2：aLIVE,2002,Windows,1,,,,,站上沒有
cdg-1645,信長之野望10：蒼天錄,2002,Windows,1,,,,,站上沒有
cdg-1667,傲世蒼龍之趙雲傳,2002,Windows,1,,,,,站上沒有
cdg-1878,笑傲江湖2外傳：東方再起,2002,Windows,1,,,,,站上沒有
cdg-1886,軒轅劍4：黑龍舞兮雲飛揚,2002,Windows,0,,,,,站上沒有
cdg-1940,異域狂想曲,2002,Windows,1,cmtpn7cvv01fp04l6btpu4x5z,異域狂想曲,4,WIN,
cdg-1962,雀王傳：絕色麻將,2002,Windows,0,,,,,站上沒有
cdg-1966,雍正傳奇,2002,Windows,1,,,,,站上沒有
cdg-2091,絕冬城之夜,2002,Windows,0,cmtpn7cu101fa04l69fkvomky,絕冬城之夜,2,,要判
cdg-2091,絕冬城之夜,2002,Windows,0,cmtplycry0f4f04jvjkjqomub,Neverwinter Nights,1,,要判
cdg-2113,綜藝麻將王,2002,Windows,1,,,,,站上沒有
cdg-2231,超級鬥球王,2002,WinXP,1,,,,,站上沒有
cdg-2286,救世英豪2,2002,Windows,1,,,,,站上沒有
cdg-2330,新官能教習2：女奴俱樂部,2002,Windows,1,,,,,站上沒有
cdg-2341,新神奇傳說3,2002,Windows,1,cmtpn6pb8017w04l69m89kzlb,新神奇傳說3,2,WIN,
cdg-2347,新絕代雙驕3,2002,Windows,1,cmtpn56g200y104l6jtysp0bc,新絕代雙驕3,5,WIN,
cdg-2521,聖女之歌：人魚的新娘,2002,Windows,1,,,,,站上沒有
cdg-2707,霹靂大富翁2：武林亂鬥,2002,Windows,1,,,,,站上沒有
cdg-2715,霹靂酷樂貓,2002,Windows,1,,,,,站上沒有
cdg-2748,夢幻蛋糕屋,2002,Windows,1,,,,,站上沒有
cdg-2763,夢幻麻將館4：麻雀傳說,2002,WinXP,0,,,,,站上沒有
cdg-2764,夢幻麻將館5：雀戰風雲,2002,Windows,1,,,,,站上沒有
cdg-2765,夢幻麻將館6：雀神傳說,2002,Windows,1,,,,,站上沒有
cdg-2840,蛋蛋大車拼,2002,Windows,1,cmtpn82rd01k704l6gwkdjqm9,蛋蛋大車拼,1,WIN,
cdg-3116,極樂大戰,2002,Windows,0,,,,,站上沒有
cdg-3120,極樂麻將,2002,Windows,1,,,,,站上沒有
cdg-3194,模擬百貨,2002,Windows,1,,,,,站上沒有
cdg-3239,櫻花大戰2：願君平安,2002,Windows,1,,,,,站上沒有
cdg-3381,戰地風雲1942,2002,Windows,1,cmtpn8s8e01qq04l672vupzuo,戰地風雲1942,2,WIN,
cdg-3424,花神傳說,2002,Windows,3,cmtpn7cny01dx04l60p3i1j0a,花神傳說,3,WIN,
cdg-3480,藏天神魔傳,2002,Windows,1,cmtpn7cob01e004l6agjyetnl,藏天神魔傳,1,,要判
cdg-3480,藏天神魔傳,2002,Windows,1,cmtpn2nv500hd04l6ogywoyui,西藏鎮魔曲,1,,要判
cdg-3809,變身博士,2002,Windows,0,,,,,站上沒有
cdg-4293,小李飛刀：多情劍客無情劍,2002,Windows,0,,,,,站上沒有
cdg-4341,熱狗熱GO！速食英雄：愛與勇氣大冒險,2002,Windows,0,,,,,站上沒有
cdg-4526,中國貳：永恆帝國,2002,Windows,0,cmtpn7cr301ek04l6vunlppv9,中國2,1,,要判
cdg-4526,中國貳：永恆帝國,2002,Windows,0,cmtpn82xh01lp04l6f9kfbnrw,中國貳,2,,要判
cdg-4533,聖魔爭霸,2002,Windows,0,cmtpn9mnh01x704l6mbd8h2d2,聖魔爭霸,2,WIN,
cdg-4813,紅磨坊,2002,Windows,0,,,,,站上沒有
cdg-4820,奇蹟花園,2002,Windows,0,cmtpn4fy600pa04l63zzuip6n,奇蹟花園,1,WIN,
cdg-4822,聖騎士之戰X,2002,Windows,0,,,,,站上沒有
cdg-4839,美少女夢工場～魔法石大作戰,2002,Windows,0,,,,,站上沒有
cdg-4871,漢朝與羅馬,2002,Windows,0,cmtpn4g7h00re04l6y9drwr5u,漢朝與羅馬,1,WIN,
cdg-4873,指極星,2002,Windows,0,,,,,站上沒有
cdg-4880,流星蝴蝶劍.net,2002,Windows,0,,,,,站上沒有
cdg-5125,神兵玄奇：虎魄重光,2002,Windows,0,,,,,站上沒有
cdg-5140,三國群俠傳,2002,Windows,0,cmtpn4g2800q604l6iih38rg1,三國群俠傳,5,WIN,
cdg-5141,最初幻想,2002,Win9x,0,cmtpn6pms01ae04l6avvp8t45,最初幻想,1,WIN,
cdg-5192,秘寶奇兵,2002,Windows,0,,,,,站上沒有
cdg-5381,神機世界2：遙遠的約定,2002,Win9x,0,,,,,站上沒有
cdg-0218,三國志9,2003,Windows,2,,,,,站上沒有
cdg-0232,三國戰略之十六張麻將,2003,Windows,0,,,,,站上沒有
cdg-0237,三國立志傳2,2003,Windows,0,cmtpnhylm03iv04l6f4jolg0u,三國立志傳2,4,WIN,
cdg-0242,三國群英傳4,2003,Windows,1,,,,,站上沒有
cdg-0256,三國霸業2,2003,Windows,1,cmtpnhynq03jm04l6bu82accv,三國霸業2,5,WIN,
cdg-0370,大富翁7,2003,Windows,1,cmtpnntor04gt04l6mz5ciuvz,大富翁7,4,WIN,
cdg-0372,大富翁8美眉,2003,Windows,0,cmtpnh2q103cz04l6rpq41udu,大富翁8美眉,2,WIN,
cdg-0432,天下霸圖,2003,Windows,1,cmtpn9mx101zg04l61wcrihnx,天下霸圖,4,WIN,
cdg-0471,天河傳說,2003,Windows,1,cmtpnjwgx03w404l66l9olg2n,天河傳說,3,WIN,
cdg-0473,天狐16張,2003,Windows,0,,,,,站上沒有
cdg-0567,幻想三國誌,2003,Windows,1,cmtpnf2v002z104l6542g5vcw,幻想三國誌,11,WIN,
cdg-0609,比基尼雀美眉,2003,Windows,1,,,,,站上沒有
cdg-0699,反三國志,2003,Windows,1,cmtpnc6sk02c204l6h9w0m0gd,反三國志,2,WIN,
cdg-0726,正宗台灣十六張麻將3,2003,Windows,1,,,,,站上沒有
cdg-0729,正宗麻將之雍正王朝,2003,Windows,1,cmtpnd7mu02je04l623xtuza9,正宗麻將之雍正王朝,1,WIN,
cdg-0865,艷鬼大富翁,2003,Windows,1,,,,,站上沒有
cdg-0928,叮噹五福星,2003,Win9x、WinXP,0,cmtpnh2lg03c004l6wonvinlj,叮噹五福星,2,WIN,
cdg-0985,呂布與貂蟬,2003,Windows,1,cmtpn9mhr01vy04l64b41d0lb,呂布與貂蟬,1,WIN,
cdg-1077,如來神掌之宇宙爭雄,2003,Windows,1,cmtpnhyf603gg04l6o8g1kss8,如來神掌之宇宙爭雄,4,WIN,
cdg-1190,波斯王子：時之砂,2003,Windows,1,,,,,站上沒有
cdg-1240,海商王,2003,Windows,1,cmtpnlw4f04az04l60y5cb69a,海商王,3,WIN,
cdg-1273,激戰足球學園,2003,WinXP,1,,,,,站上沒有
cdg-1304,奇蹟餐廳,2003,Windows,1,cmtpniwc203ox04l6qhr6k2ve,奇蹟餐廳,5,WIN,
cdg-1374,青蛇：法海恩仇錄,2003,Windows,1,,,,,站上沒有
cdg-1388,勇者泡泡龍4：電碼城大戰,2003,Windows,1,,,,,站上沒有
cdg-1420,秋之回憶,2003,Windows,1,cmtpnjwkd03xh04l6kmfkaprm,秋之回憶,2,,要判
cdg-1420,秋之回憶,2003,Windows,1,cmtxy6a5300an04kwjwj1mzbd,Memories Off,1,,要判
cdg-1421,秋之回憶2,2003,Windows,1,cmtpnhyky03im04l647d69o51,秋之回憶2,2,WIN,
cdg-1549,餅乾夢工坊2,2003,Windows,1,,,,,站上沒有
cdg-1565,仙劍奇俠傳2,2003,Windows,0,cmtpn8s8201qm04l6uf7gzbow,仙劍奇俠傳2,3,,要判
cdg-1565,仙劍奇俠傳2,2003,Windows,0,cmtpnc6jr028z04l6thmxhwl5,仙劍奇俠傳二,7,,要判
cdg-1566,仙劍奇俠傳3,2003,Windows,0,cmtpnhyev03gc04l6efzv3xtx,仙劍奇俠傳3,3,,要判
cdg-1566,仙劍奇俠傳3,2003,Windows,0,cmtpn9mtn01yn04l6sfnlnr1x,仙劍奇俠傳三,8,,要判
cdg-1591,伊蘇6：納比斯汀的方舟,2003,WinXP,1,,,,,站上沒有
cdg-1646,信長之野望11：天下創世,2003,WinXP,1,,,,,站上沒有
cdg-1795,慾空間,2003,Windows,1,cmtpnlw2g04ak04l68ixe2ob2,慾空間,1,WIN,
cdg-1970,奇幻仙境,2003,Windows,1,cmtpnkvvy044a04l6493uudgp,奇幻仙境,4,WIN,
cdg-1990,麻將夢幻國2,2003,Windows,1,cmtpnebzf02s304l6n9ibylp3,麻將夢幻國2,1,WIN,
cdg-2016,征天風舞傳：三國誌異,2003,Windows,1,,,,,站上沒有
cdg-2041,紅樓續夢之京華風雲,2003,WinXP,1,cmtpnkvrp042r04l67mrgr6hl,紅樓續夢 京華風雲,1,,
cdg-2331,新官能教習3：女奴調教,2003,WinXP,1,,,,,站上沒有
cdg-2332,新官能教習4：黑獄,2003,WinXP,1,,,,,站上沒有
cdg-2360,新金瓶梅,2003,Windows,0,,,,,站上沒有
cdg-2361,新金瓶梅真人版,2003,WinXP,0,,,,,站上沒有
cdg-2395,明星賭城,2003,Windows,0,cmtpnp2im04r004l6i74639vu,明星賭城,1,WIN,
cdg-2522,聖女之歌2：撒雷母天使,2003,Windows,1,cmtpnjwbh03tq04l64js7aooh,聖女之歌2-撒雷母天使,1,WIN,
cdg-2730,夢幻大富翁：魔法大亂鬥,2003,Windows,1,,,,,站上沒有
cdg-2740,夢幻撲克牌 大老二幻想曲,2003,Windows,1,,,,,站上沒有
cdg-2759,夢幻魔法牌之風月寶鑑,2003,Windows,1,,,,,站上沒有
cdg-2766,夢幻麻將館7：濕樂園,2003,Windows,0,,,,,站上沒有
cdg-2811,發明工坊：重現藍海之都的光芒,2003,Windows,1,,,,,站上沒有
cdg-2828,虛擬人生3：成長戀曲,2003,Windows,1,,,,,站上沒有
cdg-2892,銀河天使：月夜情人,2003,Windows,1,,,,,站上沒有
cdg-3178,模擬城市4：福爾摩沙,2003,Windows,1,,,,,站上沒有
cdg-3240,櫻花大戰3：巴黎在燃燒嗎,2003,WinXP,1,,,,,站上沒有
cdg-3446,英雄本色,2003,Windows,1,cmtpll9fd0c9004jv8w7wxi14,英雄本色,10,WIN,
cdg-3471,蒼龍少年,2003,Windows,0,cmtpnad8e024g04l68qp3ebt7,蒼龍少年,8,WIN,
cdg-3489,聲控麻將王2：麻將教師,2003,Windows,1,cmtpn565i00vk04l6bkh3jxpk,麻將教師,1,,
cdg-3613,閃擊戰,2003,Windows,1,cmsylwgx8006l04ji9l97y5wi,閃擊戰,2,WIN,
cdg-3665,魔喚精靈3,2003,Windows,1,,,,,站上沒有
cdg-3810,豔鬼麻將,2003,Windows,1,,,,,站上沒有
cdg-4815,吸血鬼之傷,2003,Windows,0,,,,,站上沒有
cdg-4845,吸血姬夕維：千夜抄,2003,Windows,0,cmtpnzfxn072x04l66dblmghm,吸血姬夕維～千夜抄～,2,WIN,
cdg-4846,文化2,2003,Windows,0,,,,,站上沒有
cdg-5159,GO!GO!台北捷運,2003,Windows,0,cmtpniwfi03pu04l6mj8ebexu,GO!GO!台北捷運,1,WIN,
cdg-0219,三國志10,2004,Windows,2,,,,,站上沒有
cdg-0230,三國志英雄傳,2004,Windows,0,,,,,站上沒有
cdg-0249,三國英豪2,2004,Windows,1,cmtpnud8x060h04l6hyi09b0p,三國英豪2,1,WIN,
cdg-0386,大富翁與小富婆,2004,Windows,1,cmtpnr41q057j04l67gky7rpr,大富翁與小富婆,1,WIN,
cdg-0449,天使戀曲,2004,Windows,0,cmtpnr411057d04l6w7wmkvxo,天使戀曲,1,WIN,
cdg-0507,太閤立志傳5,2004,Windows,0,,,,,站上沒有
cdg-0809,富甲天下4,2004,Windows,1,cmtpnpoj604xk04l690zt87xf,富甲天下4,2,WIN,
cdg-1020,嘿咻魔法娘,2004,Windows,1,,,,,站上沒有
cdg-1024,四大名捕之鐵手無敵,2004,Windows,1,,,,,站上沒有
cdg-1191,波斯王子2：侍魂無雙,2004,Windows,1,,,,,站上沒有
cdg-1241,海商王2,2004,Windows,1,,,,,站上沒有
cdg-1282,交響樂之雨,2004,Windows,0,cmtpnud5u05zn04l6jkk8o0xa,交響樂之雨,1,WIN,
cdg-1408,政治麻將2,2004,Windows,1,,,,,站上沒有
cdg-1422,秋之回憶3：想君,2004,Windows,1,cmtpnqf8k050m04l6ga7a3zgj,想君 秋之回憶,1,,
cdg-1464,美女快打,2004,Windows,1,cmtpnud81060804l6tadi3ubf,美女快打,1,WIN,
cdg-1527,風色幻想3：罪與罰的鎮魂歌,2004,Windows,1,,,,,站上沒有
cdg-1567,仙劍奇俠傳3外傳：問情篇,2004,Windows,0,cmtpnrsv605f804l6ogeaqckw,仙劍奇俠傳三外傳問情篇,3,,
cdg-1619,俠客英雄傳XP,2004,Windows,1,,,,,站上沒有
cdg-1815,真‧倚天屠龍記,2004,Windows,1,cmtpnoffk04mk04l6ovsp7541,真倚天屠龍記,2,WIN,
cdg-1887,軒轅劍外傳：蒼之濤,2004,Windows,0,cmtpnntua04i304l60ixxbfxd,軒轅劍外傳：蒼之濤,6,,
cdg-2005,麻將鐵公雞2,2004,DOS,0,,,,,站上沒有
cdg-2235,超魔法大戰,2004,Windows,1,cmtpnsgje05kd04l6kdeyeg7l,超魔法大戰,2,WIN,
cdg-2339,新無敵炸彈超人2：巴冷公主篇,2004,Windows,1,,,,,站上沒有
cdg-2732,夢幻天使之女神戰記,2004,Windows,1,,,,,站上沒有
cdg-2767,夢幻麻將館8：媚惑學園,2004,WinXP,0,,,,,站上沒有
cdg-2768,夢幻麻將館8：媚惑學園續章,2004,WinXP,0,,,,,站上沒有
cdg-2825,虎門奇俠,2004,Windows,1,,,,,站上沒有
cdg-2893,銀河天使：永恆的情人,2004,Windows,1,,,,,站上沒有
cdg-2923,銀翼風暴,2004,Win9x、WinXP,0,,,,,站上沒有
cdg-3459,萬夫莫敵：聖女傳,2004,Windows,1,cmtpnr49e059g04l6vhzmyx4a,萬夫莫敵：聖女傳,1,WIN,
cdg-3473,蓋亞大地傳說2：光輝傳承,2004,Windows,1,cmtpnhyos03jz04l6qljqtz77,光輝傳承,1,,
cdg-3508,特勤機甲隊6,2004,WinXP,1,cmtpnt59905pq04l6j7qm23ho,特勤機甲隊6,1,WIN,
cdg-3655,鬼惑,2004,Windows,0,,,,,站上沒有
cdg-3811,豔鬼麻將2：還陽記,2004,Windows,0,,,,,站上沒有
cdg-3830,龍虎門,2004,Windows,0,cmtpnlw1g04ab04l6pzc65k3z,龍虎門,2,WIN,
cdg-4823,聖騎士之戰XX,2004,Windows,0,,,,,站上沒有
cdg-4847,鐵道王,2004,Windows,0,cmtpnr44g058804l6zuxa9uko,鐵道王,1,WIN,
cdg-4855,時光的羈絆,2004,Windows,0,cmtpnp2js04rb04l6jmgnu3ej,時光的羈絆,2,,要判
cdg-4855,時光的羈絆,2004,Windows,0,cmtpnofbp04l304l6dpgd0ybb,EVER17,2,,要判
cdg-4858,戀愛遊戲製作大師2,2004,Windows,0,cmtpnofec04m304l6ncrddlxo,戀愛遊戲製作大師2,1,WIN,
cdg-4861,RPG製作大師2,2004,Windows,0,,,,,站上沒有
cdg-4863,愛神餐館MAX,2004,Windows,1,cmtpnv0mr062d04l67zwqriz6,愛神餐館MAX,1,WIN,
cdg-4869,大富翁7兩岸三地遊,2004,Windows,0,,,,,站上沒有
cdg-5117,新世紀福音戰士：碇真嗣育成計劃,2004,Windows,0,cmtpnzfx4072v04l6dmm1zc14,碇真嗣育成計畫,1,,
cdg-5131,美食天堂之台灣食字路口,2004,Windows,0,,,,,站上沒有
cdg-5138,奇靈王,2004,Windows,0,cmtpnr40p057a04l6cb67k728,奇靈王,1,WIN,
cdg-5142,陸小鳳之金鵬皇朝,2004,Windows,0,cmtpnv0uc065704l6tp3fajmm,陸小鳳金鵬皇朝,1,,
cdg-0192,卒業～Next Graduation～,2005,Windows,1,,,,,站上沒有
cdg-0238,三國立志傳3,2005,Windows,1,cmtpnyibp06ty04l625tk7pib,三國立志傳3,3,WIN,
cdg-0243,三國群英傳5,2005,Windows,1,,,,,站上沒有
cdg-0254,三國連環炮,2005,Windows,1,,,,,站上沒有
cdg-0350,五小福大富翁,2005,Windows,1,,,,,站上沒有
cdg-0356,大唐隸教傳,2005,Windows,1,,,,,站上沒有
cdg-0442,天使協奏曲,2005,Windows,1,cmtpnyiug06w204l6czx880mo,天使協奏曲,1,WIN,
cdg-0568,幻想三國誌2,2005,Windows,1,cmtpo0dzs07a804l6yg1r0a7t,幻想三國誌2,1,WIN,
cdg-1023,四大名捕之會京師,2005,Windows,1,,,,,站上沒有
cdg-1071,女大宿舍,2005,Windows,1,,,,,站上沒有
cdg-1193,波斯王子3：雙刃王座,2005,Windows,1,,,,,站上沒有
cdg-1323,重裝武力2,2005,Windows,0,cmtpn562c00uu04l6kquqfpnx,重裝武力2,2,WIN,
cdg-1369,青少棒揚威記2,2005,Windows,1,cmtpnyiux06w804l6996ox5fe,青少棒揚威記2,1,WIN,
cdg-1390,勇者泡泡龍：大富翁,2005,Windows,1,,,,,站上沒有
cdg-1423,秋之回憶4：從今以後,2005,Windows,1,cmtxy6a5300an04kwjwj1mzbd,Memories Off,1,,
cdg-1447,空戰1945,2005,Windows,1,,,,,站上沒有
cdg-1480,美少女夢工場4,2005,Windows,1,cmtpnzuzm076k04l6mmopwv8m,美少女夢工場4,4,WIN,
cdg-1528,風色幻想4：聖戰的終焉,2005,Windows,1,cmtpnyyaj070h04l6tbebqiji,風色幻想4 ～聖戰的終焉～,3,WIN,
cdg-1589,伊蘇：菲爾佳娜之誓,2005,WinXP,1,,,,,站上沒有
cdg-1789,愛神餐館2,2005,Windows,1,,,,,站上沒有
cdg-1844,神秘島,2005,Windows,0,cmtpo0vn507f204l6oxuhqmgf,神秘島,1,WIN,
cdg-2306,文明帝國4,2005,Windows,1,,,,,站上沒有
cdg-2389,明星志願3,2005,Windows,1,cmtpnwwzg06iq04l6dhu44m8l,明星志願3,7,WIN,
cdg-2396,明星賭城2,2005,Windows,1,,,,,站上沒有
cdg-2458,暗棋王,2005,Windows,0,,,,,站上沒有
cdg-2769,夢幻麻將館9：雀聖爭霸,2005,Windows,0,,,,,站上沒有
cdg-2812,發明工坊2：重建天空之城的榮光,2005,Windows,1,,,,,站上沒有
cdg-3089,校園戀愛大戰,2005,Windows,1,cmtpnwf1u06hh04l6exr2d8lt,校園戀愛大戰,2,WIN,
cdg-3476,藍色天使隊,2005,Windows,1,cmtpnzfxf072w04l6gpgjki6j,藍色天使隊,3,WIN,
cdg-4335,青春學園～戀戀人生～,2005,Windows,0,,,,,站上沒有
cdg-4853,狀況開始,2005,Windows,0,,,,,站上沒有
cdg-4854,白色魔法石,2005,Windows,0,cmtpnyiun06w504l6mtstt6o7,白色魔法石,2,,要判
cdg-4854,白色魔法石,2005,Windows,0,cmtpki0ld02z104jvkvl8qqgp,カスタムメイト・2,5,,要判、名稱含假名
cdg-4865,夢幻奇緣2,2005,Windows,0,,,,,站上沒有
cdg-5130,大富翁：童話共和國,2005,Windows,0,cmtpnwf1206h704l6qtakshms,童話共和國,1,,
cdg-5144,武俠群英傳,2005,Windows,0,cmtpnyya4070c04l6x7u0joos,武俠群英傳,2,WIN,
cdg-5180,夢幻便利商店,2005,Windows,0,,,,,站上沒有
cdg-0220,三國志11,2006,Windows,2,cmtpo2log07nv04l6o8w8xqok,三國志11,2,WIN,
cdg-0244,三國群英傳6,2006,Windows,1,,,,,站上沒有
cdg-0371,大富翁8,2006,Windows,1,cmtpo1cdd07i504l6kwasgo1r,大富翁 8,2,WIN,
cdg-1172,沉默的艦隊2,2006,Windows,0,,,,,站上沒有
cdg-1389,勇者泡泡龍：夢工場,2006,Windows,1,,,,,站上沒有
cdg-1409,政治麻將3：凱達格蘭夜市,2006,Windows,1,,,,,站上沒有
cdg-1529,風色幻想5：赤月戰爭,2006,Windows,1,cmtpo2lp507o404l694qsibtr,風色幻想5～赤月戰爭～,2,WIN,
cdg-1551,香港地產王,2006,Windows,1,,,,,站上沒有
cdg-1593,伊蘇：始源,2006,Windows,1,,,,,站上沒有
cdg-1831,神奇GOGO大富翁,2006,Windows,1,cmtpo1son07ky04l6f8hmg680,神奇 GOGO 大富翁,1,WIN,
cdg-1888,軒轅劍5：一劍凌雲山海情,2006,Windows,1,cmtpnwwzo06ir04l6jztyn299,軒轅劍伍,1,,
cdg-2287,救世英豪3,2006,Windows,1,,,,,站上沒有
cdg-2348,新絕代雙驕前傳,2006,Windows,1,,,,,站上沒有
cdg-3169,模擬上班族,2006,Windows,1,,,,,站上沒有
cdg-3170,模擬上班族2,2006,Windows,1,,,,,站上沒有
cdg-3439,英雄傳說6：空之軌跡 FC,2006,Windows,1,,,,,站上沒有
cdg-3709,魔法使與主人,2006,Windows,1,cmtpo2m0007s204l66g4bhbn5,魔法使與主人,1,WIN,
cdg-4838,美少女夢工場4完璧版,2006,Windows,1,,,,,站上沒有
cdg-4850,魔法少女：未知的天空艾塔提亞,2006,Windows,0,,,,,站上沒有
cdg-5129,工人物語2：十週年紀念版,2006,Windows,0,,,,,站上沒有
cdg-5145,武俠群英傳2,2006,Windows,0,cmtpo1sog07kv04l627t36sfj,武俠群英傳2,1,WIN,
cdg-0245,三國群英傳7,2007,Windows,1,,,,,站上沒有
cdg-0246,三國群英大富翁,2007,Windows,1,,,,,站上沒有
cdg-0377,大富翁世界之旅3,2007,Windows,1,,,,,站上沒有
cdg-0396,大戰略：大東亞興亡史2,2007,Windows,1,,,,,站上沒有
cdg-0433,天下霸圖2,2007,Windows,0,,,,,站上沒有
cdg-0569,幻想三國誌3,2007,Windows,1,,,,,站上沒有
cdg-0570,幻想三國誌4,2007,Windows,1,,,,,站上沒有
cdg-0625,水滸新傳：天地之風,2007,Windows,1,,,,,站上沒有
cdg-1424,秋之回憶4外傳：從今以後 again,2007,Windows,1,,,,,站上沒有
cdg-1425,秋之回憶5：中斷的影片,2007,Windows,1,,,,,站上沒有
cdg-1481,美少女夢工坊5,2007,Windows,1,,,,,站上沒有
cdg-1530,風色幻想6：冒險奏鳴,2007,Windows,1,,,,,站上沒有
cdg-1889,軒轅劍外傳：漢之雲,2007,Windows,1,cmtpnr47u059204l6r3aek410,軒轅劍外傳漢之雲,1,WIN,
cdg-3440,英雄傳說6：空之軌跡 SC,2007,Windows,1,,,,,站上沒有
cdg-3477,藍色天使隊2,2007,WinXP,1,,,,,站上沒有
cdg-4535,仙劍奇俠傳4,2007,Windows,0,,,,,站上沒有
cdg-4542,Keroro軍曹：藍星侵略大作戰,2007,Windows,0,,,,,站上沒有
cdg-4841,精靈協奏曲,2007,Windows,0,,,,,站上沒有
cdg-4852,真實之淚,2007,Windows,0,,,,,站上沒有
cdg-4862,新RPG製作大師XP,2007,Windows,0,,,,,站上沒有
cdg-4866,明星志願3：甜蜜樂章,2007,Windows,0,,,,,站上沒有
cdg-0042,A列車8,2008,Windows,1,,,,,站上沒有
cdg-0571,幻想三國誌4外傳,2008,Windows,1,,,,,站上沒有
cdg-0810,富甲天下5,2008,Windows,1,,,,,站上沒有
cdg-1419,秋之回憶：雨後,2008,Windows,1,cmtpkktar03aa04jv4bpomayp,卒業,2,,
cdg-1426,秋之回憶5外傳：安可,2008,Windows,1,,,,,站上沒有
cdg-1532,風色幻想XX：交錯的軌跡,2008,Windows,1,,,,,站上沒有
cdg-1572,仙狐奇緣2：情劍錄,2008,Windows,1,,,,,站上沒有
cdg-1790,愛麗絲奏鳴曲：命運之輪,2008,Win64,1,,,,,站上沒有
cdg-2315,新世紀福音戰士：機密檔案,2008,Windows,1,,,,,站上沒有
cdg-2813,發明工坊2外傳：臉紅心跳大冒險,2008,Windows,1,,,,,站上沒有
cdg-3026,手機少女,2008,Windows,1,,,,,站上沒有
cdg-3441,英雄傳說6：空之軌跡 the 3rd,2008,Windows,0,,,,,站上沒有
cdg-3564,現代大戰略2008,2008,Windows,1,,,,,站上沒有
cdg-4851,天使計畫,2008,Windows,0,,,,,站上沒有
cdg-0614,水之旋律,2009,Windows,1,,,,,站上沒有
cdg-0615,水之旋律2：緋之記憶,2009,Windows,1,,,,,站上沒有
cdg-1305,奇蹟餐廳2,2009,Windows,1,,,,,站上沒有
cdg-1429,秋之回憶 Duet,2009,Windows,1,cmtpnjwkd03xh04l6kmfkaprm,秋之回憶,2,,
cdg-1971,雙星物語2,2009,Windows,1,cmtpki0ld02z104jvkvl8qqgp,カスタムメイト・2,5,,名稱含假名
cdg-2814,發明工坊3：蒼之巨神,2009,Windows,1,,,,,站上沒有
cdg-2829,虛擬人生4：快樂星貓,2009,Windows,1,,,,,站上沒有
cdg-3209,模擬飯店2,2009,Windows,1,,,,,站上沒有
cdg-3666,魔喚精靈4,2009,Windows,1,,,,,站上沒有
cdg-4842,百合二重奏,2009,Windows,0,,,,,站上沒有
cdg-4844,台灣麻將王2,2009,Windows,0,,,,,站上沒有
cdg-0170,公主奇緣,2010,Windows,1,,,,,站上沒有
cdg-1427,秋之回憶6：T-wave,2010,Windows,1,,,,,站上沒有
cdg-1791,愛麗絲奏鳴曲2：衝擊代碼,2010,Win64,1,,,,,站上沒有
cdg-1890,軒轅劍外傳：雲之遙,2010,Windows,1,,,,,站上沒有
cdg-4824,真‧雙星物語2,2010,Windows,0,cmtpki0ld02z104jvkvl8qqgp,カスタムメイト・2,5,,名稱含假名
cdg-4843,救世英豪4：中古傳奇,2010,Windows,0,,,,,站上沒有
cdg-4848,天下無缺,2010,Windows,0,,,,,站上沒有
cdg-4884,新虛擬人生,2010,Windows,0,,,,,站上沒有
cdg-0043,A列車9,2011,Windows,1,,,,,站上沒有
cdg-1428,秋之回憶7：打勾勾的記憶,2011,Windows,1,,,,,站上沒有
cdg-1792,愛麗絲奏鳴曲3：真相終章,2011,Win64,1,,,,,站上沒有
cdg-3442,英雄傳說7：零之軌跡,2011,Windows,0,,,,,站上沒有
cdg-4536,仙劍奇俠傳5,2011,Windows,0,,,,,站上沒有
cdg-0221,三國志12,2012,Windows,1,,,,,站上沒有
cdg-4825,英雄傳說7：碧之軌跡,2012,Windows,0,,,,,站上沒有
cdg-4856,海商王3,2012,Windows,0,,,,,站上沒有
cdg-5160,八年抗戰2,2012,Windows,0,,,,,站上沒有
cdg-0905,古墓奇兵（2013）,2013,Win64,1,cmtpl1itc072704jvqjxc3fjp,古墓奇兵,6,,
cdg-1891,軒轅劍6：鳳凌長空千載雲,2013,Windows,1,,,,,站上沒有
cdg-4537,仙劍奇俠傳5前傳,2013,Windows,0,,,,,站上沒有
cdg-4826,伊蘇7,2013,Windows,0,,,,,站上沒有
cdg-4849,明星英雄大亂鬥,2013,Windows,0,,,,,站上沒有
cdg-1892,軒轅劍外傳：穹之扉,2015,Windows,1,,,,,站上沒有
cdg-4538,仙劍奇俠傳6,2015,Windows,0,,,,,站上沒有
cdg-0456,天命奇御,2018,Win64,1,,,,,站上沒有
cdg-1893,軒轅劍7,2020,Win64,1,,,,,站上沒有
cdg-4539,仙劍奇俠傳7,2021,Win64,0,,,,,站上沒有
cdg-3641,高速公路銀行遊戲,,DOS,6,,,,,站上沒有
cdg-4290,三國伏魔,,,1,cmtplokgs0d0604jvua7gkfj8,三國伏魔,2,,
cdg-4396,普巴．郭切希,,,1,,,,,站上沒有
cdg-4522,龍城飛將,,,0,cmtpkpmja045p04jvg728zgwh,龍城飛將,1,,
cdg-4523,刀劍決,,,0,cmtpkp9ub03yu04jvo0rc5dtz,刀劍決,2,,
cdg-4525,神氣兔寶貝,,,0,,,,,站上沒有
cdg-4543,東周列國誌,,,0,,,,,站上沒有
cdg-4547,星權爭霸2,,,0,cmtpkfbrg025x04jvv264hcxc,星權爭霸 II,1,,
cdg-4552,西方魔域,,,1,cmtpkfr6e02au04jvc7uarje4,西方魔域,1,,
cdg-4553,紫微外傳,,,0,,,,,站上沒有
cdg-4554,商之器,,,1,cmtpker8e022904jvd44pm43d,商之器,1,,
cdg-4555,棒球王子廖敏雄,,,1,,,,,站上沒有
cdg-4556,香卡拉之謎,,,1,,,,,站上沒有
cdg-4608,畫面狩獵者,,DOS,3,cmta1ag5g004e04jwao50qz5m,畫面狩獵者,1,DOS,
cdg-4624,畫面狩獵者2,,DOS,2,cmtpjz2je001n04jv67a553ps,Getcap II,2,,
cdg-4763,樂透黃金夢,,DOS,2,,,,,站上沒有
cdg-4772,青澀的果實：逆襲,,DOS,0,cmtpl4d4a07x504jvg4ltw086,青澀的果實,1,,
cdg-4774,模擬師父,,DOS,4,cmtpker76022004jvi8xiheo2,模擬師父,2,DOS,
cdg-4777,少女夢天使,,DOS,3,cmtpker7l022304jvik6kaudf,少女夢天使,1,,
cdg-4837,俠客英雄傳2,,DOS,0,,,,,站上沒有
cdg-4859,遊戲製作大師：動作RPG篇,,Windows,0,,,,,站上沒有
cdg-4870,大富翁是我啦,,Windows,0,,,,,站上沒有
cdg-4876,小綿羊,,Windows,0,,,,,站上沒有
cdg-4881,搞鬼！嘿！嘿！嘿！,,,0,,,,,站上沒有
cdg-4883,超時空英雄傳說 紀念經典合輯,,DOS,0,,,,,站上沒有
cdg-4909,魔域總動令,,DOS,0,,,,,站上沒有
cdg-4910,路博士,,DOS,0,,,,,站上沒有
cdg-4915,沙場風暴,,DOS,0,,,,,站上沒有
cdg-4919,空中攔擊,,DOS,0,,,,,站上沒有
cdg-4920,黃金特輯I,,DOS,0,,,,,站上沒有
cdg-4923,阿茲特傳奇,,DOS,0,,,,,站上沒有
cdg-4922,驚異大奇航,,DOS,0,,,,,站上沒有
cdg-4929,快樂原始人,,DOS,0,cmsysz38a006504jovc1sn0l9,快樂原始人,1,DOS,
cdg-4931,火龍劫,,DOS,0,cmta8xl0r003j04l6yw7hi52w,火龍劫,1,DOS,
cdg-4936,法老王,,DOS,0,cmtpl0fde06tv04jvrpwib4d0,法老王,3,DOS,
cdg-4937,黃金特輯2,,DOS,0,,,,,站上沒有
cdg-4975,遊戲剋星3,,DOS,3,,,,,站上沒有
cdg-4976,第四代遊戲剋星,,DOS,3,,,,,站上沒有
cdg-4995,賭城之旅,,DOS,0,,,,,站上沒有
cdg-4996,遊戲集錦,,DOS,3,,,,,站上沒有
cdg-4998,花式撞球,,DOS,0,,,,,站上沒有
cdg-4999,十項全能,,DOS,0,cmtpl4d0s07vz04jvv6y174tx,十項全能,3,DOS,
cdg-5000,決戰西洋棋（Chess）,,DOS,0,cmsvn61tt001n04l8kw1afpb3,決戰西洋棋,2,,
cdg-5005,帝國的野望,,DOS,0,,,,,站上沒有
cdg-5004,動畫錄影機,,DOS,0,,,,,站上沒有
cdg-5003,戰鬥傭兵,,DOS,0,,,,,站上沒有
cdg-5051,迷宮賽車,,DOS,4,,,,,站上沒有
cdg-5052,21點遊戲,,,2,,,,,站上沒有
cdg-5053,押骰子,,,0,,,,,站上沒有
cdg-5057,四色牌,,DOS,0,,,,,站上沒有
cdg-5061,恐慌大追擊,,DOS,0,,,,,站上沒有
cdg-5062,超級樸克,,DOS,0,,,,,站上沒有
cdg-5063,樸克牌,,DOS,0,,,,,站上沒有
cdg-5064,樸克遊戲,,DOS,0,,,,,站上沒有
cdg-5065,賓果遊戲,,DOS,0,,,,,站上沒有
cdg-5066,步步高升,,DOS,0,,,,,站上沒有
cdg-5071,蝴蝶棋,,DOS,0,,,,,站上沒有
cdg-5072,自然制橋牌,,DOS,2,,,,,站上沒有
cdg-5074,全能情報員,,DOS,0,,,,,站上沒有
cdg-5076,星際爭霸隊,,DOS,0,,,,,站上沒有
cdg-5078,國際密探,,DOS,0,,,,,站上沒有
cdg-5077,强棒出擊,,DOS,0,,,,,站上沒有
cdg-5079,明星棒球隊抗賽,,DOS,0,,,,,站上沒有
cdg-5080,長驅直入,,DOS,0,,,,,站上沒有
cdg-5081,拉斯維加,,DOS,0,,,,,站上沒有
cdg-5082,龍之忍者（Ninja of Dragon）,,Apple II,1,cmsvn87dt004q04l89ktivgza,龍之忍者,5,,
cdg-5084,幽靈坦克,,,0,,,,,站上沒有
cdg-5091,秦皇陵,,,1,cmtpkol7j03tg04jvmopx9pa1,秦皇陵,2,,
cdg-5146,FBI全民公敵,,Windows,1,,,,,站上沒有
cdg-5178,歡樂大富翁,,,0,cmtplianj0bh504jvy28yw9lv,歡樂大富翁,1,,
cdg-5179,幻想城物語,,Windows,0,,,,,站上沒有
cdg-5182,寫真天蠶變,,Windows,0,,,,,站上沒有
cdg-5189,芭芭拉,,Windows,1,,,,,站上沒有
cdg-5241,爆笑海底城,,DOS,1,,,,,站上沒有
cdg-5243,妖局：十六張麻將王,,DOS,4,,,,,站上沒有
cdg-5286,無敵飛狼（任務片）,,DOS,0,,,,,站上沒有
cdg-5344,傀儡英雄,,DOS,2,cmtpkqei304b304jvasmly2hb,傀儡英雄,3,DOS,
