tocr_id,tocr_name,articles,current,suggested,from_cdosgame,from_famitsu,sources,source_ids,unknown,risk,shared_with
cmtzt5gsv00380agm8xtdbmby,007 黃金眼,1,,WII,,WII,VOL.338,索引:007黃金眼,,,
cmtpkg3gq02g104jvcam7gpey,1942特遣艦隊,1,DOS,DOS,DOS,,cdg-5296,cdg-5296,,,
cmsx2w99n005704ld4pormgdz,1990世界盃足球賽,4,,DOS,DOS,,cdg-0013,cdg-0013,,來源同時給了別筆(1),World Cup Soccer ITALIA '90
cmtpl0fpp06wl04jvgsj3lr5e,2601帝國聯合艦隊,1,DOS,DOS,DOS,,cdg-3838,cdg-3838,,,
cmtpl78vy08rq04jvn4gz0b0v,3 x 3 EYES 吸精公主,1,,WIN,WIN,,cdg-0270,cdg-0270,,靠別名對上,
cmta06a36001e04jrmjob55m6,357戰鬥大隊,2,,DOS,DOS,,cdg-4611,cdg-4611,,靠別名對上,
cmsvna23s009704l8yrj9a1wr,4 x 4 越野車大賽,1,DOS,DOS,DOS,,cdg-0030,cdg-0030,,,
cmsysv1mj000t04jovztewjnn,4D Boxing,3,,DOS,DOS,,cdg-3916,cdg-3916,,靠別名對上、來源同時給了別筆(1),囂張拳王
cmtztlry2007w04l52bukfil5,773英語教學DS 以精通TOEIC為目標,1,,NDS,,NDS,VOL.332,索引:773英語教學ds以精通toeic為目標,,,
cmtzt5oiq006r0agmrpscyyiz,'@SIMPLE DL系列 Vol.1 THE 逃出密室 ～不可思議的麥當熊篇～,1,,3DS,,3DS,VOL.343,索引:simpledl系列vol1the逃出密室不可思議的麥當熊篇,,,
cmtztly6w001i0agm82bbc2v1,'@SIMPLE DL系列 Vol.3 THE 逃出密室 ～名人豪宅篇～,1,,3DS,,3DS,VOL.381,索引:simpledl系列vol3the逃出密室名人豪宅篇,,,
cmsvud7v3000z04l6813huwg2,A NIGHTMARE ON ELM STREET,1,,DOS,DOS,,cdg-3950,cdg-3950,,靠別名對上、來源同時給了別筆(1),猛鬼逛街
cmtpkolba03up04jv108l15cw,A 列車 4,2,DOS,DOS,DOS,,cdg-0040,cdg-0040,,,
cmsvud7r5000204l6sghavira,A-10坦克殺手,3,DOS,DOS,DOS,,cdg-0034,cdg-0034,,,
cmsylqo6j000v04ji12r01sep,A-6入侵者,1,,DOS,DOS,,cdg-4581,cdg-4581,,靠別名對上、來源同時給了別筆(1),Flight of the Intruder
cmtpk43ha00qo04jv4k2r4m37,ACES OF THE PACIFIC Expansion Disk WW II:1946,1,,DOS,DOS,,cdg-4623,cdg-4623,,靠別名對上,
cmtpkqer504e904jvb96im271,AMARANTH KH,1,,DOS,DOS,,cdg-4075,cdg-4075,,靠別名對上,
cmta069tq000204jr2m4cz0tv,Aces of the Pacific,1,,DOS,DOS,,cdg-0491,cdg-0491,,靠別名對上、來源同時給了別筆(1),太平洋空戰英雄
cmu5g93qj001a04ky9vlnep2l,Age of Empires,1,,WIN,WIN,,cdg-0666,cdg-0666,,靠別名對上、來源同時給了別筆(1),世紀帝國
cmta82ge4005r04kzj5x19p1v,Alone in the Dark,1,,DOS,DOS,,cdg-3650,cdg-3650,,靠別名對上、來源同時給了別筆(1),鬼屋魔影
cmsylqo4i000k04ji0nkumnxv,Altered Destiny,1,,DOS,DOS,,cdg-3972,cdg-3972,,靠別名對上、來源同時給了別筆(1),親愛的，我被電視吸走了！
cmta069zb000q04jrq751s2fv,An American Tail,1,,DOS,DOS,,cdg-4606,cdg-4606,,靠別名對上、來源同時給了別筆(1),美國鼠譚
cmsvpbm1m000904jvs3fslqf4,Ancient Land of Ys,1,,DOS,DOS,,cdg-1592,cdg-1592,,靠別名對上、來源同時給了別筆(1),伊蘇國
cmtpkrzyn04p204jvq4s6veh1,Anvil of Dawn,1,,DOS,DOS,,cdg-2262,cdg-2262,,靠別名對上、來源同時給了別筆(1),黎明之砧
cmsvpbm18000504jv4hdr4q71,Axe of Rage,1,,DOS,DOS,,cdg-4721,cdg-4721,,靠別名對上,
cmtpn1wgz00c904l6zi7mbbu3,B-17飛行堡壘,1,,DOS,DOS,,cdg-0045,cdg-0045,,靠別名對上,
cmtpkkt8l039n04jveowh5wyq,BARYON,1,,DOS,DOS,,cdg-5224,cdg-5224,,靠別名對上、來源同時給了別筆(1),超時空戰機
cmtpl0fs406x504jvkik3ll8e,BRANDISH VT,1,,WIN,WIN,,cdg-1800,cdg-1800,,靠別名對上,
cmtzt635f00eq0agm84p4o1jh,BRAVELY DEFAULT,1,,3DS,,3DS,VOL.381 VOL.398 VOL.400 VOL.407,索引:bravelydefault,,,
cmsvpx5gq002t04ld8a0iiorc,Battle Chess,1,,DOS,DOS,,cdg-1162,cdg-1162,,靠別名對上、來源同時給了別筆(1),決戰西洋棋
cmta069vv000a04jrica6u0n9,Battle Isle,1,,DOS,DOS,,cdg-4024,cdg-4024,,靠別名對上、來源同時給了別筆(1),狂島浴血
cmsvpbm2r000j04jvov4svnzl,Block Out,1,,DOS,DOS,,cdg-0746,cdg-0746,,靠別名對上,
cmtpjz2kn001y04jvieh7swop,Bridge Master,1,,DOS,DOS,,cdg-4629,cdg-4629,,靠別名對上、來源同時給了別筆(1),橋牌高手
cmsybi8ap000e04l2f85a4cf1,Buck Rogers: Countdown to Doomsday,1,,DOS,DOS,,cdg-3994,cdg-3994,,靠別名對上、來源同時給了別筆(1),拯救地球
cmtpkfr8r02bd04jvociek9ow,CANNON FODDER,1,,DOS,DOS,,cdg-4165,cdg-4165,,靠別名對上,
cmswuudsw000m04l4iga9g33o,CODENAME: ICEMAN,1,,DOS,DOS,,cdg-1574,cdg-1574,,靠別名對上、來源同時給了別筆(1),代碼：冰人
cmtzt60s800dh0agm3zkbcxpb,CONCEPTION 產子救世錄,1,,PSP,,PSP,VOL.361 VOL.379 VOL.381,索引:conception產子救世錄,,,
cmt1hzs5g001q04ldfxy8np7x,Castle of Dr. Brain,1,,DOS,DOS,,cdg-4599,cdg-4599,,靠別名對上、來源同時給了別筆(1),天才智多星
cmtpk1s5h00hy04jvlj2v5lme,CastleS II: Siege & Conquest,1,,DOS,DOS,,cdg-1959,cdg-1959,,靠別名對上,
cmsxqcbos005f04l40yj9qhte,Chamber of the Sci-Mutant Priestess,1,,DOS,DOS,,cdg-4572,cdg-4572,,靠別名對上、來源同時給了別筆(1),異形神殿
cmtztly73001j0agmnf1e8qry,Chronobelt -Schwarz Oath-,1,,PSP,,PSP,VOL.381,索引:chronobeltschwarzoath,,,
cmt03mnej001a04l5reu6of9r,Chuck Yeager's Air Combat,2,,DOS,DOS,,cdg-4596,cdg-4596,,靠別名對上、來源同時給了別筆(1),空中英雄長空會戰 / 空中英雄－長空會戰
cmsx2w995005204ld5x8nrcl6,Cloud Kingdoms,1,,DOS,DOS,,cdg-2657,cdg-2657,,靠別名對上、來源同時給了別筆(1),雲國小精靈
cmtplycr50f4604jvw8c9q5lq,Come on baby,2,,WIN,WIN,,cdg-5098,cdg-5098,,靠別名對上,
cmta069xr000j04jrg9xi4k2q,Conflict: Korea,1,,DOS,DOS,,cdg-4022,cdg-4022,,靠別名對上、來源同時給了別筆(1),戰爭風雲錄：韓戰
cmta06a6d001v04jrvben362i,Conflict: Middle East,1,,DOS,DOS,,cdg-4609,cdg-4609,,靠別名對上、來源同時給了別筆(1),戰爭風雲錄：中東戰爭
cmtpkk6c9035s04jv7j9yhhjw,Creature Shock,1,,DOS,DOS,,cdg-5249,cdg-5249,,靠別名對上、來源同時給了別筆(1),異星特警
cmtzt4lrw00240agmpaf438i1,DISSIDIA duodecim FINAL FANTASY,3,,PSP,,PSP,VOL.316 VOL.321 VOL.324 VOL.326 VOL.328 VOL.329 VOL.330 VOL.331,索引:dissidiaduodecimfinalfantasy,,,
cmu097t59002d0agm8dewjgzo,DJ MAX PORTABLE: BLACK SQUARE,1,,PSP,,PSP,VOL.367,索引:djmaxportableblacksquare,,,
cmtzt68c000he0agmq8o3bgc5,DMC 惡魔獵人,3,,PS3、X360、PC,,PS3、X360、PC,VOL.362 VOL.412 VOL.420 VOL.421,索引:dmc惡魔獵人,,,
cmtzt4zi3009b0agmofgxxowp,DRAGON QUEST MONSTERS-Joker 2 PROFESSIONAL,9,,NDS,,NDS,VOL.321 VOL.327 VOL.329 VOL.331 VOL.332 VOL.333 VOL.334 VOL.335 VOL.336 VOL.338 VOL.339 VOL.340,索引:dragonquestmonstersjoker2professional,,,
cmtxe422d001x0agmmawhg0kd,DRAGON QUEST V,1,,NDS,,NDS,VOL.193,索引:dragonquestv,,,
cmtzt4k9p001c0agma6wjkmth,DRAGON QUEST VI: Realms of Reverie,1,,NDS,,NDS,VOL.284,索引:dragonquestvirealmsofreverie,,,
cmtzt667400ga0agmdi7eh75a,DRAGON QUEST VII,2,,3DS,,3DS,VOL.412 VOL.414 VOL.416 VOL.420 VOL.423 VOL.425 VOL.429,索引:dragonquestvii,,,
cmtztlo1r005l04l54119jpfd,DS-PICO系列 Sanrio彩虹樂園 快樂購物 裝飾美妙房間,1,,NDS,,NDS,VOL.317,索引:dspico系列sanrio彩虹樂園快樂購物裝飾美妙房間,,,
cmtzt559v00c70agmn924f49q,DUNAMIS 15,1,,PS3、X360、PSP,,PS3、X360、PSP,VOL.331 VOL.335 VOL.380,索引:dunamis15,,,
cmtpkb3y001g304jv8kp1vxlv,DUNGEON HACK,1,,DOS,DOS,,cdg-0833,cdg-0833,,靠別名對上、來源同時給了別筆(1),百戰迷宮
cmtdmiioj001504l4tnrmf8n2,DUNGEON MASTER,1,,DOS,DOS,,cdg-0758,cdg-0758,,靠別名對上,
cmsyqnpdz000r04i5m0dnj9lh,DVORAK ON TYPING,1,,DOS,DOS,,cdg-4586,cdg-4586,,靠別名對上,
cmtztlxvg001c0agmnsm4kjfi,Dies irae ～Amantes amentes～,1,,PSP,,PSP,VOL.380,索引:diesiraeamantesamentes,,,
cmsylqo31000e04ji5nzycmws,Dragon Lord,1,,DOS,DOS,,cdg-3857,cdg-3857,,靠別名對上、來源同時給了別筆(1),蓋世龍王
cmsx2w9ca005t04ld2qefaj72,Dragon Strike,1,,DOS,DOS,,cdg-1547,cdg-1547,,靠別名對上、來源同時給了別筆(1),飛龍騎士
cmtpkyu1x06j404jvs9et5huj,Duel Succession,1,,DOS,DOS,,cdg-4147,cdg-4147,,靠別名對上、來源同時給了別筆(1),聖戰物語
cmt03mn7k000504l5yrnbyraz,D計劃,3,,DOS,DOS,,cdg-3954,cdg-3954,,靠別名對上,
cmtplab2b09g504jvktabgl06,EQ大富翁,1,WIN,WIN,WIN,,cdg-0053,cdg-0053,,,
cmtpnofbp04l304l6dpgd0ybb,EVER17,2,,WIN、X360,WIN,X360,cdg-4855 VOL.327,cdg-4855 索引:ever17,,靠別名對上、兩邊都給、來源同時給了別筆(1),時光的羈絆
cmu84x5m700cx04ihv7bbsl23,EVOLUTION,1,,DOS,DOS,,cdg-5041,cdg-5041,,靠別名對上,
cmt1hzs2j000x04ldz3t0kux7,Earl Weaver Baseball II,1,,DOS,DOS,,cdg-4595,cdg-4595,,靠別名對上、來源同時給了別筆(1),天生好手2 / 天生好手II
cmsyqnpgf001704i5m4b655wu,Eye of the Beholder,2,,DOS,DOS,,cdg-3763,cdg-3763,,靠別名對上、來源同時給了別筆(1),魔眼殺機
cmt03mnab000h04l53nc4mko3,F-117A夜鷹隱形戰鬥機,2,,DOS,DOS,,cdg-4013,cdg-4013,,靠別名對上,
cmsyqnpfd000z04i5pd24y4ph,F-14 Tomcat,1,,DOS,DOS,,cdg-4587,cdg-4587,,靠別名對上、來源同時給了別筆(1),F-14雄貓式戰鬥機
cmsyqgoni00ag04jntrjtt0y3,F-14雄貓式戰鬥機,1,,DOS,DOS,,cdg-4587,cdg-4587,,靠別名對上、來源同時給了別筆(1),F-14 Tomcat
cmsvpbm09000104jvxonow9ai,F-15 Strike Eagle II,2,,DOS,DOS,,cdg-4460,cdg-4460,,靠別名對上,
cmtpk5w6e015p04jvefkmcfiu,F-15 鷹式戰鬥機 III,1,,DOS,DOS,,cdg-5288,cdg-5288,,靠別名對上,
cmsvn61wl002a04l81mnxqidb,F-19 隱形戰鬥機,3,,DOS,DOS,,cdg-4009,cdg-4009,,靠別名對上,
cmsyrh7nb000f04lfuh4op4oc,F-29 復仇者隱形戰鬥機,2,,DOS,DOS,,cdg-4584,cdg-4584,,靠別名對上、來源同時給了別筆(1),F-29復仇者隱形戰鬥機
cmsyq9fm3003u04jn0jhrvwl6,F-29復仇者隱形戰鬥機,1,,DOS,DOS,,cdg-4584,cdg-4584,,靠別名對上、來源同時給了別筆(1),F-29 復仇者隱形戰鬥機
cmtztlnpf005c04l51ljz2a1g,FAIRY TAIL 魔導少年 原創故事 決戰大聖堂,1,,NDS,,NDS,VOL.316,索引:fairytail魔導少年原創故事決戰大聖堂,,,
cmsysz3aa006v04jojdyrfltb,FALCON 3.0,5,,DOS,DOS,,cdg-3048,cdg-3048,,靠別名對上、來源同時給了別筆(1),捍衛雄鷹3.0
cmtzt5nfm00640agmhxu2x9r7,FINAL FANTASY XIII-2,2,,PS3、X360,,PS3、X360,VOL.343 VOL.361 VOL.362 VOL.364 VOL.365 VOL.366 VOL.367 VOL.368 VOL.369 VOL.370,索引:finalfantasyxiii2,,,
cmtzt5fzg002r0agm4lhx6769,FINAL FANTASY 零式,7,,PSP,,PSP,VOL.332 VOL.337 VOL.340 VOL.346 VOL.360 VOL.361 VOL.362 VOL.363 VOL.364 VOL.365 VOL.366,索引:finalfantasy零式,,,
cmtpki0l702z004jv3vfai4xr,FORESIGHT DOLLY,1,,DOS,DOS,,cdg-2178,cdg-2178,,靠別名對上、來源同時給了別筆(1),超未來少女
cmtxe421f001r0agm2dfqpuv7,FRONT MISSION 2089 Border of Madness,2,,NDS,,NDS,VOL.181 VOL.193,索引:frontmission2089borderofmadness,,,
cmtpkznf606q704jvbvhoqntl,Farland Saga,1,,WIN,WIN,,cdg-1832,cdg-1832,,靠別名對上、來源同時給了別筆(1),神奇傳說
cmsybeksg001904jvw0lzgmdf,Flight of the Intruder,2,,DOS,DOS,,cdg-4581,cdg-4581,,靠別名對上、來源同時給了別筆(1),A-6入侵者
cmsylqo09000204ji9hbxn5lv,Fountain of Dreams,1,,DOS,DOS,,cdg-4004,cdg-4004,,靠別名對上、來源同時給了別筆(1),浩劫餘生
cmtpk43lg00rt04jvz34q07eo,Freddy Pharkas Frontier Pharmacist,1,,DOS,DOS,,cdg-4632,cdg-4632,,靠別名對上、來源同時給了別筆(1),多情藥師酷牛仔
cmtpniwfi03pu04l6mj8ebexu,GO!GO!台北捷運,1,WIN,WIN,WIN,,cdg-5159,cdg-5159,,,
cmtzt4k2s00180agm7q6piy8c,GOD OF WAR III,1,,PS3,,PS3,VOL.284,索引:godofwariii,,,
cmtpltyhe0e6404jvozehnz2i,GOGO美食王,2,,WIN,WIN,,cdg-4882,cdg-4882,,靠別名對上,
cmsvn87fc005304l8rbt57gb9,GP大賽車,2,,DOS,DOS,,cdg-0080,cdg-0080,,來源同時給了別筆(1),方程式賽車
cmsx2undp000804ld6ne8af6j,GUN BOAT,1,,DOS,DOS,,cdg-3946,cdg-3946,,靠別名對上、來源同時給了別筆(1),砲艇
cmsysv1ny001504jowv04oeit,GUNSHIP 2000,3,,DOS,DOS,,cdg-4012,cdg-4012,,靠別名對上、來源同時給了別筆(1),無敵飛狼2000
cmsyrh865004904lfdknkbdek,Gateway to the Savage Frontier,1,,DOS,DOS,,cdg-1938,cdg-1938,,靠別名對上、來源同時給了別筆(1),異域之門
cmtpjz2je001n04jv67a553ps,Getcap II,2,,DOS,DOS,,cdg-4624,cdg-4624,,靠別名對上,
cmta16krb000c04jwvui0m6jp,Great Naval Battles,0,,DOS,DOS,,cdg-4227,cdg-4227,,靠別名對上,
cmta91ul7005m04l6zzufrfw8,HARD NOVA,1,,DOS,DOS,,cdg-4438,cdg-4438,,靠別名對上、來源同時給了別筆(1),鐵血傭兵
cmtpkgvbn02it04jvil11i558,HOCUS POCUS,1,,DOS,DOS,,cdg-4659,cdg-4659,,靠別名對上、來源同時給了別筆(1),跳跳魔法師
cmta06a05000v04jrphaziq9w,Hong Kong Mahjong Pro,1,,DOS,DOS,,cdg-4610,cdg-4610,,靠別名對上、來源同時給了別筆(1),香港麻將
cmsyqnpgz001b04i5fficgd4r,Hoverforce,1,,DOS,DOS,,cdg-4759,cdg-4759,,靠別名對上、來源同時給了別筆(1),緝毒特勤組
cmtztlmmf004m04l5bhgq8xhb,IZUMO2 學園狂想曲 雙重節拍,1,,PS2,,PS2,VOL.181,索引:izumo2學園狂想曲雙重節拍,,,
cmsylqo7y001704jiu1v09hah,Interphase,1,,DOS,DOS,,cdg-4752,cdg-4752,,靠別名對上、來源同時給了別筆(1),第六感生死關頭
cmsyqnphs001j04i58atokf8s,It Came From the Desert,1,,DOS,DOS,,cdg-4588,cdg-4588,,靠別名對上、來源同時給了別筆(1),沙漠之蠱
cmsyqnpeq000v04i58bykn870,KEEF the THIEF,1,,DOS,DOS,,cdg-4585,cdg-4585,,靠別名對上、來源同時給了別筆(1),妙賊奇弗
cmtzt5zd900cq0agmyw0a7x1k,KINGDOM HEARTS 3D [Dream Drop Distance],2,,3DS,,3DS,VOL.365 VOL.369 VOL.378 VOL.379 VOL.380 VOL.381 VOL.385,索引:kingdomhearts3ddreamdropdistance,,,
cmtzuna6a001v0agmganx0r0v,KINGDOM HEARTS Birth by Sleep FINAL MIX,1,,PSP,,PSP,VOL.317 VOL.321 VOL.324 VOL.326,索引:kingdomheartsbirthbysleepfinalmix,,,
cmsxqcbqe005v04l4y3wzsvju,King's Bounty,1,,DOS,DOS,,cdg-1051,cdg-1051,,靠別名對上、來源同時給了別筆(1),御封戰將
cmswuudvp001404l4p35ctmzt,LOOM,1,,DOS,DOS,,cdg-3894,cdg-3894,,靠別名對上、來源同時給了別筆(1),紗之器
cmtzt4j9x000s0agmynywtcu5,LOVE PLUS＋,1,,NDS,,NDS,VOL.284,索引:loveplus,,,
cmsx2unhv001204ldbifpr3ej,LOW BLOW,1,,DOS,DOS,,cdg-4570,cdg-4570,,靠別名對上、來源同時給了別筆(1),金牌拳王
cmtpln9sc0col04jvx4bgspr6,LUNA SAGA,1,,WIN,WIN,,cdg-4821,cdg-4821,,靠別名對上、來源同時給了別筆(1),神月紀事
cmtpki0l002yz04jv5r15adcc,LUNATIC DAWN II,1,,DOS,DOS,,cdg-1620,cdg-1620,,靠別名對上、來源同時給了別筆(1),俠客遊
cmtpjz2pp003704jv2udqq48p,Legends of Valour,1,,DOS,DOS,,cdg-1381,cdg-1381,,靠別名對上、來源同時給了別筆(1),勇士傳奇
cmsylwgts005q04jiiu9kiwrq,Life & Death II: The Brain,1,,DOS,DOS,,cdg-4583,cdg-4583,,靠別名對上,
cmsx2w9eb006b04ld9vt6w8ky,Livingstone II,1,,DOS,DOS,,cdg-4737,cdg-4737,,靠別名對上、來源同時給了別筆(1),叢林之神
cmswqdm6300bc04l6vmc2hono,M4雪曼坦克,1,,DOS,DOS,,cdg-4730,cdg-4730,,靠別名對上,
cmtxe42jw001j04jl29c5m3iw,METAL GEAR ONLINE,1,,PS3,,PS3,VOL.185,索引:metalgearonline,,,
cmtxe43do003v0agmxw7c9k2o,METAL GEAR SOLID 4 GUNS OF THE PATRIOTS,1,,PS3,,PS3,VOL.184,索引:metalgearsolid4gunsofthepatriots,,,
cmtzt4jhb000w0agmtz2icc4u,METAL GEAR SOLID PEACE WALKER,1,,PSP,,PSP,VOL.284,索引:metalgearsolidpeacewalker,,,
cmta7yv1f001j04kz5zan1wxd,MH 28 雷火戰機,1,DOS,DOS,DOS,,cdg-4029,cdg-4029,,,
cmtzt53m500be0agmdvbz5108,MUV-LUV,1,,X360,,X360,VOL.330,索引:muvluv,,,
cmsyqnpif001q04i5n9yy6hq7,Mario Andretti's Racing Challenge,1,,DOS,DOS,,cdg-3044,cdg-3044,,靠別名對上、來源同時給了別筆(1),挑戰極速
cmtpjz2nq002q04jvh5w7ojh3,Mega Lo Mania,2,,DOS,DOS,,cdg-2775,cdg-2775,,靠別名對上、來源同時給了別筆(1),瘋狂主宰
cmtxy6a5300an04kwjwj1mzbd,Memories Off,1,,WIN,WIN,,cdg-1420 cdg-1423,cdg-1420 cdg-1423,,靠別名對上、對到多個來源條目、來源同時給了別筆(1),秋之回憶
cmtplmm6m0cjx04jv3zk3t3sg,Midgard,1,,WIN,WIN,,cdg-4780,cdg-4780,,靠別名對上、來源同時給了別筆(1),秘境傳說
cmtzt4ycy008q0agmglgw1sa5,Move明星大集合,1,,PS3,,PS3,VOL.327,索引:move明星大集合,,,
cmtxe43e1003y0agmx1bdxsij,MyStylist,1,,PSP,,PSP,VOL.184,索引:mystylist,,,
cmsybekoa000l04jvem5a4gji,NBA大賽,1,DOS,DOS,DOS,,cdg-4017,cdg-4017,,,
cmtzt5jvd004f0agmowzjov7s,NEW LOVE PLUS,1,,3DS,,3DS,VOL.339 VOL.360 VOL.362 VOL.378 VOL.379,索引:newloveplus,,,
cmsybi8cj000p04l222l7kylp,NEW星式7號,1,,DOS,DOS,,cdg-2200,cdg-2200,,靠別名對上、來源同時給了別筆(1),Stellar 7
cmtplycry0f4f04jvjkjqomub,Neverwinter Nights,1,,WIN,WIN,,cdg-2091,cdg-2091,,靠別名對上、來源同時給了別筆(1),絕冬城之夜
cmsylwgqy005204jimlrsyn42,Night Hunter,1,,DOS,DOS,,cdg-3953,cdg-3953,,靠別名對上、來源同時給了別筆(1),烏龍吸血鬼
cmsxqcbut007404l4citg7ydd,North & South,1,,DOS,DOS,,cdg-3944,cdg-3944,,靠別名對上、來源同時給了別筆(1),北與南
cmt1hzs3s001904ldfttyu9b2,Nova 9,1,,DOS,DOS,,cdg-2201,cdg-2201,,靠別名對上、來源同時給了別筆(1),超級星式9號
cmsx2w9cy005z04ldu74ltrkk,Nuclear War,1,,DOS,DOS,,cdg-3860,cdg-3860,,靠別名對上、來源同時給了別筆(1),核戰狂人夢
cmtpkgvl902kp04jvb3v7cpok,ONE MUST FALL 2097,1,,DOS,DOS,,cdg-4244,cdg-4244,,靠別名對上,
cmtpkfrdn02cn04jvlc1z6bso,OUTPOST,1,,DOS,DOS,,cdg-4662,cdg-4662,,靠別名對上,
cmsvpx58z000q04ldgun6zvjs,Obliterator,1,,DOS,DOS,,cdg-1918,cdg-1918,,靠別名對上、來源同時給了別筆(1),毀滅戰士
cmsvpx57r000d04ld8rdg7rzu,Operation Wolf,1,,DOS,DOS,,cdg-3271,cdg-3271,,靠別名對上、來源同時給了別筆(1),烏茲衝鋒槍
cmtplq3in0dbo04jvsl2fb5le,P2K總統大選,1,WIN,WIN,WIN,,cdg-0109,cdg-0109,,,
cmtxe421z001u0agmiy01hrrt,PC Engine精選集 天外魔境合輯,1,,PSP,,PSP,VOL.193,索引:pcengine精選集天外魔境合輯,,,
cmtzt5dij001g0agm23l2lqyk,PERSONA2 罪,1,,PSP,,PSP,VOL.317 VOL.327 VOL.332 VOL.334 VOL.335,索引:persona2罪,,,
cmsxqcbod005b04l4ufgoifyc,PGA Tour Golf,1,,DOS,DOS,,cdg-4745,cdg-4745,,靠別名對上,
cmtzt5xlt00bp0agmihv4h7pl,PIXELJUNK SIDESCROLLER,1,,PS3,,PS3,VOL.363,索引:pixeljunksidescroller,,,
cmt8znyzk002m04jy9af94sym,PLANET'S EDGE,2,,DOS,DOS,,cdg-4603,cdg-4603,,靠別名對上、來源同時給了別筆(1),天際寒星——義無反顧
cmta06a14001004jr3yv8kh21,POWERMONGER,1,,DOS,DOS,,cdg-4272,cdg-4272,,靠別名對上、來源同時給了別筆(1),風雲霸主
cmtpkp9t403yo04jv848bg473,PSY 幽記,5,,DOS,DOS,,cdg-3841,cdg-3841,,靠別名對上,
cmu097uom00380agm6j12syw4,Persona 4 終極深夜競技場,1,,PS3、X360、ARCADE,,PS3、X360、ARCADE,VOL.360 VOL.364 VOL.366 VOL.378 VOL.380 VOL.385,索引:persona4終極深夜競技場,,,
cmu097lig002w04l71he9wvo6,Persona 4 黃金版,2,,PSV,,PSV,VOL.370 VOL.379,索引:persona4黃金版,,,
cmu097srf00230agm9x9ukya9,PhaseD 白影之章,1,,PSP,,PSP,VOL.366,索引:phased白影之章,,,
cmu097srp00240agmp5j4suy8,PhaseD 蒼華之章,1,,PSP,,PSP,VOL.366,索引:phased蒼華之章,,,
cmsvpx5c3001o04ldjxk9szc0,Pipe Dream,1,,DOS,DOS,,cdg-0627,cdg-0627,,靠別名對上、來源同時給了別筆(1),水管狂想曲
cmt03mn92000b04l5ldija64r,Police Quest 3: The Kindred,1,,DOS,DOS,,cdg-4592,cdg-4592,,靠別名對上、來源同時給了別筆(1),警察故事3－陰謀
cmsx2w9am005f04lden9mt7k4,Pop Up,1,,DOS,DOS,,cdg-4736,cdg-4736,,靠別名對上、來源同時給了別筆(1),跳跳飛球
cmu097t5i002e0agmcw4texdv,Princess Evangile Portable,1,,PSP,,PSP,VOL.367,索引:princessevangileportable,,,
cmt1hzs1x000r04ldvshqw7qm,Pro Tennis Tour 2,1,,DOS,DOS,,cdg-4593,cdg-4593,,靠別名對上、來源同時給了別筆(1),職業網球大賽2
cmsxqcbny005704l4yhm0zr28,Puzznic,1,,DOS,DOS,,cdg-3610,cdg-3610,,靠別名對上、來源同時給了別筆(1),鑽石方塊
cmtpl635y08bp04jv2mwtrh4c,QQ 三國志,1,DOS,DOS,DOS,,cdg-0113,cdg-0113,,,
cmtpkp9pw03xs04jvonz29tzb,QUAKE,3,,DOS,DOS,,cdg-2676,cdg-2676,,靠別名對上、來源同時給了別筆(1),雷神之鎚
cmtpk1s8q00iw04jvi49k9nas,Quest for Glory III: WAGES OF WAR,1,,DOS,DOS,,cdg-4183,cdg-4183,,靠別名對上、來源同時給了別筆(1),英雄傳奇3
cmtpkzn7406nm04jvvu8zdk3c,Q女天使學園,3,DOS,DOS,DOS,,cdg-0114,cdg-0114,,,
cmtpk6hpz01a104jvjrsnm47p,RETURN TO ZORK,1,,DOS,DOS,,cdg-1152,cdg-1152,,靠別名對上、來源同時給了別筆(1),重返魔域
cmsvud7ug000s04l6tsd0mibd,RICK DANGEROUS,1,,DOS,DOS,,cdg-4245,cdg-4245,,靠別名對上、來源同時給了別筆(1),步步殺機
cmss8fs77006c04jstkarycvi,RPG夢工廠,2,,WIN,WIN,,cdg-5151,cdg-5151,,靠別名對上,
cmtpnp2fw04qd04l6u60oswjw,RPG製作大師,1,,WIN,WIN,,cdg-4860,cdg-4860,,靠別名對上,
cmswprlf6002k04l6ky5dmtoc,RS-2,1,DOS,DOS,DOS,,cdg-0115,cdg-0115,,,
cmu5g93rr001h04ky47nnzmy5,Raiden,1,,DOS,DOS,,cdg-2681,cdg-2681,,靠別名對上、來源同時給了別筆(1),雷電
cmsybekr5001104jvpfnvhtd7,Railroad Tycoon,1,,DOS,DOS,,cdg-3605,cdg-3605,,靠別名對上、來源同時給了別筆(1),鐵路大亨
cmtb7seu9001t04laeygygemm,Red Baron,1,,DOS,DOS,,cdg-4011,cdg-4011,,靠別名對上、來源同時給了別筆(1),紅爵士
cmsxqcbni005304l457tofvyo,Rings of Medusa,2,,DOS,DOS,,cdg-4006,cdg-4006,,靠別名對上、來源同時給了別筆(1),梅杜莎指環
cmsylqo1t000804jimnknhy30,Rise of the Dragon,1,,DOS,DOS,,cdg-4322,cdg-4322,,靠別名對上、來源同時給了別筆(1),城市獵人
cmtpkhkjp02pl04jvox8rq6lt,Rise of the Robots,1,,DOS,DOS,,cdg-5233,cdg-5233,,靠別名對上、來源同時給了別筆(1),鐵甲戰士
cmtplokbx0cyg04jvls8yijni,Room With Lina,1,,WIN,WIN,,cdg-0524,cdg-0524,,靠別名對上,
cmtztlpah006504l5wbii5iiu,S.Y.K ～蓮咲傳～ Portable,1,,PSP,,PSP,VOL.324,索引:syk蓮咲傳portable,,,
cmt1mj8kc000n04juctqebdgh,SARGON V-World Class Chess,1,,DOS,DOS,,cdg-0753,cdg-0753,,靠別名對上,
cmu097jp3002704l7oqsi641t,SD鋼彈 G世代 3D,1,,3DS,,3DS,VOL.363 VOL.366 VOL.367,索引:sd鋼彈g世代3d,,,
cmtzt4vjj00780agmrfrtggc5,SD鋼彈G世代 新世界,4,,PSP、WII,,PSP、WII,VOL.324 VOL.326 VOL.327 VOL.328 VOL.329 VOL.330 VOL.332,索引:sd鋼彈g世代新世界,,,
cmtplmm7h0ck604jv6sjatwq1,SEGA RALLY 2,1,,WIN,WIN,,cdg-0640,cdg-0640,,靠別名對上、來源同時給了別筆(1),SEGA越野賽車 2
cmtxy693b005204kwi4edjcnj,SEGA越野賽車 2,7,,WIN,WIN,,cdg-0640,cdg-0640,,靠別名對上、來源同時給了別筆(1),SEGA RALLY 2
cmtpk6hru01a604jvtb6pnwc1,SHADOW CASTER,1,,DOS,DOS,,cdg-4642,cdg-4642,,靠別名對上、來源同時給了別筆(1),救世聖主
cmsvud7vo001604l6oq9kbdsc,SHINOBI,1,,DOS,DOS,,cdg-3890,cdg-3890,,靠別名對上、來源同時給了別筆(1),忍
cmsvud7tt000l04l6zyg2uajr,SIM CITY,1,,DOS,DOS,,cdg-3175,cdg-3175,,靠別名對上、來源同時給了別筆(1),SimCity / 模擬城市
cmswuudwl001a04l471fyveep,SKI OR DIE,1,,DOS,DOS,,cdg-4734,cdg-4734,,靠別名對上、來源同時給了別筆(1),雪國狄斯奈
cmtztlyv8001v0agmx1o69yol,SMILE光之美少女 童話世界歷險,1,,3DS,,3DS,VOL.398,索引:smile光之美少女童話世界歷險,,,
cmtzt4wb2007m0agm7dlamvfs,SNK經典大型電玩合輯 ZERO,1,,PSP,,PSP,VOL.326,索引:snk經典大型電玩合輯zero,,,
cmtzt4y5x008m0agmhqnpgy73,SOCOM 4: U.S. NAVY SEALs,1,,PS3,,PS3,VOL.327 VOL.329,索引:socom4usnavyseals,,,
cmswuudut000y04l4sh4mdmva,SORCERIAN,1,,DOS,DOS,,cdg-3758,cdg-3758,,靠別名對上、來源同時給了別筆(1),魔域傳說 / 魔界歷險
cmtxe4317002b04jlu79ewpav,STAR OCEAN Second Evolution,2,,PSP,,PSP,VOL.181 VOL.185,索引:staroceansecondevolution,,,
cmsxqcbn4004z04l4zw34nn4y,STARBLADE,1,,DOS,DOS,,cdg-4744,cdg-4744,,靠別名對上、來源同時給了別筆(1),極光勇士
cmswuudqm000804l4laybungz,STRIDER,1,,DOS,DOS,,cdg-4468,cdg-4468,,靠別名對上、來源同時給了別筆(1),出擊飛龍 / 飛龍
cmsybi8bp000j04l2zpi7l8ce,SU-25 戰鬥機,2,,DOS,DOS,,cdg-4574,cdg-4574,,靠別名對上,
cmtpk5dv5011d04jvb8e1jumw,SYNDICATE,2,,DOS,DOS,,cdg-4241,cdg-4241,,靠別名對上、來源同時給了別筆(1),極道梟雄 / 極道梟雄資料片—美洲風暴
cmtpkgvkl02kk04jvr6syjbty,SYSTEM SHOCK,1,,DOS,DOS,,cdg-4661,cdg-4661,,靠別名對上、來源同時給了別筆(1),網路奇兵
cmtpletom0ap504jv4d6n7ebd,Sequence Palladium,1,,WIN,WIN,,cdg-5387,cdg-5387,,靠別名對上、來源同時給了別筆(1),魔導異元素
cmsxqcbmp004v04l4xi5h3fo2,Sharkey's 3D Pool,1,,DOS,DOS,,cdg-0752,cdg-0752,,靠別名對上,
cmsxqcbq0005r04l4q7pbv475,Silent Service II,2,,DOS,DOS,,cdg-4195,cdg-4195,,靠別名對上、來源同時給了別筆(1),死亡潛航 II / 死亡潛航II
cmsxqcbxk007x04l414fm7ej8,SimCity,1,,DOS,DOS,,cdg-3175,cdg-3175,,靠別名對上、來源同時給了別筆(1),SIM CITY / 模擬城市
cmta7yv10001f04kzggi0mc1h,Sister Mary,1,,DOS,DOS,,cdg-3959,cdg-3959,,靠別名對上、來源同時給了別筆(1),瑪麗姊妹 / 瑪麗姐妹
cmsvpx5aw001b04ldxozr3uj8,Space Rogue,1,,DOS,DOS,,cdg-2902,cdg-2902,,靠別名對上、來源同時給了別筆(1),銀河英雄
cmtpk43iz00r704jvftd9sqj2,Spaceward Ho!,1,,DOS,DOS,,cdg-4627,cdg-4627,,靠別名對上、來源同時給了別筆(1),太空牛仔
cmt03mnbn000o04l51p5p7pkl,Speed Ball 2,1,,DOS,DOS,,cdg-4764,cdg-4764,,靠別名對上、來源同時給了別筆(1),火爆鋼球
cmsxqcbpm005n04l4ouh2r17h,Star Control,1,,DOS,DOS,,cdg-3951,cdg-3951,,靠別名對上、來源同時給了別筆(1),激戰M星雲
cmt9n4wh7004r04jm8gld4ln8,Star Trek-25th Anniversary,1,,DOS,DOS,,cdg-2417,cdg-2417,,靠別名對上、來源同時給了別筆(1),星艦迷航記
cmsybi8cs000q04l2570h3dce,Stellar 7,1,,APPLE2、DOS,APPLE2、DOS,,cdg-5026 cdg-2200,cdg-5026 cdg-2200,,靠別名對上、對到多個來源條目、來源同時給了別筆(1),NEW星式7號
cmtpkr5xt04i304jvkzbztzj9,StoneKeep,1,,DOS,DOS,,cdg-3768,cdg-3768,,靠別名對上、來源同時給了別筆(1),魔石堡
cmtpk43ju00rb04jvv69flbbc,Strike Commander,1,,DOS,DOS,,cdg-1361,cdg-1361,,靠別名對上、來源同時給了別筆(1),陸空戰將
cmtpkg3gv02g204jvrempfogd,TFX,1,,DOS,DOS,,cdg-5354,cdg-5354,,靠別名對上,
cmtpkfc6j029004jvioos90nj,THEME PARK,1,,DOS,DOS,,cdg-1732,cdg-1732,,靠別名對上、來源同時給了別筆(1),快樂天堂
cmswuudp0000204l47atvs3zk,TOOBIN,1,,DOS,DOS,,cdg-4733,cdg-4733,,靠別名對上、來源同時給了別筆(1),激流浪子
cmtzun9lc001m0agmgc0vvyl2,TRINITY Zill O'll Zero,1,,PS3,,PS3,VOL.317,索引:trinityzillollzero,,,
cmtzt4p26003y0agmyhp7gvjg,Tactics Ogre 運命の輪,2,,PSP,,PSP,VOL.316 VOL.317,索引:tacticsogre運命輪,,名稱含假名,
cmtzt6blv00j80agmqt992yco,Terraria,1,,PS3,,PS3,VOL.425,索引:terraria,,,
cmsylwgsv005i04ji7jqvp0qn,Test Drive III: Road & Car,1,,DOS,DOS,,cdg-4761,cdg-4761,,靠別名對上,
cmtzt4lyz00280agmj064j4r9,The 3rd Birthday,3,,PSP,,PSP,VOL.316 VOL.321 VOL.324,索引:the3rdbirthday,,,
cmta16ktk000n04jwuy4gapjp,The Dark Half,1,,DOS,DOS,,cdg-3773,cdg-3773,,靠別名對上、來源同時給了別筆(1),魔胎
cmta06a2n001a04jrcltpba25,The Dark Queen Of Krynn,1,,DOS,DOS,,cdg-3997,cdg-3997,,靠別名對上、來源同時給了別筆(1),克萊恩黑暗之后
cmta7yv0b001a04kzzs4ct074,The First Samurai,1,,DOS,DOS,,cdg-4770,cdg-4770,,靠別名對上、來源同時給了別筆(1),天下第一刀
cmsx2w9dn006504ldd9n9mhj2,The Game of Harmony,1,,DOS,DOS,,cdg-3983,cdg-3983,,靠別名對上、來源同時給了別筆(1),粒子世界
cmsylwgp0004m04jiuhjdosfy,The Many Faces of GO,1,,DOS,DOS,,cdg-1062,cdg-1062,,靠別名對上,
cmsylqo7a001104ji6uj6ncxo,The Other Side of the Predella,1,,DOS,DOS,,cdg-1838,cdg-1838,,靠別名對上、來源同時給了別筆(1),神州八劍
cmsylwgrf005604jiajhhyt73,The Rising Dynasty,1,,DOS,DOS,,cdg-0233,cdg-0233,,靠別名對上、來源同時給了別筆(1),三國演義
cmsybekqa000x04jv30y4dwh5,The Secret of Monkey Island,2,,DOS,DOS,,cdg-3863,cdg-3863,,靠別名對上、來源同時給了別筆(1),猴島小英雄
cmta82gcf005804kzldj63j41,The Summoning,2,,DOS,DOS,,cdg-3757,cdg-3757,,靠別名對上、來源同時給了別筆(1),魔界召喚
cmta82gdm005m04kzjrtr77al,Theatre Of War,2,,DOS,DOS,,cdg-4771,cdg-4771,,靠別名對上、來源同時給了別筆(1),玩具兵棋
cmtpk43gw00qm04jvvixfqy4u,Tony LaRussa BASEBALL II EXPANSION DISK — FANTASY DRAFT,1,,DOS,DOS,,cdg-4626,cdg-4626,,靠別名對上,
cmtpkhkje02pi04jvdmepdpef,Transport Tycoon,1,,DOS,DOS,,cdg-2583,cdg-2583,,靠別名對上、來源同時給了別筆(1),運輸大亨
cmta069wn000e04jr6xkw53ik,Treasures of the Savage Frontier,1,,DOS,DOS,,cdg-4255,cdg-4255,,靠別名對上、來源同時給了別筆(1),異域寶藏
cmtzt5v0700ac0agm0xz0161j,UNCHARTED 3: Drake's Deception,1,,PS3,,PS3,VOL.362,索引:uncharted3drakesdeception,,,
cmtpk43gk00qk04jvr7jugb4n,UTOPIA,1,,DOS,DOS,,cdg-4625,cdg-4625,,靠別名對上、來源同時給了別筆(1),烏托邦
cmt9n4wja005804jma6imwgp2,"Ultima Trilogy I, II, III",1,,DOS,DOS,,cdg-4604,cdg-4604,,靠別名對上,
cmt9n4wfm004f04jmh4wdi9le,Ultima VII-The Black Gate,1,,DOS,DOS,,cdg-2969,cdg-2969,,靠別名對上、來源同時給了別筆(1),創世紀7：黑月之門 / 創世紀VII——黑月之門
cmtpk1s8a00ir04jvz0zw7m9b,Ultima VII: FORGE OF VIRTUE,1,,DOS,DOS,,cdg-4767,cdg-4767,,靠別名對上,
cmtpk135i00en04jvols8ysj9,Unreal,1,,DOS、WIN,DOS、WIN,,cdg-4613 cdg-3673,cdg-4613 cdg-3673,,靠別名對上、對到多個來源條目、來源同時給了別筆(2),夢幻勇士 / 魔域幻境
cmsylqo9u001j04jilgycy9ko,U式海狼潛艇,2,,DOS,DOS,,cdg-4578,cdg-4578,,靠別名對上,
cmtpl8p8e094x04jvgtowww9a,VANTAGE MASTER,5,,WIN,WIN,,cdg-3663,cdg-3663,,靠別名對上、來源同時給了別筆(1),魔喚精靈
cmtplp0bs0d3l04jv28h3qjs7,VR中華職棒,1,WIN,WIN,WIN,,cdg-0122,cdg-0122,,,
cmtpl3lxh07pc04jvq2pder94,VR青少棒揚威記,2,,DOS,DOS,,cdg-1368,cdg-1368,,靠別名對上,
cmtpjz2it001i04jvtli0vego,Veil of Darkness,2,,DOS,DOS,,cdg-1783,cdg-1783,,靠別名對上、來源同時給了別筆(1),惡魔禁地
cmsvud7w7001d04l6nqlpaxbq,WELLTRIS,1,,DOS,DOS,,cdg-4725,cdg-4725,,靠別名對上,
cmsxqcbp7005j04l46e0pxwj2,War of the Lance,1,,DOS,DOS,,cdg-4023,cdg-4023,,靠別名對上、來源同時給了別筆(1),長槍之役
cmtpl55aa086904jvpvh07hmo,Warlocks,1,,DOS、WIN,DOS、WIN,,cdg-3722,cdg-3722,,靠別名對上、來源同時給了別筆(1),魔法軍團
cmtpjz2ld002404jv4u7owc2g,Waxworks,1,,DOS,DOS,,cdg-3872,cdg-3872,,靠別名對上、來源同時給了別筆(1),蠟像館之謎
cmtztlubq00070agmi4jafp5h,Weiß Schwarz Portable,1,,PSP,,PSP,VOL.337,索引:weischwarzportable,,,
cmsvpx59l000x04ldi1jgdksf,Wibarm,1,,DOS,DOS,,cdg-4723,cdg-4723,,靠別名對上,
cmtzt5nze006g0agmf1cevdsd,Wii遙控器Plus 綜合包,1,,WII,,WII,VOL.343,索引:wii遙控器plus綜合包,,,
cmsybekru001504jv2ltup9um,Wing Commander,4,,DOS,DOS,,cdg-2911,cdg-2911,,靠別名對上、來源同時給了別筆(1),銀河飛將
cmsx2w9f1006h04ldwdz6f3tx,Wolf Pack,1,,DOS,DOS,,cdg-4008,cdg-4008,,靠別名對上、來源同時給了別筆(1),從海底出擊
cmsx2w99t005804ldzc3zljn9,World Cup Soccer ITALIA '90,1,,DOS,DOS,,cdg-0013,cdg-0013,,靠別名對上、來源同時給了別筆(1),1990世界盃足球賽
cmtpkk6e9036d04jvcd0y3xmv,XENON,1,,DOS,DOS,,cdg-3812,cdg-3812,,靠別名對上、來源同時給了別筆(1),氙星異形I
cmstskpo6000904l54jx7azje,X戰機,2,,DOS,DOS,,cdg-2410,cdg-2410,,靠別名對上,
cmtpkr6ab04lt04jvm1ltmhvo,Yes! HG,1,DOS,DOS,DOS,,cdg-0134,cdg-0134,,,
cmtpkxdhl061x04jv2wrrg7dw,Young Guns大富翁,2,,DOS,DOS,,cdg-0136,cdg-0136,,靠別名對上,
cmsylwgqh004y04jihlv0ld0d,Zany Golf,1,,DOS,DOS,,cdg-4755,cdg-4755,,靠別名對上,
cmtzt5o5p006k0agmcmlfxp4h,inFAMOUS 2,1,,PS3,,PS3,VOL.336 VOL.339 VOL.343,索引:infamous2,,,
cmtztly78001k0agmy1wh4u4x,unENDing Bloody Call,1,,PSP,,PSP,VOL.381,索引:unendingbloodycall,,,
cmtzt6d6f00jz0agmq6njxvtk,「被狙擊的學園」電影版動畫＆完全版資料集 複合碟,1,,PS3,,PS3,VOL.429,索引:被狙擊的學園電影版動畫完全版資料集複合碟,,,
cmtplblxo09uk04jvmxecigaw,ときめきメモリアル～Forever With You,1,,WIN,WIN,,cdg-2050,cdg-2050,,靠別名對上、名稱含假名、來源同時給了別筆(1),純愛手札
cmtpki0ld02z104jvkvl8qqgp,カスタムメイト・2,5,,WIN,WIN,,cdg-1440 cdg-3501 cdg-4781 cdg-4819 cdg-5116 cdg-0158 cdg-4854 cdg-1971 cdg-4824,cdg-1440 cdg-3501 cdg-4781 cdg-4819 cdg-5116 cdg-0158 cdg-4854 cdg-1971 cdg-4824,,靠別名對上、名稱含假名、對到多個來源條目、來源同時給了別筆(3),ガングリフォンII / 決戰王朝 2 / 白色魔法石
cmu84x4q3008b04ih95xup8yj,ガングリフォンII,3,,WIN,WIN,,cdg-1440 cdg-1413,cdg-1440 cdg-1413,,靠別名對上、名稱含假名、對到多個來源條目、來源同時給了別筆(2),カスタムメイト・2 / 王國興亡錄
cmu84x5vx00e604ihnxutqqqg,シャイニングフォースIII,1,,DOS、WIN,DOS、WIN,,cdg-3831 cdg-1441,cdg-3831 cdg-1441,,靠別名對上、名稱含假名、對到多個來源條目、來源同時給了別筆(2),龍騎士3 / 科隆戰記3
cmtpkfbt0026804jv8oq5oafx,一線生機,2,DOS,DOS,DOS,,cdg-0145,cdg-0145,,,
cmtpl9h9l098n04jvm0nnkfdz,七大王朝,2,WIN,WIN,WIN,,cdg-0152,cdg-0152,,,
cmtpkwmfb05un04jvolst6xia,七寶奇謀,1,,APPLE2、WIN,APPLE2、WIN,,cdg-0155 cdg-0156,cdg-0155 cdg-0156,,靠別名對上、對到多個來源條目,
cmtplet7s0alq04jvsr3ex39n,七年戰爭,2,WIN,WIN,WIN,,cdg-0157,cdg-0157,,,
cmtpki0j002y904jv6ks9v403,七座金城,1,APPLE2,APPLE2,APPLE2,,cdg-5369,cdg-5369,,,
cmswprlg8002o04l66sel0ovr,七笑拳,1,DOS,DOS,DOS,,cdg-0161,cdg-0161,,,
cmtpkpmii045m04jvhn93rmtg,七英雄物語,1,DOS,DOS,DOS,,cdg-0163,cdg-0163,,,
cmtpkv0ar05gf04jvvrwrtrjw,七英雄物語2,1,DOS,DOS,DOS,,cdg-0164,cdg-0164,,,
cmtzt5gfy002z0agm8f2ftppv,七龍傳說2020,5,,PSP,,PSP,VOL.338 VOL.346 VOL.362 VOL.365 VOL.366 VOL.367,索引:七龍傳說2020,,,
cmtzt67oo00h20agmutosar7o,七龍珠群英 終極任務,1,,3DS,,3DS,VOL.416 VOL.420,索引:七龍珠群英終極任務,,,
cmtpl55b7086k04jvtyqk0pwf,三國列傳,1,DOS,DOS,DOS,,cdg-4143,cdg-4143,,,
cmtpng40z034704l6eg0noo4h,三國孔明傳,4,,WIN,WIN,,cdg-0207,cdg-0207,,來源同時給了別筆(1),孔明傳
cmsumhmxm002c04jovzwvrc8x,三國志,13,,DOS、WIN,DOS、WIN,,cdg-0210 cdg-0209 cdg-5383,cdg-0210 cdg-0209 cdg-5383,,靠別名對上、對到多個來源條目、來源同時給了別筆(2),三國志風雲再起 / 三國志 INTERNET
cmta7yv40002404kz9ucdgqkw,三國志 II,4,,DOS,DOS,,cdg-0211,cdg-0211,,靠別名對上,
cmtplqqu90dhe04jvvnvd0ltz,三國志 INTERNET,1,,WIN,WIN,,cdg-5383,cdg-5383,,來源同時給了別筆(1),三國志
cmtpl8p84094u04jvqkiaoezv,三國志 VI,4,,WIN,WIN,,cdg-0215,cdg-0215,,靠別名對上,
cmtpk4j4g00v304jvj8deupkq,三國志 武將爭霸,1,DOS,DOS,DOS,,cdg-0226,cdg-0226,,,
cmtpl558v085s04jv483mqd6z,三國志 蜀漢英雄傳,1,DOS,DOS,DOS,,cdg-0231,cdg-0231,,,
cmtpo2log07nv04l6o8w8xqok,三國志11,2,WIN,WIN,WIN,,cdg-0220,cdg-0220,,,
cmtpkcbg401is04jvmeipzt0j,三國志III,2,,DOS,DOS,,cdg-0212,cdg-0212,,靠別名對上,
cmtpkdgo601sc04jvdry7i2k4,三國志IV,4,,DOS,DOS,,cdg-0213,cdg-0213,,靠別名對上,
cmtpkv0oq05jk04jvfnpe53ym,三國志V,4,,DOS,DOS,,cdg-0214,cdg-0214,,靠別名對上,
cmtpn82sw01kl04l6rok1igd6,三國志battlefield,1,WIN,WIN,WIN,,cdg-0223,cdg-0223,,,
cmtpker89022804jvkzxjva7o,三國志之牌戰風雲,3,DOS,DOS,DOS,,cdg-0224,cdg-0224,,,
cmtxe41xd00120agmn0liu4ms,三國志大戰・天,1,,NDS,,NDS,VOL.193,索引:三國志大戰天,,,
cmtpkwms905yi04jv5hxtafyk,三國志孔明傳,4,WIN,WIN,WIN,,cdg-0225,cdg-0225,,,
cmtplgzvb0b8304jv6pgozs6y,三國志曹操傳,1,WIN,WIN,WIN,,cdg-4559,cdg-4559,,,
cmtpkolag03ud04jv7pwgujw1,三國志英傑傳,3,DOS,DOS,DOS,,cdg-0229,cdg-0229,,,
cmtpkwmlc05wh04jvxgjzz6jv,三國志風雲再起,2,,WIN,WIN,,cdg-0209,cdg-0209,,來源同時給了別筆(1),三國志
cmsylqohs003f04jih81zn4j0,三國演義,17,,DOS,DOS,,cdg-0233,cdg-0233,,來源同時給了別筆(1),The Rising Dynasty
cmtpkgvcr02ix04jvph9ocqrv,三國演義2,1,DOS,DOS,DOS,,cdg-0234,cdg-0234,,,
cmtpll98j0c6y04jv0z9gwgi7,三國演義參,2,,WIN,WIN,,cdg-0235,cdg-0235,,靠別名對上,
cmtplyclz0f2p04jv2q51htth,三國立志傳,5,WIN,WIN,WIN,,cdg-0236,cdg-0236,,,
cmtpnhylm03iv04l6f4jolg0u,三國立志傳2,4,WIN,WIN,WIN,,cdg-0237,cdg-0237,,,
cmtpnyibp06ty04l625tk7pib,三國立志傳3,3,WIN,WIN,WIN,,cdg-0238,cdg-0238,,,
cmtpn4g2800q604l6iih38rg1,三國群俠傳,5,WIN,WIN,WIN,,cdg-5140,cdg-5140,,,
cmtpl9h6j097y04jvid5apvcs,三國群英傳,1,WIN,WIN,WIN,,cdg-0239,cdg-0239,,,
cmtpn5wyx011e04l6v1j2wsps,三國群英傳3,1,WIN,WIN,WIN,,cdg-0241,cdg-0241,,,
cmtpn11fo003p04l6th03j1av,三國英豪,2,WIN,WIN,WIN,,cdg-0248,cdg-0248,,,
cmtpnud8x060h04l6hyi09b0p,三國英豪2,1,WIN,WIN,WIN,,cdg-0249,cdg-0249,,,
cmtpkxdgq061q04jvjp90pcbn,三國英雄傳,3,DOS,DOS,DOS,,cdg-0250,cdg-0250,,,
cmtpltyg70e5u04jvxpnnoz2w,三國霸業,1,WIN,WIN,WIN,,cdg-0255,cdg-0255,,,
cmtpnhynq03jm04l6bu82accv,三國霸業2,5,WIN,WIN,WIN,,cdg-0256,cdg-0256,,,
cmtpkp9tw03ys04jvh2xwf5nl,三國風雲,5,DOS,DOS,DOS,,cdg-0257,cdg-0257,,,
cmtzung50003f0agmsfwdrnw0,上古卷軸V：無界天際,1,,PS3、X360,,PS3、X360,VOL.363,索引:上古卷軸v無界天際,,,
cmtpkr60y04j104jvj8tlq5w6,上帝,3,DOS,DOS,DOS,,cdg-0281,cdg-0281,,,
cmsylqofo002v04ji3rzmuv8f,上帝也抓狂,4,DOS,DOS,DOS,,cdg-0282,cdg-0282,,,
cmta8mf1v002004jrel0fk4xu,上帝也抓狂II,1,,DOS,DOS,,cdg-0283,cdg-0283,,靠別名對上,
cmtpkp9u403yt04jvet2z3l8e,上海,2,DOS,DOS,DOS,,cdg-4810,cdg-4810,,,
cmtplgrnh0b1804jvtkvvw5do,上海大富翁1940,2,WIN,WIN,WIN,,cdg-0287,cdg-0287,,,
cmtxe420v001o0agmu2fiv2tb,不可思議的迷宮 風塵英雄3 -機關宅邸的睡美人-,1,,WII,,WII,VOL.193,索引:不可思議的迷宮風塵英雄3機關宅邸的睡美人,,,
cmtzt4rfp00550agmdpf8a1pp,不可思議的迷宮 風塵英雄5 命途塔與命運骰子,1,,NDS,,NDS,VOL.316 VOL.321,索引:不可思議的迷宮風塵英雄5命途塔與命運骰子,,,
cmsvoibmf000n04jp6gm1c96d,世界怪物大競賽,1,DOS,DOS,DOS,,cdg-0644,cdg-0644,,,
cmtxe42ic001e04jlitmvl4cy,世界樹的迷宮II 諸王聖杯,4,,NDS,,NDS,VOL.181 VOL.184 VOL.185,索引:世界樹的迷宮ii諸王聖杯,,,
cmtzt4ko2001k0agmtcysh08u,世界樹迷宮III 星海來訪者,1,,NDS,,NDS,VOL.284,索引:世界樹迷宮iii星海來訪者,,,
cmtplab8109i104jvho5o1s18,世紀帝國,2,,WIN,WIN,,cdg-0666,cdg-0666,,來源同時給了別筆(1),Age of Empires
cmtpkhkoo02r104jvsnr66hri,世紀末商業革命,4,DOS,DOS,DOS,,cdg-0670,cdg-0670,,,
cmtpn112b000j04l619na1b2i,世紀爭霸,2,,WIN,WIN,,cdg-0671,cdg-0671,,來源同時給了別筆(1),地球帝國
cmstskpp9000f04l5upvxxuj3,世紀金冠軍,1,DOS,DOS,DOS,,cdg-4197,cdg-4197,,,
cmtpkzn7n06ns04jv9xylksk2,中原鏢局,2,DOS,DOS,DOS,,cdg-3934,cdg-3934,,,
cmtpkfr6002as04jvqt2vuq0v,中國,4,DOS,DOS,DOS,,cdg-0295,cdg-0295,,,
cmtpn7cr301ek04l6vunlppv9,中國2,1,,WIN,WIN,,cdg-4526,cdg-4526,,靠別名對上、來源同時給了別筆(1),中國貳
cmtpl2b5207bc04jvd6eg1goj,中國武將列傳,2,DOS,DOS,DOS,,cdg-0301,cdg-0301,,,
cmtpn82xh01lp04l6f9kfbnrw,中國貳,2,,WIN,WIN,,cdg-4526,cdg-4526,,靠別名對上、來源同時給了別筆(1),中國2
cmss8fs6b005w04jsyczf5u67,中華一番客棧,2,WIN,WIN,WIN,,cdg-0319,cdg-0319,,,
cmtpk43ik00r504jv1xtlztzb,中華職棒,9,DOS,DOS,DOS,,cdg-0321,cdg-0321,,,
cmtpker6r021x04jvym8a1he1,中華職棒2,4,DOS,DOS,DOS,,cdg-0322,cdg-0322,,,
cmtpkdzdu01w704jvz9ascx7z,乒乓彈珠檯,1,DOS,DOS,DOS,,cdg-0324,cdg-0324,,,
cmtpkp9tc03yp04jve8phb0du,九個太陽,2,DOS,DOS,DOS,,cdg-5357,cdg-5357,,,
cmta8mf17001v04jr0ybx4scd,亂世伏魔錄,1,DOS,DOS,DOS,,cdg-0325,cdg-0325,,,
cmtzt5sea008v0agmjwku8uhu,二元領域,2,,PS3、X360,,PS3、X360,VOL.337 VOL.346 VOL.360 VOL.363 VOL.370,索引:二元領域,,,
cmtplm0um0cf004jvriwxzki9,五子棋大師,1,DOS,DOS,DOS,,cdg-0346,cdg-0346,,,
cmt9rt6oj002804jsqxw28o0a,亞特蘭提斯之謎,5,DOS,DOS,DOS,,cdg-1292,cdg-1292,,,
cmsx2unf5000j04ldiuno26ol,亞瑟王傳奇,3,DOS,DOS,DOS,,cdg-4176,cdg-4176,,,
cmtpkr6b004m104jvugvozygy,亞紀子,1,DOS,DOS,DOS,,cdg-1284,cdg-1284,,,
cmtpkwmg705uw04jv2nu9oy7n,亞里斯王物語,2,DOS,DOS,DOS,,cdg-1277,cdg-1277,,,
cmtzt4la4001w0agm9f1a5v5o,亡靈殺手 煉獄的亡靈,1,,X360,,X360,VOL.284,索引:亡靈殺手煉獄的亡靈,,,
cmtpn7ctp01f704l6rb6mac4t,交通英雄,5,WIN,WIN,WIN,,cdg-1281,cdg-1281,,,
cmtxe41ym001b0agmzsdunckj,交錯刀鋒,1,,PS3,,PS3,VOL.193,索引:交錯刀鋒,,,
cmtpnud5u05zn04l6jkk8o0xa,交響樂之雨,1,WIN,WIN,WIN,,cdg-1282,cdg-1282,,,
cmtzt55ut00cj0agmgxdu5g82,人中之龍 OF THE END,4,,PS3,,PS3,VOL.316 VOL.321 VOL.326 VOL.327 VOL.329 VOL.331 VOL.333 VOL.337 VOL.339 VOL.340 VOL.343,索引:人中之龍oftheend,,,
cmtxe42ho001b04jl0nbidknq,人中之龍 見參！,2,,PS3,,PS3,VOL.184 VOL.185,索引:人中之龍見參,,,
cmtzt4jov00100agmk651gqpk,人中之龍4 傳說繼承者,1,,PS3,,PS3,VOL.284,索引:人中之龍4傳說繼承者,,,
cmtzt641y00f50agmyt9euivy,人中之龍5 夢與實踐者,4,,PS3,,PS3,VOL.400 VOL.412 VOL.414 VOL.416,索引:人中之龍5夢與實踐者,,,
cmtplv10r0ec404jvkav25s9s,人氣一番拉麵屋,1,WIN,WIN,WIN,,cdg-1556,cdg-1556,,,
cmsybok5x006304l2ckzrkfhp,人生劇場,3,DOS,DOS,DOS,,cdg-3889,cdg-3889,,,
cmtplab0n09fk04jvtoxcoii4,人間道之少年燕赤霞,1,DOS,DOS,DOS,,cdg-1558,cdg-1558,,,
cmtpker7q022404jvi8dhuvv4,人面蛾,2,DOS,DOS,DOS,,cdg-1559,cdg-1559,,,
cmtpkznc006p804jvj7c7eszz,人類也瘋狂,1,DOS,DOS,DOS,,cdg-1560,cdg-1560,,,
cmtpk5w6y015v04jvww21z475,仗義遊俠 II,1,,DOS,DOS,,cdg-4633,cdg-4633,,靠別名對上,
cmtpkoldf03vh04jvqqut1rtc,仙劍奇俠傳,8,DOS、WIN、SS,DOS、WIN、SS,DOS、WIN、SS,,cdg-1564,cdg-1564,,,
cmtpn8s8201qm04l6uf7gzbow,仙劍奇俠傳2,3,,WIN,WIN,,cdg-1565,cdg-1565,,來源同時給了別筆(1),仙劍奇俠傳二
cmtpnhyev03gc04l6efzv3xtx,仙劍奇俠傳3,3,,WIN,WIN,,cdg-1566,cdg-1566,,來源同時給了別筆(1),仙劍奇俠傳三
cmtpn9mtn01yn04l6sfnlnr1x,仙劍奇俠傳三,8,,WIN,WIN,,cdg-1566,cdg-1566,,靠別名對上、來源同時給了別筆(1),仙劍奇俠傳3
cmtpnrsv605f804l6ogeaqckw,仙劍奇俠傳三外傳問情篇,3,,WIN,WIN,,cdg-1567,cdg-1567,,靠別名對上,
cmtpnc6jr028z04l6thmxhwl5,仙劍奇俠傳二,7,,WIN,WIN,,cdg-1565,cdg-1565,,靠別名對上、來源同時給了別筆(1),仙劍奇俠傳2
cmu097lqh003004l7mk5sj32c,仙境傳說 奧德賽,1,,PSV,,PSV,VOL.369 VOL.370,索引:仙境傳說奧德賽,,,
cmtzt5e06001o0agmc091h2mk,仙境傳說 ～光與暗的公主～,1,,PSP,,PSP,VOL.336,索引:仙境傳說光與暗的公主,,,
cmsvpx5a2001204ldnpuy40rs,仙境故事,3,DOS,DOS,DOS,,cdg-3984,cdg-3984,,,
cmtplsx2o0e0j04jvrlvioz73,仙狐奇緣,5,WIN,WIN,WIN,,cdg-1571,cdg-1571,,,
cmswuudso000l04l4pdiof632,代碼：冰人,2,,DOS,DOS,,cdg-1574,cdg-1574,,來源同時給了別筆(1),CODENAME: ICEMAN
cmtxe43d3003q0agm092stphn,任天堂明星大亂鬥X,2,,WII,,WII,VOL.181 VOL.184,索引:任天堂明星大亂鬥x,,,
cmtplm0ph0cdd04jv33lx8n8x,伊卡斯特傳說,1,DOS,DOS,DOS,,cdg-1584,cdg-1584,,,
cmtpkfrbi02c404jvsweyh4xz,伊忍道,2,DOS,DOS,DOS,,cdg-1586,cdg-1586,,,
cmtpk4xbt00zp04jvqc0zoom3,伊甸園守護神,1,DOS,DOS,DOS,,cdg-4630,cdg-4630,,,
cmtplcvvu0a3n04jvmw0zn366,伊甸風暴,1,DOS,DOS,DOS,,cdg-1588,cdg-1588,,,
cmswqdm8u00c104l6v2yjifu0,伊蘇國,3,,DOS,DOS,,cdg-1592,cdg-1592,,來源同時給了別筆(1),Ancient Land of Ys
cmtztlpan006604l58hpaey3z,來世因緣 後續回憶,1,,PSP,,PSP,VOL.324,索引:來世因緣後續回憶,,,
cmtzt4qhd004n0agmr7gnu9eb,侍道4,3,,PS3,,PS3,VOL.321 VOL.326 VOL.328 VOL.329 VOL.330 VOL.331,索引:侍道4,,,
cmtplq3hz0dbg04jvbichq232,便利商店,1,WIN,WIN,WIN,,cdg-1601,cdg-1601,,,
cmtpltygr0e5y04jvptyyk09t,便利商店2,1,WIN,WIN,WIN,,cdg-1602,cdg-1602,,,
cmtxe41zm001h0agmoedslqjy,便利商店DS 經營力訓練,1,,NDS,,NDS,VOL.193,索引:便利商店ds經營力訓練,,,
cmsyq9fiw003a04jnit11t270,俄式遊戲集錦,1,DOS,DOS,DOS,,cdg-4756,cdg-4756,,,
cmtple54z0aab04jv5jnhf9jc,俠客新傳,4,WIN,WIN,WIN,,cdg-1616,cdg-1616,,,
cmta8xkw7002104l61ne3ppft,俠客英雄傳,4,DOS,DOS,DOS,,cdg-1617,cdg-1617,,,
cmtpknfbu03g804jvwuams3cu,俠客英雄傳 3,7,DOS,DOS,DOS,,cdg-1618,cdg-1618,,,
cmtpkxds8064a04jvv07i0krc,俠客遊,2,,DOS,DOS,,cdg-1620,cdg-1620,,來源同時給了別筆(1),LUNATIC DAWN II
cmtple53s0aa404jvv5glzorx,俠客遊～未來之書,3,WIN,WIN,WIN,,cdg-1624,cdg-1624,,,
cmt1mvajb008004juolt6ly5l,俠影記,7,DOS,DOS,DOS,,cdg-1628,cdg-1628,,,
cmtzt63np00ex0agmbjgm5fpp,俠盜獵車手V,1,,PS3、X360,,PS3、X360,VOL.412,索引:俠盜獵車手v,,,
cmt1hzs30001204ldn9rgo25t,俠盜羅賓漢,8,DOS,DOS,DOS,,cdg-3975,cdg-3975,,,
cmtplbllw09r404jvlg6qly6w,俠義豪情傳～禁煙風雲,1,,DOS,DOS,,cdg-1635,cdg-1635,,靠別名對上,
cmsvn87h7005k04l84y34whaj,信長之野望,8,DOS,DOS,DOS,,cdg-1637,cdg-1637,,,
cmtpkr68004l404jva2akmqpw,倉庫番,1,,DOS,DOS,,cdg-1653 cdg-1654,cdg-1653 cdg-1654,,靠別名對上、對到多個來源條目,
cmtpk5w4t015a04jvxtda0pzi,倚天屠龍記,9,DOS,DOS,DOS,,cdg-1656,cdg-1656,,,
cmtztlubw00080agmr0cqynsi,假面騎士全集合 騎士世代,1,,NDS,,NDS,VOL.337,索引:假面騎士全集合騎士世代,,,
cmtzt5yaj00c10agm47ukp9ai,偵探 神宮寺三郎 復仇圓舞曲,2,,3DS,,3DS,VOL.380 VOL.385,索引:偵探神宮寺三郎復仇圓舞曲,,,
cmtzt52l700aw0agmlm1y2xfj,偶像大師2,3,,X360、PS3,,X360、PS3,VOL.316 VOL.321 VOL.324 VOL.326 VOL.327 VOL.328 VOL.329 VOL.330 VOL.348,索引:偶像大師2,,,
cmtztlz8800230agmu1bx64h0,偶像活動 灰姑娘課程,1,,3DS,,3DS,VOL.407,索引:偶像活動灰姑娘課程,,,
cmtpkqei304b304jvasmly2hb,傀儡英雄,3,DOS,DOS,DOS,,cdg-5344,cdg-5344,,,
cmta06a4v001o04jr1wat4448,傑克大師高爾夫,4,DOS,DOS,DOS,,cdg-4618,cdg-4618,,,
cmtplx9ws0exm04jvp2ovj0ot,傲世三國,1,WIN,WIN,WIN,,cdg-5374,cdg-5374,,,
cmta8mez8001f04jrk8vlc9hz,傲空神鷹,4,DOS,DOS,DOS,,cdg-1668,cdg-1668,,,
cmtzt5a4000ef0agm8d9fboud,傳送門2,2,,PS3、X360,,PS3、X360,VOL.333 VOL.338,索引:傳送門2,,,
cmu097pu0000o0agm4wfjxem2,光明之刃,1,,PSP,,PSP,VOL.360 VOL.364 VOL.366 VOL.378 VOL.379,索引:光明之刃,,,
cmtzt4r29004y0agm3b6mrbwg,光明之心,2,,PSP,,PSP,VOL.321 VOL.324,索引:光明之心,,,
cmtzt6bbo00j40agmgcl6ye3y,光明之舟,1,,PSP,,PSP,VOL.412 VOL.416 VOL.420 VOL.421 VOL.423 VOL.425,索引:光明之舟,,,
cmtpkhkmm02qf04jv2bxdlblf,光明戰史,2,DOS,DOS,DOS,,cdg-1676,cdg-1676,,,
cmtpkkte403bb04jv15hnrxkw,光明聖使團,3,DOS,DOS,DOS,,cdg-1677,cdg-1677,,,
cmtpkhktx02sf04jvtxixywja,光榮戰役,1,DOS,DOS,DOS,,cdg-4203,cdg-4203,,,
cmsvn61ur001v04l8wuthcmat,光芒之池,7,DOS,DOS,DOS,,cdg-1679,cdg-1679,,,
cmtpnhyos03jz04l6qljqtz77,光輝傳承,1,,WIN,WIN,,cdg-3473,cdg-3473,,靠別名對上,
cmtzt59x200eb0agmbkeettj9,光輝同盟,1,,PSP,,PSP,VOL.333 VOL.337 VOL.339,索引:光輝同盟,,,
cmtzt4mdt002h0agmyui5xqww,光輝戰史,1,,NDS,,NDS,VOL.316,索引:光輝戰史,,,
cmtzt5f8c002b0agmhxp30k2s,光輝騎士IV OVER LOAD,2,,PSP,,PSP,VOL.337 VOL.338,索引:光輝騎士ivoverload,,,
cmsyevzyr000d04l1lzatcr6x,光速先鋒,4,DOS,DOS,DOS,,cdg-4580,cdg-4580,,,
cmtpk5w7b015y04jvrncmj9s4,光電神兵,2,DOS,DOS,DOS,,cdg-4636,cdg-4636,,,
cmswqdm3r00aw04l6jocp2bsw,克萊恩英豪,4,DOS,DOS,DOS,,cdg-3996,cdg-3996,,,
cmt9rt6g5000s04jsgtnowz4u,克萊恩黑暗之后,4,,DOS,DOS,,cdg-3997,cdg-3997,,來源同時給了別筆(1),The Dark Queen Of Krynn
cmtd0z9u0001f04l68crg0rp1,兔寶寶闖通關,1,DOS,DOS,DOS,,cdg-5335,cdg-5335,,,
cmtpletdk0amz04jvkhl716xd,入侵者,1,,DOS,DOS,,cdg-4941 cdg-4784,cdg-4941 cdg-4784,,靠別名對上、對到多個來源條目,
cmsvoexkw005d04l84yxzuidz,全力反彈,1,DOS,DOS,DOS,,cdg-4715,cdg-4715,,,
cmtzt5nt3006c0agm77lxzxzj,全民節奏天國,1,,WII,,WII,VOL.343,索引:全民節奏天國,,,
cmsyevzzf000h04l1spl8eeia,全球戰略,2,DOS,DOS,DOS,,cdg-4579,cdg-4579,,,
cmta16l1x002104jw482pru7j,全球效應,1,DOS,DOS,DOS,,cdg-5240,cdg-5240,,,
cmtzt5p6n00730agmluha1mwt,全面對抗3,1,,PS3,,PS3,VOL.346,索引:全面對抗3,,,
cmtpkg3df02f404jv0zlne2dq,八女神物語,3,DOS,DOS,DOS,,cdg-0165,cdg-0165,,,
cmtpkxdiy062704jvumj02bl8,八女神物語2,1,DOS,DOS,DOS,,cdg-0166,cdg-0166,,,
cmtpletax0am604jvghzolthh,八龍神傳說,1,WIN,WIN,WIN,,cdg-0169,cdg-0169,,,
cmtpl7z6d08uz04jvsqau1m88,公元2140,1,DOS,DOS,DOS,,cdg-0173,cdg-0173,,,
cmsyqgok5009r04jn0ea2byfm,六角神兵,1,DOS,DOS,DOS,,cdg-4758,cdg-4758,,,
cmtpln9vd0cpb04jvnxd27stw,六道天書,2,WIN,WIN,WIN,,cdg-4283,cdg-4283,,,
cmtpkdz9s01vc04jvlstxff64,冥界幻姬,5,DOS,DOS,DOS,,cdg-1696,cdg-1696,,,
cmsvoexln005l04l89monlgp1,冬之魔,2,DOS,DOS,DOS,,cdg-3987,cdg-3987,,,
cmsxqa32z001404l4ohasw8v0,凱撒大帝,5,DOS,DOS,DOS,,cdg-2928,cdg-2928,,,
cmtzt4rtc005d0agm19acyu7x,凱薩琳,2,,PS3、X360,,PS3、X360,VOL.316 VOL.321 VOL.324 VOL.327 VOL.328 VOL.332,索引:凱薩琳,,,
cmtpk4xid00zv04jvws4l5it9,凱蘭迪亞傳奇,1,DOS,DOS,DOS,,cdg-2933,cdg-2933,,,
cmswuudqe000704l4vq33r8zu,出擊飛龍,3,,DOS,DOS,,cdg-4468,cdg-4468,,來源同時給了別筆(1),STRIDER / 飛龍
cmtplokd40cyw04jvlfqc028g,刀劍笑,1,WIN,WIN,WIN,,cdg-2939,cdg-2939,,,
cmtplhm6w0bb104jvvb9y7l4t,初戀,2,,WIN,WIN,,cdg-2940,cdg-2940,,靠別名對上,
cmu097reg001d0agmokf7dkti,初音未來 -名伶計畫- NEXT（暫定）,1,,PSV、PS3,,PSV、PS3,VOL.385 VOL.398 VOL.400,索引:初音未來名伶計畫next暫定,,,
cmtzt5srl00950agm9dz572qj,初音未來 -名伶計畫- extend,1,,PSP,,PSP,VOL.348 VOL.360,索引:初音未來名伶計畫extend,,,
cmu097rep001e0agm680ba62t,初音未來 -名伶計畫- f,1,,PSV、PS3,,PSV、PS3,VOL.398 VOL.400 VOL.412 VOL.414 VOL.421 VOL.425,索引:初音未來名伶計畫f,,,
cmu097gmu000y04l7idqakt65,刺客教條 啟示錄,1,,PS3、X360,,PS3、X360,VOL.362 VOL.363 VOL.364 VOL.365,索引:刺客教條啟示錄,,,
cmtzt5zum00cy0agm88npsxt3,刺客教條III,2,,PS3、X360,,PS3、X360,VOL.381 VOL.412,索引:刺客教條iii,,,
cmsvn87mo007104l86r45kq5o,前進高棉,4,DOS,DOS,DOS,,cdg-3945,cdg-3945,,,
cmtpkzn4o06mv04jv9btu6dcy,創世封魔傳,3,DOS,DOS,DOS,,cdg-3844,cdg-3844,,,
cmtpkecbl01yx04jv86dqyg0e,創世彈珠台,3,DOS,DOS,DOS,,cdg-3843,cdg-3843,,,
cmtpkzn3k06mk04jv1s8c3qtl,創世機神,1,DOS,DOS,DOS,,cdg-2961,cdg-2961,,,
cmtplhm7b0bb604jvs8d2dx8o,創世神話,1,WIN,WIN,WIN,,cdg-2962,cdg-2962,,,
cmta7yvae003b04kz1k5sf6uj,創世紀 III,1,,DOS,DOS,,cdg-2965,cdg-2965,,靠別名對上,
cmt9rt67i000104jszp8mwoue,創世紀7：黑月之門,2,,DOS,DOS,,cdg-2969,cdg-2969,,來源同時給了別筆(1),Ultima VII-The Black Gate / 創世紀VII——黑月之門
cmtpkerbp023h04jv1myebqii,創世紀8,5,,DOS,DOS,,cdg-2971,cdg-2971,,靠別名對上、來源同時給了別筆(1),創世紀8 異教徒
cmtpkgvlr02kt04jvv2z9fj0w,創世紀8 異教徒,1,,DOS,DOS,,cdg-2971,cdg-2971,,來源同時給了別筆(1),創世紀8
cmt9n4wfe004e04jm0ub74vge,創世紀VII——黑月之門,1,,DOS,DOS,,cdg-2969,cdg-2969,,靠別名對上、來源同時給了別筆(1),Ultima VII-The Black Gate / 創世紀7：黑月之門
cmtpk43g300qi04jv5noai3mc,創世紀VII第二部—巨蛇之島,4,,DOS,DOS,,cdg-2970,cdg-2970,,靠別名對上,
cmtpkr61v04ja04jvcml5pxg2,創世聖戰,1,DOS,DOS,DOS,,cdg-2979,cdg-2979,,,
cmtpkytqa06fb04jvpx5wa7be,創滅天地,1,DOS,DOS,DOS,,cdg-5092,cdg-5092,,,
cmtzt5qk4007u0agmjdscn8u2,劇場版超時空要塞 邊疆 ～戀離飛翼～ 組合包,1,,PS3,,PS3,VOL.348,索引:劇場版超時空要塞邊疆戀離飛翼組合包,,,
cmtpknfd703gj04jvxcuqiqxc,劉伯溫傳奇,8,DOS,DOS,DOS,,cdg-2984,cdg-2984,,,
cmtplcvsi0a2j04jvqfqbf3kf,劉備傳,5,DOS,DOS,DOS,,cdg-3875,cdg-3875,,,
cmtplaazv09fb04jva7o7nkzl,劍俠情緣,1,DOS,DOS,DOS,,cdg-2986,cdg-2986,,,
cmtplth460e2d04jvjhteor1e,劍俠情緣 2,1,,WIN,WIN,,cdg-2987,cdg-2987,,來源同時給了別筆(1),劍俠情緣貳
cmtplw6zs0ep804jv82ve0qta,劍俠情緣貳,1,,WIN,WIN,,cdg-2987,cdg-2987,,靠別名對上、來源同時給了別筆(1),劍俠情緣 2
cmtzt59pl004i04l51jykb0b5,劍與魔法與學園迷宮3D,1,,3DS,,3DS,VOL.333,索引:劍與魔法與學園迷宮3d,,,
cmtpkqein04b904jvhuf37cmo,劍芒羅曼史,1,DOS,DOS,DOS,,cdg-2989,cdg-2989,,,
cmtplyx5h0fb904jv0r9utvw6,劍靈,3,WIN,WIN,WIN,,cdg-2990,cdg-2990,,,
cmtzumc2o000t0agmjanrdeff,劍魂IV,1,,PS3、X360,,PS3、X360,VOL.181,索引:劍魂iv,,,
cmtzt5k1r004j0agmeh37vi8z,劍魂V,1,,PS3、X360,,PS3、X360,VOL.339 VOL.370,索引:劍魂v,,,
cmtztlzqw002a0agmfu579dis,功夫強尼,1,,3DS,,3DS,VOL.412,索引:功夫強尼,,,
cmsvo5yp7002g04l89y44355o,加州運動會,2,DOS,DOS,DOS,,cdg-4676,cdg-4676,,,
cmsyew00m000p04l1cth24hlk,加州運動會 II,1,,DOS,DOS,,cdg-4753,cdg-4753,,靠別名對上,
cmtpk5w7m016104jv8eb0dh9u,勁爆美式足球,1,DOS,DOS,DOS,,cdg-4637,cdg-4637,,,
cmta8mevy000s04jr4lp79x4z,勇士傳奇,4,,DOS,DOS,,cdg-1381,cdg-1381,,來源同時給了別筆(1),Legends of Valour
cmtpkb3ug01ex04jv3advhbhs,勇者傳說,4,DOS,DOS,DOS,,cdg-1383,cdg-1383,,,
cmtpl1ixq073h04jvwj7txilb,勇者泡泡龍,2,DOS,DOS,DOS,,cdg-1385,cdg-1385,,,
cmtplcvv00a3d04jvaraq9arh,勇者泡泡龍 2,1,WIN,WIN,WIN,,cdg-1386,cdg-1386,,,
cmtplswwd0dyj04jv3acbi2e4,勇者泡泡龍3,1,WIN,WIN,WIN,,cdg-1387,cdg-1387,,,
cmsu91jkr001b04l5fqeqkzv8,勇者鬥惡龍,2,DOS,DOS,DOS,,cdg-1391,cdg-1391,,,
cmtpk43my00s404jvq4iv07ou,勇者鬥惡龍II,2,,DOS,DOS,,cdg-1392,cdg-1392,,靠別名對上,
cmtpkdgpj01ss04jvdddu41fc,動腦急轉彎,2,,DOS,DOS,,cdg-1299,cdg-1299,,靠別名對上,
cmtzun8yz001e0agm2i1oq2u2,北斗無雙,1,,PS3、X360,,PS3、X360,VOL.284,索引:北斗無雙,,,
cmswq0tbg006v04l63vkc2e6x,北與南,2,,DOS,DOS,,cdg-3944,cdg-3944,,來源同時給了別筆(1),North & South
cmtpkqelv04cd04jv7g5ztwab,十三支局,1,DOS,DOS,DOS,,cdg-0182,cdg-0182,,,
cmtpl4d0s07vz04jvv6y174tx,十項全能,3,DOS,DOS,DOS,,cdg-4999,cdg-4999,,,
cmtpls2iv0ds904jvka5ffdtv,千禧新樂園,1,,WIN,WIN,,cdg-3190,cdg-3190,,靠別名對上、來源同時給了別筆(1),夢幻遊樂園
cmtpkqejy04bo04jvrf9k3rgo,千變少女—米娜,1,WIN,WIN,WIN,,cdg-0186,cdg-0186,,,
cmtpkktar03aa04jv4bpomayp,卒業,2,,DOS、WIN,DOS、WIN,,cdg-0191 cdg-1419,cdg-0191 cdg-1419,,靠別名對上、對到多個來源條目,
cmtpl8ou4090m04jv2d0z0yod,卒業戀愛篇,1,WIN,WIN,WIN,,cdg-0193,cdg-0193,,,
cmtpl0fiq06v204jv5on4sl34,卒業旅行,1,DOS,DOS,DOS,,cdg-0195,cdg-0195,,,
cmtpkp9qm03xw04jv6huy8pl7,南極冰怪,4,DOS,DOS,DOS,,cdg-0199,cdg-0199,,,
cmtpkfr8502ba04jvmtqwz2ko,南海霸主,2,DOS,DOS,DOS,,cdg-3884,cdg-3884,,,
cmtplw6tt0enb04jv9zgc6xoh,卡哇伊大作戰,1,WIN,WIN,WIN,,cdg-5193,cdg-5193,,,
cmtplq3gn0db004jvf41qo8jg,卡哇伊小貓咪,1,WIN,WIN,WIN,,cdg-5099,cdg-5099,,,
cmtzt5d5g00180agmdpuvwbue,卡比大集合,1,,NDS,,NDS,VOL.335 VOL.339,索引:卡比大集合,,,
cmtpkcbci01hu04jvia0pg1pq,卡耐雞的人生指南,3,DOS,DOS,DOS,,cdg-0682,cdg-0682,,,
cmtpki0ij02y604jv4yuq9vqf,印地大賽車,1,DOS,DOS,DOS,,cdg-5297,cdg-5297,,,
cmta92g3m007u04l6q95qtev1,印度王,1,DOS,DOS,DOS,,cdg-4590,cdg-4590,,,
cmtpn4fyy00pg04l69e35jegt,危城之戰,2,WIN,WIN,WIN,,cdg-4872,cdg-4872,,,
cmtpk4j4900v204jvy3ulpy6x,危城爭霸 戰狗,1,,DOS,DOS,,cdg-4114,cdg-4114,,靠別名對上、來源同時給了別筆(1),戰狗
cmtpl1iz8073x04jvlmcnpuw1,危機特勤組,2,DOS,DOS,DOS,,cdg-3911,cdg-3911,,,
cmtpnc6sk02c204l6h9w0m0gd,反三國志,2,WIN,WIN,WIN,,cdg-0699,cdg-0699,,,
cmtpk4x4y00yn04jvosfpw0qz,叛變克朗多,3,DOS,DOS,DOS,,cdg-3886,cdg-3886,,,
cmsx2w9e5006a04ldoqkitar1,叢林之神,2,,DOS,DOS,,cdg-4737,cdg-4737,,來源同時給了別筆(1),Livingstone II
cmtpk5w5m015j04jv5gtewa5l,叢林戰爭,4,DOS,DOS,DOS,,cdg-0703,cdg-0703,,,
cmtpl1itc072704jvqjxc3fjp,古墓奇兵,6,,DOS、WIN,DOS、WIN,,cdg-0906 cdg-0905,cdg-0906 cdg-0905,,靠別名對上、對到多個來源條目,
cmtplx9wf0exi04jvzubi0cos,古墓奇兵 5～回憶錄,1,WIN,WIN,WIN,,cdg-0910,cdg-0910,,,
cmtpl78g208qw04jvzvxfcbwy,古墓奇兵2：西安匕首,1,WIN,WIN,WIN,,cdg-0907,cdg-0907,,,
cmtpko64l03nl04jvrp22ivu4,古大陸物語,4,DOS,DOS,DOS,,cdg-0915,cdg-0915,,,
cmtpks00u04pp04jvto8asdmw,古大陸物語 2,1,,DOS,DOS,,cdg-0916,cdg-0916,,靠別名對上,
cmsvn61sh001b04l8p5jtkjwk,古巴反戰,2,DOS,DOS,DOS,,cdg-4709,cdg-4709,,,
cmtple53m0aa304jv61xvo779,古文明霸王傳,7,DOS,DOS,DOS,,cdg-0922,cdg-0922,,,
cmsreh04a002i04iej85u0ggr,古神之印,3,WIN,WIN,WIN,,cdg-0923,cdg-0923,,,
cmsybv6vq00ec04l23ung99bl,古董名車賽,1,DOS,DOS,DOS,,cdg-0924,cdg-0924,,,
cmtplw6u10ene04jv79cvjtn2,古龍群俠傳,3,WIN,WIN,WIN,,cdg-5096,cdg-5096,,,
cmtztlpav006704l5dwky6yr1,只想告訴你 ～傳達心意～,1,,NDS,,NDS,VOL.324,索引:只想告訴你傳達心意,,,
cmtpnh2lg03c004l6wonvinlj,叮噹五福星,2,WIN,WIN,WIN,,cdg-0928,cdg-0928,,,
cmt9n2oiy002v04jm282sw2sj,台海防衛戰,2,DOS,DOS,DOS,,cdg-0933,cdg-0933,,,
cmtpkg3bq02ei04jv0lmp8svf,台灣模擬選戰,1,DOS,DOS,DOS,,cdg-3903,cdg-3903,,,
cmtple53f0aa204jv0e4czydl,台灣職棒大聯盟,3,WIN,WIN,WIN,,cdg-4518,cdg-4518,,,
cmtzt4x6g00820agmwuo8ohbs,史坦斯閘門,1,,PSP,,PSP,VOL.327,索引:史坦斯閘門,,,
cmtpkkti503ci04jvuoj4odkc,同級生 2,8,,DOS,DOS,,cdg-0952,cdg-0952,,靠別名對上,
cmu097s26001n0agm0u8kag87,名偵探柯南 藍寶石迴旋曲,1,,NDS,,NDS,VOL.334,索引:名偵探柯南藍寶石迴旋曲,,,
cmtztlqnl006w04l5x7tmnqns,名偵探科南 藍寶石迴旋曲,1,,NDS,,NDS,VOL.326 VOL.329,索引:名偵探科南藍寶石迴旋曲,,,
cmsyqgol6009z04jn58p3jjsv,名流高爾夫,2,DOS,DOS,DOS,,cdg-0953,cdg-0953,,,
cmta1ag4y004a04jw8unm9jbv,名流高爾夫386,1,DOS,DOS,DOS,,cdg-0954,cdg-0954,,,
cmta8meyq001c04jr4vatbe9k,吞食天地2,1,DOS,DOS,DOS,,cdg-0978,cdg-0978,,,
cmtpky3hs069m04jv3rbo1o8z,吞食天地3,2,DOS,DOS,DOS,,cdg-0979,cdg-0979,,,
cmtpnzfxn072x04l66dblmghm,吸血姬夕維～千夜抄～,2,WIN,WIN,WIN,,cdg-4845,cdg-4845,,,
cmtpn9mhr01vy04l64b41d0lb,呂布與貂蟬,1,WIN,WIN,WIN,,cdg-0985,cdg-0985,,,
cmtztlmmn004n04l5lzma0on5,命運傳奇 導演版,1,,PS2,,PS2,VOL.181,索引:命運傳奇導演版,,,
cmtpnvlh1069t04l61mps7tks,喋血雙雄,2,,PS3,,PS3,VOL.184,索引:喋血雙雄,,,
cmtzt5y4200bx0agms2tdf2z7,喧嘩番長Bros. 塔京大混戰,1,,PSP,,PSP,VOL.380,索引:喧嘩番長bros塔京大混戰,,,
cmtzt4mkt002l0agmh2nj52bo,噬神戰士 神機解放,1,,PSP,,PSP,VOL.316,索引:噬神戰士神機解放,,,
cmtzt67ib00gx0agmoqo3t8b7,噬神戰士2,3,,PSP、PSV,,PSP、PSV,VOL.416 VOL.420 VOL.421 VOL.429 VOL.438,索引:噬神戰士2,,,
cmsvuqwrq000b04le7webqcad,噴射戰鬥機,7,DOS,DOS,DOS,,cdg-4217,cdg-4217,,,
cmt1hzs0x000l04ldq22771n8,囂張拳王,4,,DOS,DOS,,cdg-3916,cdg-3916,,來源同時給了別筆(1),4D Boxing
cmswqdm6j00bg04l6o9xqfsg0,四川省,5,DOS,DOS,DOS,,cdg-1028,cdg-1028,,,
cmta16kxm001404jwi1rx3ig8,四川省2,0,,DOS,DOS,,cdg-1029,cdg-1029,,來源同時給了別筆(1),四川省II
cmt1mvac4005r04juq6h9szpg,四川省II,4,,DOS,DOS,,cdg-1029,cdg-1029,,靠別名對上、來源同時給了別筆(1),四川省2
cmtpnc6tc02cc04l6f9fjdi1c,四海兄弟,2,WIN,WIN,WIN,,cdg-1036,cdg-1036,,,
cmta91un4006204l69odk7ldv,回到大魔域,1,DOS,DOS,DOS,,cdg-1041,cdg-1041,,,
cmsvn61nv000704l8jfluueee,國王傳奇,5,DOS,DOS,DOS,,cdg-3990,cdg-3990,,,
cmsvud83s003x04l6kff3q7xr,國王密令,1,,DOS,DOS,,cdg-1043,cdg-1043,,靠別名對上,
cmtxe424000260agmthrz1lbe,國王故事,1,,WII,,WII,VOL.193,索引:國王故事,,,
cmtpk4j7f00w404jvc9f2ppdh,地下創世紀,1,,DOS,DOS,,cdg-0756,cdg-0756,,靠別名對上、來源同時給了別筆(1),地下創世紀：冥河深淵
cmtpkgvws02n604jvlxbdbckg,地下創世紀2 次元之旅,1,DOS,DOS,DOS,,cdg-0757,cdg-0757,,,
cmt9n2o6g000d04jmxazbbt2z,地下創世紀：冥河深淵,3,,DOS,DOS,,cdg-0756,cdg-0756,,來源同時給了別筆(1),地下創世紀
cmtplgrv80b3g04jvg0lqi8yf,地城守護者2,3,WIN,WIN,WIN,,cdg-0761,cdg-0761,,,
cmsvomi78003h04jpksglqeer,地心探險,1,DOS,DOS,DOS,,cdg-4720,cdg-4720,,,
cmsvn87de004m04l80wunva0v,地心攔截,3,DOS,DOS,DOS,,cdg-0764,cdg-0764,,,
cmtpl78bk08q004jvdo9aj5af,地獄也瘋狂,1,DOS,DOS,DOS,,cdg-0765,cdg-0765,,,
cmtplna1k0cqs04jvxws3xfrp,地獄駭客,1,WIN,WIN,WIN,,cdg-5232,cdg-5232,,,
cmtplw6vl0enw04jvpq4kp2dg,地球帝國,1,,WIN,WIN,,cdg-0671,cdg-0671,,靠別名對上、來源同時給了別筆(1),世紀爭霸
cmsvoextc007l04l8rny95sj6,坦克大對決,4,DOS,DOS,DOS,,cdg-4701,cdg-4701,,,
cmtpk5e5b014504jv5d2yc49b,坦克大決戰,1,DOS,DOS,DOS,,cdg-0773,cdg-0773,,,
cmtzumd3r00170agmq8v7te5f,坦克戰記3,1,,NDS,,NDS,VOL.284,索引:坦克戰記3,,,
cmsylqo1g000704jigkm1rj3y,城市獵人,7,,DOS,DOS,,cdg-4322,cdg-4322,,靠別名對上、來源同時給了別筆(1),Rise of the Dragon
cmtpn7cse01ev04l6pwb9ua7r,報數三國演義,1,WIN,WIN,WIN,,cdg-0783,cdg-0783,,,
cmtpkoldr03vi04jv4u81kpuj,塔克拉瑪干-敦煌傳奇,1,WIN,WIN,WIN,,cdg-0784,cdg-0784,,,
cmtplq3os0ddo04jv8ik5h2mh,塞派拉之核,1,WIN,WIN,WIN,,cdg-0786,cdg-0786,,,
cmtpls2oc0dtl04jv52md4acv,墮落天使,3,WIN,WIN,WIN,,cdg-0787,cdg-0787,,,
cmta7yuw9000q04kznbnu3r1y,夏季運動會,3,DOS,DOS,DOS,,cdg-4014,cdg-4014,,,
cmta16l1g001y04jw5v2brzki,夏日物語,1,DOS,DOS,DOS,,cdg-1701,cdg-1701,,,
cmtpk4xds00zr04jv2kacpi6p,多情藥師酷牛仔,2,,DOS,DOS,,cdg-4632,cdg-4632,,來源同時給了別筆(1),Freddy Pharkas Frontier Pharmacist
cmsybok68006604l2u624qe7g,夜班玩具廠,2,DOS,DOS,DOS,,cdg-3952,cdg-3952,,,
cmtplv16l0edc04jv699zxlh1,夢幻一夜,1,WIN,WIN,WIN,,cdg-2722,cdg-2722,,,
cmtzt4wht007q0agmu77gogmy,夢幻之星PORTABLE 2 無窮進化,4,,PSP,,PSP,VOL.316 VOL.321 VOL.326 VOL.329 VOL.330 VOL.331 VOL.332 VOL.333,索引:夢幻之星portable2無窮進化,,,
cmta1ag5v004h04jwouqakfr5,夢幻勇士,1,,DOS,DOS,,cdg-4613,cdg-4613,,來源同時給了別筆(1),Unreal
cmtpki0em02wv04jvhuiewurz,夢幻占星館,1,DOS,DOS,DOS,,cdg-5244,cdg-5244,,,
cmss8fs7w006p04jsrjhmmguy,夢幻咖啡屋,1,WIN,WIN,WIN,,cdg-2727,cdg-2727,,,
cmtpliana0bh204jvey3rxogf,夢幻四驅車,1,,WIN,WIN,,cdg-2729,cdg-2729,,來源同時給了別筆(1),夢幻遙控車
cmtpkp9uo03yw04jverdq6wx4,夢幻天使,3,DOS,DOS,DOS,,cdg-2731,cdg-2731,,,
cmtplmm480cj904jv2bs1qptz,夢幻奇緣,1,WIN,WIN,WIN,,cdg-4864,cdg-4864,,,
cmtplkk5j0c1504jvgfzvavqu,夢幻妖精,2,WIN,WIN,WIN,,cdg-2733,cdg-2733,,,
cmtplna1w0cqv04jvshq3dhkz,夢幻小坦克,1,WIN,WIN,WIN,,cdg-2734,cdg-2734,,,
cmtpkdzbt01vs04jvgstnkdwl,夢幻帝國,1,DOS,DOS,DOS,,cdg-4651,cdg-4651,,,
cmtpll9hm0c9j04jv3lvo3zf2,夢幻披薩屋,1,WIN,WIN,WIN,,cdg-5105,cdg-5105,,,
cmtplhm5o0ban04jvdwyf43xp,夢幻模擬戰,1,WIN,WIN,WIN,,cdg-2741,cdg-2741,,,
cmtplqqrz0dgx04jvztsve549,夢幻模擬戰 3,1,WIN,WIN,WIN,,cdg-2743,cdg-2743,,,
cmtplw6z00eoz04jvosgbdb3p,夢幻水族箱,1,WIN,WIN,WIN,,cdg-2746,cdg-2746,,,
cmtzt4t4u00630agmkhzht6yi,夢幻終章,2,,WII,,WII,VOL.316 VOL.324 VOL.326,索引:夢幻終章,,,
cmtplokea0czb04jvlohyycwg,夢幻西巴拉,1,WIN,WIN,WIN,,cdg-5106,cdg-5106,,,
cmtplaskx09nd04jvfqkt2n3k,夢幻西餐廳,2,WIN,WIN,WIN,,cdg-2749,cdg-2749,,,
cmtplrmil0doj04jvdf6igpl9,夢幻西餐廳～三千年食堂,1,WIN,WIN,WIN,,cdg-2750,cdg-2750,,,
cmsreh08d004904ieqwybuf37,夢幻遊樂園,1,,WIN,WIN,,cdg-3190,cdg-3190,,靠別名對上、來源同時給了別筆(1),千禧新樂園
cmtplna170cqp04jvq10wdvtg,夢幻遙控車,1,,WIN,WIN,,cdg-2729,cdg-2729,,靠別名對上、來源同時給了別筆(1),夢幻四驅車
cmtplm0uv0cf304jvtv3dajk4,夢幻飛機場,1,WIN,WIN,WIN,,cdg-2756,cdg-2756,,,
cmtpkv0ae05gc04jvaj4rwine,夢見坡,1,,DOS,DOS,,cdg-2770,cdg-2770,,靠別名對上,
cmtpkeccu01z904jvxxf93lzc,大兵日記,2,DOS,DOS,DOS,,cdg-3846,cdg-3846,,,
cmtpniwey03pp04l65307a42f,大唐英雄傳,1,DOS,DOS,DOS,,cdg-0353,cdg-0353,,,
cmtpkwmfl05uq04jvj43e3f3o,大唐詩錄,2,WIN,WIN,WIN,,cdg-0355,cdg-0355,,,
cmtplvokm0el904jvv2rthglf,大唐雙龍傳,3,WIN,WIN,WIN,,cdg-0357,cdg-0357,,,
cmtpl636y08c104jvn2jwuezw,大地雄師,1,DOS,DOS,DOS,,cdg-0359,cdg-0359,,,
cmtplgzub0b7w04jvkgzve1mm,大宋英豪岳飛傳,2,,DOS,DOS,,cdg-0360,cdg-0360,,靠別名對上,
cmtplfdz20ar104jv9u869itt,大宗師,1,WIN,WIN,WIN,,cdg-5329,cdg-5329,,,
cmtpkrzzy04pf04jv9xpohhgn,大富翁 3,3,DOS,DOS,DOS,,cdg-0366,cdg-0366,,,
cmtpo1cdd07i504l6kwasgo1r,大富翁 8,2,WIN,WIN,WIN,,cdg-0371,cdg-0371,,,
cmtplr6pg0dly04jvxk1mdvwe,大富翁 升官之途,1,WIN,WIN,WIN,,cdg-0387,cdg-0387,,,
cmtpl9h4b097f04jve6bonlv5,大富翁4,2,WIN,WIN,WIN,,cdg-0367,cdg-0367,,,
cmtpn7czh01gm04l6wi5sgc8d,大富翁6,1,WIN,WIN,WIN,,cdg-0369,cdg-0369,,,
cmtpnntor04gt04l6mz5ciuvz,大富翁7,4,WIN,WIN,WIN,,cdg-0370,cdg-0370,,,
cmtpnh2q103cz04l6rpq41udu,大富翁8美眉,2,WIN,WIN,WIN,,cdg-0372,cdg-0372,,,
cmtplial90bgf04jv8m326zyb,大富翁世界之旅,3,WIN,WIN,WIN,,cdg-0375,cdg-0375,,,
cmtplswwx0dyp04jvn298q35k,大富翁世界之旅2,1,WIN,WIN,WIN,,cdg-0376,cdg-0376,,,
cmtpkytsj06fz04jv66hbknqa,大富翁之破壞超人,2,DOS,DOS,DOS,,cdg-0380,cdg-0380,,,
cmtpl2b6q07bu04jvgsg0qqlg,大富翁樂園,1,DOS,DOS,DOS,,cdg-0382,cdg-0382,,,
cmtpl8p2y093g04jvej7k6fm7,大富翁總動員,1,,DOS,DOS,,cdg-0384,cdg-0384,,靠別名對上,
cmtpnr41q057j04l67gky7rpr,大富翁與小富婆,1,WIN,WIN,WIN,,cdg-0386,cdg-0386,,,
cmsumhmva001q04jofc6h5rj3,大戰略,5,,DOS,DOS,,cdg-0389 cdg-0394 cdg-0395,cdg-0389 cdg-0394 cdg-0395,,靠別名對上、對到多個來源條目,
cmtpk5wap017304jvpk8jbeyy,大明英雄傳,1,,DOS,DOS,,cdg-0398,cdg-0398,,靠別名對上、來源同時給了別筆(1),大明英雄傳 龍騰天下
cmtpk4j5z00vm04jvx1o8plsb,大明英雄傳 龍騰天下,3,,DOS,DOS,,cdg-0398,cdg-0398,,來源同時給了別筆(1),大明英雄傳
cmtpkwmgt05v204jvg1m0eg7f,大決戰,1,WIN,WIN,WIN,,cdg-5107,cdg-5107,,,
cmtpkb3s601e904jvvfz22lyj,大海盜黃金版,1,DOS,DOS,DOS,,cdg-4557,cdg-4557,,,
cmtztln68004w04l5cu62xi23,大眾水族館,1,,NDS,,NDS,VOL.284,索引:大眾水族館,,,
cmt1mvam3008j04juistmvfn7,大航海時代,3,DOS,DOS,DOS,,cdg-0418,cdg-0418,,,
cmtpkgvud02mn04jvlihcqing,大航海時代2,1,DOS,DOS,DOS,,cdg-0419,cdg-0419,,,
cmtplnxgb0cu204jvhnshj0jf,大航海時代4,1,WIN,WIN,WIN,,cdg-0422,cdg-0422,,,
cmsregzzj001104iefirwgpbo,大逆鱗3,1,,WIN,WIN,,cdg-0425,cdg-0425,,來源同時給了別筆(1),大逆鱗III
cmtplian00bgz04jv2cs2jp05,大逆鱗II,1,,WIN,WIN,,cdg-0424,cdg-0424,,靠別名對上,
cmtple5eo0ad204jv4dpzjkqb,大逆鱗III,4,,WIN,WIN,,cdg-0425,cdg-0425,,靠別名對上、來源同時給了別筆(1),大逆鱗3
cmtpkd3u101o804jvanfgpyxy,大野風雲,1,DOS,DOS,DOS,,cdg-0426,cdg-0426,,,
cmtzt4poa004b0agmbewfl041,大金剛再起,2,,WII,,WII,VOL.317 VOL.321,索引:大金剛再起,,,
cmtpkol8f03tm04jvirckyt66,大銀河物語,3,DOS,DOS,DOS,,cdg-0427,cdg-0427,,,
cmtpkqerz04el04jvrb5zxj73,天下御免,3,WIN,WIN,WIN,,cdg-4331,cdg-4331,,,
cmtpkk62t032r04jvii4woahs,天下無敵,2,DOS,DOS,DOS,,cdg-4116,cdg-4116,,,
cmta7yv04001904kz53adhn9y,天下第一刀,1,,DOS,DOS,,cdg-4770,cdg-4770,,來源同時給了別筆(1),The First Samurai
cmtpl3m7q07se04jvnou6wh4g,天下統一,2,DOS,DOS,DOS,,cdg-0431,cdg-0431,,,
cmtpn9mx101zg04l61wcrihnx,天下霸圖,4,WIN,WIN,WIN,,cdg-0432,cdg-0432,,,
cmtpl4d5i07xj04jv8pwbwunf,天使之約,2,WIN,WIN,WIN,,cdg-0434,cdg-0434,,,
cmtpks01j04px04jvve02lq22,天使任務,1,DOS,DOS,DOS,,cdg-0439,cdg-0439,,,
cmtpnyiug06w204l6czx880mo,天使協奏曲,1,WIN,WIN,WIN,,cdg-0442,cdg-0442,,,
cmtpliamm0bgu04jvgkvuno2k,天使同盟,2,WIN,WIN,WIN,,cdg-0443,cdg-0443,,,
cmtpn82qf01jz04l63ixli2i1,天使小夜曲,2,WIN,WIN,WIN,,cdg-0444,cdg-0444,,,
cmta8mf33002a04jrf6aeg8wt,天使帝國,1,DOS,DOS,DOS,,cdg-0445,cdg-0445,,,
cmtpker6w021y04jv6ugvmgjf,天使帝國2,3,DOS,DOS,DOS,,cdg-0446,cdg-0446,,,
cmtpnr411057d04l6w7wmkvxo,天使戀曲,1,WIN,WIN,WIN,,cdg-0449,cdg-0449,,,
cmtpn4fzo00pl04l661dosiru,天使演唱會,1,WIN,WIN,WIN,,cdg-0450,cdg-0450,,,
cmtpk4j4300v104jvgc1vnka1,天使角力賽,1,DOS,DOS,DOS,,cdg-4087,cdg-4087,,,
cmtpk4xhm00zu04jvtindeil7,天命之戰,1,DOS,DOS,DOS,,cdg-4117,cdg-4117,,,
cmtpn11e0003904l62kjq5mlq,天命傳奇,2,WIN,WIN,WIN,,cdg-0454,cdg-0454,,,
cmtpnebl602op04l6oyo3g10t,天地劫外章：寰神結,3,WIN,WIN,WIN,,cdg-0460,cdg-0460,,,
cmtpkktij03ck04jvqsjse3bv,天地無用,3,,DOS,DOS,,cdg-0461,cdg-0461,,靠別名對上,
cmtpn11b1002g04l6yfa0go8n,天堂島,3,,WIN,WIN,,cdg-2130,cdg-2130,,靠別名對上,
cmtpk4x7e00z604jvhtnnx0lk,天外劍聖錄,4,DOS,DOS,DOS,,cdg-0465,cdg-0465,,,
cmtpln9r70cod04jv1krzeym4,天子傳奇,2,WIN,WIN,WIN,,cdg-0466,cdg-0466,,,
cmt1hzs5b001p04ld59baxwgf,天才智多星,5,,DOS,DOS,,cdg-4599,cdg-4599,,來源同時給了別筆(1),Castle of Dr. Brain
cmtpkwmfw05ut04jv7bfv9ikm,天晴傳,2,,DOS,DOS,,cdg-0470,cdg-0470,,靠別名對上,
cmtpnjwgx03w404l66l9olg2n,天河傳說,3,WIN,WIN,WIN,,cdg-0471,cdg-0471,,,
cmsx2unq5002p04ld340qe9ds,天生好手,1,DOS,DOS,DOS,,cdg-4015,cdg-4015,,,
cmtdmiiix000g04l4rg0howd7,天生好手2,1,,DOS,DOS,,cdg-4595,cdg-4595,,來源同時給了別筆(1),Earl Weaver Baseball II / 天生好手II
cmt1hzs2d000w04ldil167ckp,天生好手II,1,,DOS,DOS,,cdg-4595,cdg-4595,,靠別名對上、來源同時給了別筆(1),Earl Weaver Baseball II / 天生好手2
cmtzt4sqx005u0agm3w7zq0n4,天空機士羅迪亞,1,,3DS、WII,,3DS、WII,VOL.324,索引:天空機士羅迪亞,,,
cmt9n4wjz005e04jmtschbw37,天際寒星——義無反顧,1,,DOS,DOS,,cdg-4603,cdg-4603,,靠別名對上、來源同時給了別筆(1),PLANET'S EDGE
cmtpkxdnf063504jvndolx5x6,天龍八部,14,,DOS、WIN,DOS、WIN,,cdg-0481 cdg-0482,cdg-0481 cdg-0482,,對到多個來源條目,
cmtpkdgrj01tb04jvip4m7lc6,太子降魔傳,1,DOS,DOS,DOS,,cdg-0485,cdg-0485,,,
cmtplv1dk0eeu04jvwizilzss,太平天國,1,DOS,DOS,DOS,,cdg-0486,cdg-0486,,,
cmtpkfbyf027d04jvmbilkkm9,太平洋戰將,2,DOS,DOS,DOS,,cdg-4650,cdg-4650,,,
cmt9rt6f3000m04jsn35mpmks,太平洋空戰英雄,5,,DOS,DOS,,cdg-0491,cdg-0491,,來源同時給了別筆(1),Aces of the Pacific
cmtplnxjr0cv504jvzjnsw5o7,太極張三豐,1,WIN,WIN,WIN,,cdg-0492,cdg-0492,,,
cmsvuqx4r002w04ley72tsex2,太空小蜜蜂,1,,DOS、WIN,DOS、WIN,,cdg-0498 cdg-0496,cdg-0498 cdg-0496,,靠別名對上、對到多個來源條目,
cmtplcvyc0a4f04jv3mozfu44,太空戰士 7,2,,WIN,WIN,,cdg-2486,cdg-2486,,靠別名對上,
cmss8frow000c04js20dxi6py,太空戰士8,1,,WIN,WIN,,cdg-2487,cdg-2487,,靠別名對上,
cmswqdm8400bu04l6plvegrj2,太空捕快,1,DOS,DOS,DOS,,cdg-4565,cdg-4565,,,
cmtpk43it00r604jv0yquunew,太空牛仔,2,,DOS,DOS,,cdg-4627,cdg-4627,,來源同時給了別筆(1),Spaceward Ho!
cmtpkk67f034a04jvz4dikcz8,太閤立志傳,2,DOS,DOS,DOS,,cdg-0503,cdg-0503,,,
cmtplqqxn0di604jvhajhcszm,太閤立志傳 2,1,DOS、WIN,DOS、WIN,DOS、WIN,,cdg-0504,cdg-0504,,,
cmtplnxic0cuq04jvb8z72s9y,太閤立志傳3,1,WIN,WIN,WIN,,cdg-0505,cdg-0505,,,
cmsvuqwuk000y04led4xlhi6c,太陽神之眼,2,DOS,DOS,DOS,,cdg-4567,cdg-4567,,,
cmtzt4ipp000l0agmvdjddzrv,太鼓之達人11 亞洲版,1,,ARCADE,,ARCADE,VOL.181,索引:太鼓之達人11亞洲版,,,
cmtzt5dc2001c0agm02nrexjx,太鼓之達人Portable DX,1,,PSP,,PSP,VOL.335,索引:太鼓之達人portabledx,,,
cmss8fsbt008f04jsr7rfglz3,失落大地,1,,WIN,WIN,,cdg-0712,cdg-0712,,來源同時給了別筆(1),失落的大地
cmtpko6es03py04jvknvwuuil,失落的伊甸園,5,DOS,DOS,DOS,,cdg-5253,cdg-5253,,,
cmtplaaye09ev04jvux00icbr,失落的大地,1,,WIN,WIN,,cdg-0712,cdg-0712,,靠別名對上、來源同時給了別筆(1),失落大地
cmstskprh000q04l5c3am2jy6,失落的封印,3,DOS,DOS,DOS,,cdg-0715,cdg-0715,,,
cmswq0tar006p04l6osmhlgm4,奇中棋,1,DOS,DOS,DOS,,cdg-1294,cdg-1294,,,
cmt9n4wsc007g04jmo7a56mub,奇人黑桃2,1,DOS,DOS,DOS,,cdg-1295,cdg-1295,,,
cmta8ukwe000w04l6ae1whjkb,奇妙大百科,1,DOS,DOS,DOS,,cdg-1296,cdg-1296,,,
cmtpnkvvy044a04l6493uudgp,奇幻仙境,4,WIN,WIN,WIN,,cdg-1970,cdg-1970,,,
cmtpn4fy600pa04l63zzuip6n,奇蹟花園,1,WIN,WIN,WIN,,cdg-4820,cdg-4820,,,
cmtpniwc203ox04l6qhr6k2ve,奇蹟餐廳,5,WIN,WIN,WIN,,cdg-1304,cdg-1304,,,
cmtpkb3r001dx04jvk8sglec4,奇門遁甲之九五真龍,2,DOS,DOS,DOS,,cdg-1306,cdg-1306,,,
cmtpnr40p057a04l6cb67k728,奇靈王,1,WIN,WIN,WIN,,cdg-5138,cdg-5138,,,
cmtpk4xe800zs04jvovgira46,奧林匹亞橋賽,1,DOS,DOS,DOS,,cdg-1310,cdg-1310,,,
cmtzt5irf003y0agmldndz3yo,奪寶報告 機械機關的遺產,1,,NDS,,NDS,VOL.328 VOL.336 VOL.338,索引:奪寶報告機械機關的遺產,,,
cmsreh06b003d04iewll0t9wn,女傑,2,,WIN,WIN,,cdg-1068,cdg-1068,,靠別名對上,
cmtzt5u4c009w0agmt9q21tju,女僕☆天堂,1,,PSP,,PSP,VOL.361,索引:女僕天堂,,,
cmtpn1wb400ac04l6j6s3v5ln,女神天蠶變,1,WIN,WIN,WIN,,cdg-1072,cdg-1072,,,
cmtpl6v8108la04jvb0di3uk8,女神學園,2,DOS,DOS,DOS,,cdg-4041,cdg-4041,,,
cmtxe422z00200agma9zbz947,女神異聞錄4,1,,PS2,,PS2,VOL.193,索引:女神異聞錄4,,,
cmsybv6te00ds04l236serlue,好夢連床,1,DOS,DOS,DOS,,cdg-3859,cdg-3859,,,
cmtpnhyf603gg04l6o8g1kss8,如來神掌之宇宙爭雄,4,WIN,WIN,WIN,,cdg-1077,cdg-1077,,,
cmt1mj8hi000604jun9a6oxqo,如來金剛拳傳奇,4,DOS,DOS,DOS,,cdg-1078,cdg-1078,,,
cmtpktg9f054404jv8o38bk1k,妖塔2189,1,DOS,DOS,DOS,,cdg-1079,cdg-1079,,,
cmtpkgvpm02lo04jvxqdfpo3l,妖擊隊,3,,DOS,DOS,,cdg-1082,cdg-1082,,靠別名對上,
cmtpl2wot07is04jvtk25xfpf,妖魔獵人,2,WIN,WIN,WIN,,cdg-5198,cdg-5198,,,
cmtpkb3rt01e504jvm19ybhib,妖魔道,5,DOS,DOS,DOS,,cdg-1083,cdg-1083,,,
cmtpkfc0g027s04jvuzsyr5g4,妙狐神探,1,DOS,DOS,DOS,,cdg-1085,cdg-1085,,,
cmtpkecci01z704jv754o2str,妙賊也瘋狂,3,DOS,DOS,DOS,,cdg-1086,cdg-1086,,,
cmsyqgoo400ak04jne8gvom6u,妙賊奇弗,3,,DOS,DOS,,cdg-4585,cdg-4585,,來源同時給了別筆(1),KEEF the THIEF
cmt03mnm5002p04l5j5wmzp2c,威利奇遇記,3,DOS,DOS,DOS,,cdg-1090,cdg-1090,,,
cmsvn61pf000j04l8gf2kmsom,威探闖通關,2,DOS,DOS,DOS,,cdg-4708,cdg-4708,,,
cmtpknfcm03ge04jvfkwl8n5i,嬉笑春秋,1,DOS,DOS,DOS,,cdg-1095,cdg-1095,,,
cmu097ss000250agm1bxrafaz,嬌蠻之吻 第3學期Portable,1,,PSP,,PSP,VOL.366,索引:嬌蠻之吻第3學期portable,,,
cmtpnc6vj02d704l6heojfl3f,孔明傳,2,,WIN,WIN,,cdg-0207,cdg-0207,,靠別名對上、來源同時給了別筆(1),三國孔明傳
cmtpkdgqn01t604jvt8fc9cim,孤臣記,1,DOS,DOS,DOS,,cdg-4042,cdg-4042,,,
cmtztln6e004x04l5vrx7syq4,學生會的一存 -DS學生會-,1,,NDS,,NDS,VOL.284,索引:學生會的一存ds學生會,,,
cmtplrmmr0dpt04jvkxnak9vw,學生騎士團,3,WIN,WIN,WIN,,cdg-3368,cdg-3368,,,
cmtztlrdd007g04l5elksjgnd,學研 中文饗宴DS 聽力訓練＆書寫訓練,1,,NDS,,NDS,VOL.331,索引:學研中文饗宴ds聽力訓練書寫訓練,,,
cmtztlrdk007h04l5h759bzkf,學研 韓文饗宴 聽力訓練＆書寫訓練,1,,NDS,,NDS,VOL.331,索引:學研韓文饗宴聽力訓練書寫訓練,,,
cmtpkerby023i04jv7cgfgfrl,宇宙傳奇5,2,DOS,DOS,DOS,,cdg-4563,cdg-4563,,,
cmtpkqeoe04da04jv6o50ly7s,宇宙傳奇VI,2,,DOS,DOS,,cdg-5260,cdg-5260,,靠別名對上,
cmsvna21z008p04l8ab8nloq4,宇宙神風號,5,DOS,DOS,DOS,,cdg-0791,cdg-0791,,,
cmtpkgvhm02jy04jv2cgcohf8,宇宙英雄,1,DOS,DOS,DOS,,cdg-4121,cdg-4121,,,
cmtpl9h5a097n04jvk1waywka,守護者之劍,2,WIN,WIN,WIN,,cdg-0795,cdg-0795,,,
cmtplphys0d6o04jv91e5suyn,守護者之劍2～伊格麗亞之章,1,WIN,WIN,WIN,,cdg-0796,cdg-0796,,,
cmtplhm7j0bb904jv1wps2asc,守護者之劍外傳 - 無盡的宿命,2,WIN,WIN,WIN,,cdg-0797,cdg-0797,,,
cmtpl78a708pv04jv52x4gvs6,安琪莉可 - 女王之路,2,WIN,WIN,WIN,,cdg-0800,cdg-0800,,,
cmtb7sepd000t04laoz3z0ray,完美將軍,2,DOS,DOS,DOS,,cdg-4204,cdg-4204,,,
cmtzt5qxj00810agm673pksgh,実況パワフルプロ野球2011,1,,PSP、PS3,,PSP、PS3,VOL.338 VOL.348,索引:実況野球2011,,名稱含假名,
cmtztlzr2002b0agm7kf9m2ux,密室愛相隨 女家教伊都香,1,,3DS,,3DS,VOL.412,索引:密室愛相隨女家教伊都香,,,
cmtpkfbz3027i04jvww2zqzsc,富甲天下,2,,DOS,DOS,,cdg-0806,cdg-0806,,靠別名對上,
cmtpkzn6u06nj04jvzist87rv,富甲天下2,5,DOS,DOS,DOS,,cdg-0807,cdg-0807,,,
cmtpn4fxn00p604l6qwh0vkqq,富甲天下3,2,WIN,WIN,WIN,,cdg-0808,cdg-0808,,,
cmtpnpoj604xk04l690zt87xf,富甲天下4,2,WIN,WIN,WIN,,cdg-0809,cdg-0809,,,
cmtpkr61904j404jvjpxsi153,富貴列車,5,,DOS,DOS,,cdg-0811,cdg-0811,,靠別名對上,
cmtpl1iwp073504jv5ua0oxoo,寒漠風暴,1,,DOS,DOS,,cdg-2903,cdg-2903,,靠別名對上、來源同時給了別筆(1),銀河英雄
cmu097toa002o0agmq4ut05og,實境格鬥家,1,,PSV,,PSV,VOL.368,索引:實境格鬥家,,,
cmtzt5skz00900agms9vqe73d,實感賽車,2,,PSV,,PSV,VOL.360 VOL.366,索引:實感賽車,,,
cmtpkxdlq062s04jvhg3tu2d6,封神世紀,1,DOS,DOS,DOS,,cdg-1702,cdg-1702,,,
cmtpkd3mv01m004jvhsyu80me,封神榜,2,DOS,DOS,DOS,,cdg-1703,cdg-1703,,,
cmtpkytpi06f204jviow5mcu8,封神演義,6,,DOS、WIN,DOS、WIN,,cdg-1705 cdg-1706,cdg-1705 cdg-1706,,靠別名對上、對到多個來源條目,
cmtpjz2cr000804jvntkh2r66,射鵰英雄傳,9,DOS,DOS,DOS,,cdg-1707,cdg-1707,,,
cmtpn1w1j007m04l6cft0rxz4,尋秦記,2,WIN,WIN,WIN,,cdg-1709,cdg-1709,,,
cmsxqa30w000l04l4pg5fpf12,小人物狂想曲,4,DOS,DOS,DOS,,cdg-3918,cdg-3918,,,
cmt8znyko000904jymh5f1dnd,小人物狂想曲 II,3,,DOS,DOS,,cdg-4598,cdg-4598,,靠別名對上、來源同時給了別筆(1),小人物狂想曲2
cmtdmiih0000404l4bno7jj50,小人物狂想曲2,1,,DOS,DOS,,cdg-4598,cdg-4598,,來源同時給了別筆(1),小人物狂想曲 II
cmtplgrnu0b1c04jvzfzvkpsz,小叮噹大富翁,2,WIN,WIN,WIN,,cdg-0511,cdg-0511,,,
cmtzt4yjx008u0agmxkerw9fc,小小大星球2,1,,PS3,,PS3,VOL.316 VOL.327,索引:小小大星球2,,,
cmtplyx320fag04jv7semuzp6,小燕子決戰大富翁,1,WIN,WIN,WIN,,cdg-0522,cdg-0522,,,
cmtpjz2q0003a04jv0vafa7ul,小辣椒的時空冒險,2,DOS,DOS,DOS,,cdg-4621,cdg-4621,,,
cmtpkecfc020204jvvzvdrcdx,小魔逛迷宮,1,DOS,DOS,DOS,,cdg-4646,cdg-4646,,,
cmsvn87ct004g04l87eoycsd9,小鮫立大功,1,DOS,DOS,DOS,,cdg-4711,cdg-4711,,,
cmtpker7l022304jvik6kaudf,少女夢天使,1,,DOS,DOS,,cdg-4777,cdg-4777,,靠別名對上,
cmtpl6vg408nu04jv4bp2gsfk,少女魔法師,2,WIN,WIN,WIN,,cdg-0542,cdg-0542,,,
cmtplaayn09ey04jvyzif96nw,少女魔法師2,2,WIN,WIN,WIN,,cdg-0543,cdg-0543,,,
cmtpn4g9w00rn04l6wejv8qh4,少林麻將,2,WIN,WIN,WIN,,cdg-0547,cdg-0547,,,
cmtzt519a00a50agm9yhwedvl,屍骸派對 暗影之書,1,,PSP,,PSP,VOL.329,索引:屍骸派對暗影之書,,,
cmtpl0fqu06wu04jvca2odzdg,屠龍戰記,1,,APPLE2,APPLE2,,cdg-4534,cdg-4534,,靠別名對上,
cmsvn87c1004804l8xmjia602,屠龍記,6,DOS,DOS,DOS,,cdg-3957,cdg-3957,,,
cmtpkfc5j028t04jvskd6163n,工人物語,1,,DOS,DOS,,cdg-0553,cdg-0553,,來源同時給了別筆(1),工人物語建國篇
cmtpkgvvc02mv04jv397awwax,工人物語建國篇,2,,DOS,DOS,,cdg-0553,cdg-0553,,靠別名對上、來源同時給了別筆(1),工人物語
cmsvna26v009z04l82wow7qnd,巫術,1,DOS,DOS,DOS,,cdg-1099,cdg-1099,,,
cmtplw6uw0eno04jv8anwkdge,巫術 8,1,WIN,WIN,WIN,,cdg-1106,cdg-1106,,,
cmtpk6hnp019o04jvolc3g8jn,巴士帝國,2,DOS,DOS,DOS,,cdg-1110,cdg-1110,,,
cmsylqoen002l04jiacbtycpo,巴黎-達卡越野大賽,1,DOS,DOS,DOS,,cdg-4738,cdg-4738,,,
cmtdmiijn000j04l4maa9tm14,帝國之光榮,1,,DOS,DOS,,cdg-1117,cdg-1117,,靠別名對上、來源同時給了別筆(1),帝國的光榮
cmtpl552i083l04jv9s9kmd4a,帝國生死鬥,2,WIN,WIN,WIN,,cdg-5301,cdg-5301,,,
cmt1mvalg008b04jusyvoszx0,帝國的光榮,1,,DOS,DOS,,cdg-1117,cdg-1117,,來源同時給了別筆(1),帝國之光榮
cmsreh00y001l04iegpp3fc2a,幕府將軍,1,DOS,DOS,DOS,,cdg-3961,cdg-3961,,,
cmtplth070e1h04jvhqybum1q,平妖傳,1,WIN,WIN,WIN,,cdg-4324,cdg-4324,,,
cmtplc50d09xz04jvg2t9g5lu,幻世錄,1,WIN,WIN,WIN,,cdg-0564,cdg-0564,,,
cmtpn5wzi011h04l61yztixtz,幻世錄2魔神戰爭,1,WIN,WIN,WIN,,cdg-0565,cdg-0565,,,
cmtzt4pft00460agmksyf3fgk,幻境神界,6,,PS3、X360,,PS3、X360,VOL.317 VOL.321 VOL.333 VOL.334 VOL.335 VOL.336 VOL.337 VOL.338 VOL.339,索引:幻境神界,,,
cmt1mvace005v04juavvz6utr,幻影法師,6,DOS,DOS,DOS,,cdg-4597,cdg-4597,,,
cmtplgzvo0b8504jvqhh060sg,幻影特攻,1,WIN,WIN,WIN,,cdg-0566,cdg-0566,,,
cmtpnf2v002z104l6542g5vcw,幻想三國誌,11,WIN,WIN,WIN,,cdg-0567,cdg-0567,,,
cmtpo0dzs07a804l6yg1r0a7t,幻想三國誌2,1,WIN,WIN,WIN,,cdg-0568,cdg-0568,,,
cmu097ssc00260agmwyeyuxvf,幻想國物語 ～庫克利亞王國～,1,,PSP,,PSP,VOL.366,索引:幻想國物語庫克利亞王國,,,
cmtplkk8e0c2004jvrjo30dyl,幻想奇俠傳,1,WIN,WIN,WIN,,cdg-3864,cdg-3864,,,
cmtpl5599085x04jvixgp722m,幻想時空,3,WIN,WIN,WIN,,cdg-0575,cdg-0575,,,
cmsumhmqu000o04jolrhm5qum,幻想空間,2,DOS,DOS,DOS,,cdg-0578,cdg-0578,,,
cmtbf1vcd001d04l5tsqig4lk,幻想空間5,1,DOS,DOS,DOS,,cdg-0581,cdg-0581,,,
cmtpkb3xk01fz04jvzxr91vq5,幻想空間6,4,DOS,DOS,DOS,,cdg-0582,cdg-0582,,,
cmtplp0ce0d3q04jvu6cvj2wo,幻想紀元,2,WIN,WIN,WIN,,cdg-0585,cdg-0585,,,
cmss8fs1l004a04jsvkv4xsq3,幻想西遊記,2,,WIN、PS3、X360,WIN,PS3、X360,cdg-0588 VOL.317,cdg-0588 索引:幻想西遊記,,兩邊都給、來源同時給了別筆(1),新西遊記
cmtplx9qs0evh04jvkz9e9r4n,幻獸魔石,1,WIN,WIN,WIN,,cdg-4316,cdg-4316,,,
cmtplfdx10aqv04jvn98dwsq2,幻界霸者,2,DOS,DOS,DOS,,cdg-0590,cdg-0590,,,
cmss8fs7h006h04jsi328clsu,幻舞天使,1,WIN,WIN,WIN,,cdg-0592,cdg-0592,,,
cmtpk5dza012f04jv7hcxzppo,幻象雷電,1,DOS,DOS,DOS,,cdg-0594,cdg-0594,,,
cmsvoibs3001g04jp9b32nben,幽城寶藏,4,DOS,DOS,DOS,,cdg-4161,cdg-4161,,,
cmtpkhks102rw04jvl0xtlkfa,幽浮,2,,DOS,DOS,,cdg-0600,cdg-0600,,靠別名對上,
cmtztlvld000m0agmcqttg9lk,幽靈王國PORTABLE,1,,PSP,,PSP,VOL.346,索引:幽靈王國portable,,,
cmsyq9flj003p04jndaxi6e2e,幽靈騎士,9,DOS,DOS,DOS,,cdg-4230,cdg-4230,,,
cmtpkk5y4031e04jvjjxn35hm,幽魂,3,WIN,WIN,WIN,,cdg-0607,cdg-0607,,,
cmtxe41ve000q0agmei7hjawh,弧光之源2 意志,1,,NDS,,NDS,VOL.193,索引:弧光之源2意志,,,
cmsvn61sy001f04l8ixm9ut1z,強棒再出擊,2,DOS,DOS,DOS,,cdg-1899,cdg-1899,,,
cmtzt4o1j003c0agmuf41s1c5,征服者,1,,PS3、X360,,PS3、X360,VOL.317,索引:征服者,,,
cmsx2w9es006g04ldpno4vjf3,從海底出擊,4,,APPLE2、DOS,APPLE2、DOS,,cdg-5017 cdg-4008,cdg-5017 cdg-4008,,靠別名對上、對到多個來源條目、來源同時給了別筆(1),Wolf Pack
cmsybeknm000h04jvka2sq7zw,御封戰將,6,,DOS,DOS,,cdg-1051,cdg-1051,,來源同時給了別筆(1),King's Bounty
cmtb4t95x000o04l7ghicrg9b,復國恩仇錄,1,DOS,DOS,DOS,,cdg-4762,cdg-4762,,,
cmtpkxdik062404jv8gmnu3dj,復活邪魔,1,,DOS,DOS,,cdg-1796,cdg-1796,,靠別名對上,
cmtpk5e1r013404jvro0fzpkt,德軍總部,1,,APPLE2、DOS,APPLE2、DOS,,cdg-2034 cdg-2036,cdg-2034 cdg-2036,,靠別名對上、對到多個來源條目,
cmtzt56l700cx0agmd6bva9u6,心球奇遇記,2,,NDS,,NDS,VOL.331 VOL.335 VOL.338 VOL.346,索引:心球奇遇記,,,
cmsvud7vh001404l6r2gqi4jf,忍,2,,DOS,DOS,,cdg-3890,cdg-3890,,來源同時給了別筆(1),SHINOBI
cmta8ukxe001004l6xahx2yey,忍者原人,1,DOS,DOS,DOS,,cdg-5230,cdg-5230,,,
cmu098iem003n0agmg6uy7t2d,忍者外傳Σ PLUS,1,,PSV,,PSV,VOL.366,索引:忍者外傳plus,,,
cmtzt68iv00hk0agmftvs072e,忍者外傳Σ2 PLUS,1,,PSV,,PSV,VOL.414 VOL.420,索引:忍者外傳2plus,,,
cmtplrml20dpa04jv72myi8qv,忍者學園,2,WIN,WIN,WIN,,cdg-1711,cdg-1711,,,
cmsylwh2k007v04jih7g0kvfh,忍者龜,3,DOS,DOS,DOS,,cdg-1715,cdg-1715,,,
cmtpl9hl309b604jvs3fx5c6r,快刀亂麻,3,WIN,WIN,WIN,,cdg-4517,cdg-4517,,,
cmsvn61qd000r04l8upsvd9gt,快打旋風,3,,DOS,DOS,,cdg-1720,cdg-1720,,靠別名對上、來源同時給了別筆(1),快打旋風 (Street Fighter)
cmsvv0lvk002m04jrnf5yoosh,快打旋風 (Street Fighter),1,,DOS,DOS,,cdg-1720,cdg-1720,,來源同時給了別筆(1),快打旋風
cmtzt5c07000i0agmtrlpamet,快打旋風 X 鐵拳,2,,PS3、X360、PSV,,PS3、X360、PSV,VOL.335 VOL.343 VOL.360 VOL.364 VOL.368 VOL.378 VOL.379 VOL.385,索引:快打旋風x鐵拳,,,
cmsvn61px000n04l8pu0obgz9,快打磚塊,1,DOS,DOS,DOS,,cdg-1724,cdg-1724,,,
cmu84xaft018f04iht93w7a9n,快打至尊,1,DOS,DOS,DOS,,cdg-1726,cdg-1726,,,
cmsysz38a006504jovc1sn0l9,快樂原始人,1,DOS,DOS,DOS,,cdg-4929,cdg-4929,,,
cmtpkhksp02s204jvth3m20lt,快樂天堂,1,,DOS,DOS,,cdg-1732,cdg-1732,,來源同時給了別筆(1),THEME PARK
cmswqdm5400b404l6jme796bb,快樂泡泡龍,1,,DOS,DOS,,cdg-3947,cdg-3947,,來源同時給了別筆(1),泡泡龍
cmsxqa31b000p04l4e1nyxjz4,快樂潛水伕,1,DOS,DOS,DOS,,cdg-4571,cdg-4571,,,
cmtzt4hus00050agmlmaw7fmh,性感女劍士Revolution,1,,WII,,WII,VOL.181,索引:性感女劍士revolution,,,
cmtzt5bff000a0agm5ho8wdr4,怪談餐館 毛骨悚然菜單100選,1,,NDS,,NDS,VOL.333,索引:怪談餐館毛骨悚然菜單100選,,,
cmtpk6hcj018y04jvyqljdaye,恐龍世紀,3,DOS,DOS,DOS,,cdg-1750,cdg-1750,,,
cmtpl78al08pw04jvsgj46m9k,恐龍動物園,2,DOS,DOS,DOS,,cdg-1751,cdg-1751,,,
cmtplsx1i0e0304jvzgjh3kf0,恐龍危機,1,WIN,WIN,WIN,,cdg-1752,cdg-1752,,,
cmtpn2nxh00hy04l6ellz4ibc,恐龍危機2,1,WIN,WIN,WIN,,cdg-1753,cdg-1753,,,
cmtpletif0aoj04jv3h8y3gmu,恐龍獵人,2,,PS3、X360,,PS3、X360,VOL.185,索引:恐龍獵人,,,
cmtple54a0aa704jv68972pff,恰哥與肥佬,3,WIN,WIN,WIN,,cdg-1764,cdg-1764,,,
cmtpkfbs7026204jvrltl61uj,悲戀湖殺人事件,1,DOS,DOS,DOS,,cdg-1766,cdg-1766,,,
cmtxe41r400030agmfjhkexua,惡霸魯尼,1,,PS2、X360,,PS2、X360,VOL.193,索引:惡霸魯尼,,,
cmtpl2bh007ex04jvgjvhl60x,惡靈古堡,2,WIN,WIN,WIN,,cdg-1774,cdg-1774,,,
cmtxz1r7j00lw04lajst5uyb9,惡靈古堡 2,1,WIN,WIN,WIN,,cdg-1775,cdg-1775,,,
cmtplv1cg0eel04jvsdx9ol8r,惡靈古堡 3,1,WIN,WIN,WIN,,cdg-1776,cdg-1776,,,
cmu097p9e000g0agmrmuq51pl,惡靈古堡 CHRONICLES HD精選集,1,,PS3,,PS3,VOL.379,索引:惡靈古堡chronicleshd精選集,,,
cmtzt574i00d50agmhsspzs8c,惡靈古堡 THE MERCENARIES 3D,3,,3DS,,3DS,VOL.332 VOL.335 VOL.338 VOL.339 VOL.340,索引:惡靈古堡themercenaries3d,,,
cmtzt57b600d90agmzpmzdhyv,惡靈古堡 復甦精選,1,,PS3、X360,,PS3、X360,VOL.332,索引:惡靈古堡復甦精選,,,
cmtzt5c7s000n0agmx35x1k9g,惡靈古堡 浣熊市行動,2,,PS3、X360,,PS3、X360,VOL.333 VOL.335 VOL.343 VOL.364 VOL.368 VOL.380 VOL.385,索引:惡靈古堡浣熊市行動,,,
cmu097lyf003404l7q0ycbj3i,惡靈古堡 真相,1,,3DS,,3DS,VOL.343 VOL.360 VOL.362 VOL.366 VOL.368 VOL.370,索引:惡靈古堡真相,,,
cmtztm0g8002i0agmau1o83a2,惡靈古堡 真相 UNVEILED EDITION,1,,WIIU、PS3、X360,,WIIU、PS3、X360,VOL.421,索引:惡靈古堡真相unveilededition,,,
cmtxe43hg004p0agmr4g79kjt,惡靈古堡0,1,,WII,,WII,VOL.184,索引:惡靈古堡0,,,
cmtzt624300e50agm7r6ncq9w,惡靈古堡6,3,,PS3、X360,,PS3、X360,VOL.385 VOL.398 VOL.400 VOL.407 VOL.412 VOL.416,索引:惡靈古堡6,,,
cmtzt57i300de0agmurtcb7o5,惡魔求生者2,3,,NDS,,NDS,VOL.332 VOL.338 VOL.343,索引:惡魔求生者2,,,
cmtzt5ulo00a40agm6m0qpmpd,惡魔獵人 HD收藏集,1,,PS3、X360,,PS3、X360,VOL.362 VOL.379,索引:惡魔獵人hd收藏集,,,
cmtzt4hl500000agmfb6nrv2h,惡魔獵人4,1,,PS3、X360,,PS3、X360,VOL.181,索引:惡魔獵人4,,,
cmstskppu000i04l5e3e2bxbh,惡魔禁地,6,,DOS,DOS,,cdg-1783,cdg-1783,,來源同時給了別筆(1),Veil of Darkness
cmtpnqf8k050m04l6ga7a3zgj,想君 秋之回憶,1,,WIN,WIN,,cdg-1422,cdg-1422,,靠別名對上,
cmsxqa2y0000104l4j0i0bhvy,意亂情迷,1,DOS,DOS,DOS,,cdg-4741,cdg-4741,,,
cmt9n2o92000r04jmilciowin,意外的訪客,5,DOS,DOS,DOS,,cdg-4602,cdg-4602,,,
cmtpl2beh07e304jvmh669i9r,愛琴日記,1,DOS,DOS,DOS,,cdg-1787,cdg-1787,,,
cmtpnv0mr062d04l67zwqriz6,愛神餐館MAX,1,WIN,WIN,WIN,,cdg-4863,cdg-4863,,,
cmtztltwo00000agm71gl7rrd,愛麗絲夢遊紅心國 週年紀念版 ～Wonderful Wonder World～,1,,PSP,,PSP,VOL.336,索引:愛麗絲夢遊紅心國週年紀念版wonderfulwonderworld,,,
cmtzt5gm600330agm5fzz961z,愛麗絲驚魂記：瘋狂再臨,1,,PS3、X360,,PS3、X360,VOL.338,索引:愛麗絲驚魂記瘋狂再臨,,,
cmtpnlw2g04ak04l68ixe2ob2,慾空間,1,WIN,WIN,WIN,,cdg-1795,cdg-1795,,,
cmtpl0fib06uz04jv0zrpe49w,戀愛物語,4,WIN,WIN,WIN,,cdg-1802,cdg-1802,,,
cmtpll9ao0c7k04jv8xak4j3m,戀愛物語 2,1,WIN,WIN,WIN,,cdg-1804,cdg-1804,,,
cmtpkvt7f05og04jvdqq0dhgh,戀愛白皮書,1,DOS,DOS,DOS,,cdg-1805,cdg-1805,,,
cmtpkgvnk02l804jvsrrhogdb,戀愛試驗場,1,DOS,DOS,DOS,,cdg-1806,cdg-1806,,,
cmtpnofec04m304l6ncrddlxo,戀愛遊戲製作大師2,1,WIN,WIN,WIN,,cdg-4858,cdg-4858,,,
cmtzt50wo00a10agm7r0g6zqf,戀曲寫真,3,,PSP,,PSP,VOL.328 VOL.332 VOL.333 VOL.336 VOL.340 VOL.348 VOL.366,索引:戀曲寫真,,,
cmtzt654100fp0agmtoymtm1z,戀曲寫真 Kiss,2,,PSV,,PSV,VOL.414 VOL.423,索引:戀曲寫真kiss,,,
cmtb7senv000j04lar55hbedf,成吉思汗,3,,DOS,DOS,,cdg-3465,cdg-3465,,靠別名對上,
cmtpkxdn0063204jv2lzwjbwg,戰國,1,DOS,DOS,DOS,,cdg-4137,cdg-4137,,,
cmtzt552p00c30agmx8nycqu4,戰國婆娑羅 歷戰英雄,3,,PSP,,PSP,VOL.331 VOL.334 VOL.339 VOL.343 VOL.346 VOL.348,索引:戰國婆娑羅歷戰英雄,,,
cmtzt5p03006y0agm5nw3vot5,戰國婆娑羅3 宴,2,,WII、PS3,,WII、PS3,VOL.346 VOL.360 VOL.361 VOL.362 VOL.363 VOL.364,索引:戰國婆娑羅3宴,,,
cmtzt4s0w005i0agmz3tmjfyp,戰國無雙 編年史,1,,3DS,,3DS,VOL.321 VOL.324 VOL.327 VOL.328 VOL.331,索引:戰國無雙編年史,,,
cmtzt4pz5004f0agmbg9l0uql,戰國無雙3 Z,1,,PS3,,PS3,VOL.317 VOL.324 VOL.326 VOL.332,索引:戰國無雙3z,,,
cmta16l2l002604jwp8f080z6,戰國策,1,DOS,DOS,DOS,,cdg-3371,cdg-3371,,,
cmtplv11r0ecc04jvb8m5ghw5,戰國策2,1,,WIN,WIN,,cdg-3372,cdg-3372,,靠別名對上,
cmtplfe850att04jvnwid1z3o,戰國美少女 斬斷雲空,1,WIN,WIN,WIN,,cdg-3373,cdg-3373,,,
cmtplgzut0b8004jv319e6ctz,戰國風雲,1,WIN,WIN,WIN,,cdg-4877,cdg-4877,,,
cmtpn8s8e01qq04l672vupzuo,戰地風雲1942,2,WIN,WIN,WIN,,cdg-3381,cdg-3381,,,
cmtzt5vh300aj0agm81o1jvkz,戰地風雲3,2,,PS3、X360,,PS3、X360,VOL.362 VOL.363,索引:戰地風雲3,,,
cmtxe41uh000k0agm1luh20l0,戰場女武神,2,,PS3,,PS3,VOL.184 VOL.193,索引:戰場女武神,,,
cmtzt4rmm00590agmddcclwy3,戰場女武神3,4,,PSP,,PSP,VOL.321 VOL.324 VOL.326 VOL.327,索引:戰場女武神3,,,
cmta8xkzz003904l626xtjte4,戰斧,1,,DOS,DOS,,cdg-4677 cdg-3391,cdg-4677 cdg-3391,,靠別名對上、對到多個來源條目,
cmtpknfea03gs04jvs43sfv9r,戰棋,2,DOS,DOS,DOS,,cdg-3392,cdg-3392,,,
cmtzt69iy00i30agm5lpp0c8c,戰爭機器：審判,1,,X360,,X360,VOL.421 VOL.425,索引:戰爭機器審判,,,
cmt9rt6je001c04js2srk60mo,戰爭風雲錄：中東戰爭,3,,DOS,DOS,,cdg-4609,cdg-4609,,來源同時給了別筆(1),Conflict: Middle East
cmt9rt6iy001904js1sbpysf6,戰爭風雲錄：韓戰,2,,DOS,DOS,,cdg-4022,cdg-4022,,來源同時給了別筆(1),Conflict: Korea
cmtplth7e0e3304jv80yreyj7,戰狗,1,,DOS,DOS,,cdg-4114,cdg-4114,,來源同時給了別筆(1),危城爭霸 戰狗
cmu097php000k0agmlr55zf3p,戰略紙牌,1,,3DS,,3DS,VOL.379 VOL.385,索引:戰略紙牌,,,
cmtplcvu70a3304jv9adlhv6c,戰神紀事,1,DOS、WIN,DOS、WIN,DOS、WIN,,cdg-3406,cdg-3406,,,
cmswq0td6007a04l6afucjlv1,戰鬥轟炸機,3,DOS,DOS,DOS,,cdg-4569,cdg-4569,,,
cmtztlnpk005d04l5hwokrvm3,戰鬥陀螺 鋼鐵戰魂 絕頂對決！大霹靂盃陀螺戰士全球大賽,1,,NDS,,NDS,VOL.316,索引:戰鬥陀螺鋼鐵戰魂絕頂對決大霹靂盃陀螺戰士全球大賽,,,
cmtzt4xqg008e0agmff6raejr,戰鼓啪打碰3,2,,PSP,,PSP,VOL.324 VOL.327 VOL.331 VOL.334 VOL.335 VOL.336,索引:戰鼓啪打碰3,,,
cmtxe4320002h04jl1rkndy37,戲劇性迷宮 櫻花大戰 ～因為有你～,1,,NDS,,NDS,VOL.185,索引:戲劇性迷宮櫻花大戰因為有你,,,
cmtztlo9e005t04l5tdqu6kg5,技術評論社監修 基本情報技術者DS,1,,NDS,,NDS,VOL.317,索引:技術評論社監修基本情報技術者ds,,,
cmswprlgr002s04l61sy524bz,拂曉攻擊,1,DOS,DOS,DOS,,cdg-3034,cdg-3034,,,
cmsybi8a9000d04l291em15xc,拯救地球,5,,DOS,DOS,,cdg-3994,cdg-3994,,來源同時給了別筆(1),Buck Rogers: Countdown to Doomsday
cmt8znyp7000p04jycwc2f8j6,拯救鯨魚王,3,DOS,DOS,DOS,,cdg-4601,cdg-4601,,,
cmta8xkzd003104l6c8qd9tha,拱豬,1,,DOS,DOS,,cdg-3038 cdg-3037,cdg-3038 cdg-3037,,靠別名對上、對到多個來源條目,
cmsx2unat000104ldum0408tn,拼碰盤,1,DOS,DOS,DOS,,cdg-4735,cdg-4735,,,
cmtb7selp000b04lacxyeot6l,拿破崙,3,DOS,DOS,DOS,,cdg-3042,cdg-3042,,,
cmta8xkyt002v04l62ep5rko9,挑戰極速,1,,DOS,DOS,,cdg-3044,cdg-3044,,來源同時給了別筆(1),Mario Andretti's Racing Challenge
cmtpkg3g902g004jvxswx48pv,捍衛江山,3,DOS,DOS,DOS,,cdg-4656,cdg-4656,,,
cmt1mvabr005n04ju49e3afcr,捍衛雄鷹3.0,8,,DOS,DOS,,cdg-3048,cdg-3048,,來源同時給了別筆(1),FALCON 3.0
cmtpktg79053h04jvcvg6ox8a,排球原人,2,DOS,DOS,DOS,,cdg-4051,cdg-4051,,,
cmtpkgvh902jv04jv6tl0ehq7,推銷之王,1,,DOS,DOS,,cdg-3785,cdg-3785,,靠別名對上、來源同時給了別筆(1),魔鬼推銷員
cmtplrmls0dpi04jvxbcqo06i,搶救貧窮大作戰,1,WIN,WIN,WIN,,cdg-5184,cdg-5184,,,
cmtpl8p3e093l04jv5go9myma,摩天大樓,1,,WIN,WIN,,cdg-3181,cdg-3181,,靠別名對上、來源同時給了別筆(1),模擬大樓
cmsvoibjb000104jpnaf2fos3,摩登原始人趣味大對抗,1,DOS,DOS,DOS,,cdg-4566,cdg-4566,,,
cmtplq3jx0dc404jvpxhlllpi,撒旦之城,1,WIN,WIN,WIN,,cdg-5396,cdg-5396,,,
cmta1ag64004i04jwacmwlccy,撞球補習班,2,DOS,DOS,DOS,,cdg-3938,cdg-3938,,,
cmsylwgw5006b04jisjphli17,撥雲見日,1,DOS,DOS,DOS,,cdg-4576,cdg-4576,,,
cmsxqa30i000h04l4rmtt2js9,撲克萬花筒,1,DOS,DOS,DOS,,cdg-3063,cdg-3063,,,
cmtplmm6w0ck004jvlbxd75jj,撼天神塔 4～長眠之塔,1,,WIN,WIN,,cdg-1799,cdg-1799,,靠別名對上,
cmtztlux2000e0agm1ugk1uvs,擬真殺人遊戲 第1卷,1,,PSP,,PSP,VOL.340,索引:擬真殺人遊戲第1卷,,,
cmtxe430s002804jl0kihspjr,改造大冒險 機動器對戰錦標賽,1,,PSP,,PSP,VOL.185,索引:改造大冒險機動器對戰錦標賽,,,
cmt8znynv000j04jyp9fknbuv,攻佔比佛利山莊,2,DOS,DOS,DOS,,cdg-4600,cdg-4600,,,
cmtplshk50duq04jv7qfr4jh9,救世傳說,1,WIN,WIN,WIN,,cdg-5389,cdg-5389,,,
cmtpkcbgu01iy04jvadx3r54g,救世聖主,2,,DOS,DOS,,cdg-4642,cdg-4642,,來源同時給了別筆(1),SHADOW CASTER
cmtpltyks0e7204jv2bkch09t,敦煌：大漠傳奇,1,WIN,WIN,WIN,,cdg-2294,cdg-2294,,,
cmtztlqnr006x04l5rwn9pml5,數獨+3 ～nikoli益智集錦～,1,,3DS,,3DS,VOL.329,索引:數獨3nikoli益智集錦,,,
cmtd0z9tk001c04l6cttw3bx1,文明,2,,DOS,DOS,,cdg-2303,cdg-2303,,靠別名對上、來源同時給了別筆(1),文明帝國 / 文明霸業
cmtplp0gz0d4t04jvfqhutxef,文明帝國,1,,DOS,DOS,,cdg-2303,cdg-2303,,來源同時給了別筆(1),文明 / 文明霸業
cmtzs9utk000y0agm0ahe9pet,文明帝國3,1,WIN,WIN,WIN,,cdg-2305,cdg-2305,,,
cmt9n2oc3001e04jmjj2zffuq,文明霸業,5,,DOS,DOS,,cdg-2303,cdg-2303,,靠別名對上、來源同時給了別筆(1),文明 / 文明帝國
cmtzt5z6t00cm0agm561psay3,新・光神話,3,,3DS,,3DS,VOL.360 VOL.362 VOL.363 VOL.366 VOL.368 VOL.370 VOL.378 VOL.379 VOL.380 VOL.381 VOL.385,索引:新光神話,,,
cmtplkk5t0c1804jvnvorexec,新三國演義99,1,WIN,WIN,WIN,,cdg-2314,cdg-2314,,,
cmtpkwmk405w504jvp9m0r7fy,新世界爭霸戰,1,DOS,DOS,DOS,,cdg-5407,cdg-5407,,,
cmtpkqej604bf04jvyv0kvbuc,新世紀興亡史,1,DOS,DOS,DOS,,cdg-2318,cdg-2318,,,
cmtplxmnh0f0304jvsny04cud,新仙劍奇俠傳,4,WIN,WIN,WIN,,cdg-2319,cdg-2319,,,
cmsregzy9000q04iebcxufcdj,新倚天屠龍記,4,WIN,WIN,WIN,,cdg-2322,cdg-2322,,,
cmtplq3jn0dc104jvxpb9ax2y,新天使帝國,1,WIN,WIN,WIN,,cdg-2328,cdg-2328,,,
cmtpnrstr05ex04l60y8r9tht,新幻想空間,1,DOS,DOS,DOS,,cdg-2333,cdg-2333,,,
cmtpn11kk004y04l661gx33pi,新無敵炸彈超人,2,WIN,WIN,WIN,,cdg-2338,cdg-2338,,,
cmtpksrkf04xz04jvyxm3zlg8,新狼人摩天樓,1,DOS,DOS,DOS,,cdg-2340,cdg-2340,,,
cmtpn6pb8017w04l69m89kzlb,新神奇傳說3,2,WIN,WIN,WIN,,cdg-2341,cdg-2341,,,
cmss8fscg008l04jslebbs0pf,新絕代雙驕,7,WIN,WIN,WIN,,cdg-2345,cdg-2345,,,
cmtpn56g200y104l6jtysp0bc,新絕代雙驕3,5,WIN,WIN,WIN,,cdg-2347,cdg-2347,,,
cmt9rt6ag000804jsvla4fnxw,新英雄傳奇I,2,,DOS,DOS,,cdg-4607,cdg-4607,,靠別名對上,
cmsreh08y004j04iepiyqm3fu,新英雄傳說,2,WIN,WIN,WIN,,cdg-2354,cdg-2354,,,
cmtpkpmkk045u04jvov62w5o5,新蜀山劍俠,6,DOS,DOS,DOS,,cdg-2357,cdg-2357,,,
cmtpnd7o702jp04l6ip43noww,新西遊記,3,,WIN,WIN,,cdg-0588,cdg-0588,,靠別名對上、來源同時給了別筆(1),幻想西遊記
cmtzt62i400ee0agmvbjjithz,新超級瑪利歐兄弟2,1,,3DS,,3DS,VOL.398,索引:新超級瑪利歐兄弟2,,,
cmtpki0h902xu04jvbhhszdk0,新超級運動員,3,DOS,DOS,DOS,,cdg-2359,cdg-2359,,,
cmtplhm6e0bav04jvvycenghf,新龍門客棧,4,WIN,WIN,WIN,,cdg-2364,cdg-2364,,,
cmtplrmmc0dpo04jvtp2tryol,斷劍傳說～聖戒風雲,1,WIN,WIN,WIN,,cdg-4391,cdg-4391,,,
cmtb7sera001704laehsdcqw5,方塊ABC,1,DOS,DOS,DOS,,cdg-3979,cdg-3979,,,
cmta1ag3b004004jwcvl1z492,方塊奧運,2,DOS,DOS,DOS,,cdg-2366,cdg-2366,,,
cmswq0tj8008t04l6bpyb8ny5,方程式機車賽,1,,DOS,DOS,,cdg-2368,cdg-2368,,來源同時給了別筆(1),方程式賽車
cmswqdmg800dw04l6omtm0ve2,方程式賽車,1,,DOS,DOS,,cdg-0080 cdg-2368,cdg-0080 cdg-2368,,靠別名對上、對到多個來源條目、來源同時給了別筆(2),GP大賽車 / 方程式機車賽
cmtpki0ap02vy04jv8ygf7um6,昆蟲大戰,1,DOS,DOS,DOS,,cdg-2375,cdg-2375,,,
cmtpkhkod02qy04jvnhvjnzyn,明日之星,2,DOS,DOS,DOS,,cdg-2378,cdg-2378,,,
cmu097n3g003m04l73ekiqm6y,明日之星 未來計畫,1,,3DS,,3DS,VOL.365 VOL.368 VOL.378,索引:明日之星未來計畫,,,
cmtplfdxz0aqy04jvrisx0w7u,明星之夢,4,WIN,WIN,WIN,,cdg-2382,cdg-2382,,,
cmtpkhko002qu04jvho3ccqle,明星志願,4,DOS,DOS,DOS,,cdg-2386,cdg-2386,,,
cmss8fsd3008q04js0n6vgkji,明星志願2,4,WIN,WIN,WIN,,cdg-2387,cdg-2387,,,
cmtpnwwzg06iq04l6dhu44m8l,明星志願3,7,WIN,WIN,WIN,,cdg-2389,cdg-2389,,,
cmsvpx5h7002y04ldtb3cuodn,明星撲克,1,DOS,DOS,DOS,,cdg-2392,cdg-2392,,,
cmta1agid006i04jwaf65gsko,明星職棒,2,DOS,DOS,DOS,,cdg-2393,cdg-2393,,,
cmtpnp2im04r004l6i74639vu,明星賭城,1,WIN,WIN,WIN,,cdg-2395,cdg-2395,,,
cmtpki0e702wt04jvrztm9w4q,星世紀戰將,1,DOS,DOS,DOS,,cdg-3921,cdg-3921,,,
cmtpkgvem02ja04jvtkzji83u,星城：綠洲計劃,2,,DOS,DOS,,cdg-2398,cdg-2398,,靠別名對上,
cmtzt5ppt007e0agm9mbtuvst,星戰火狐64 3D,1,,3DS,,3DS,VOL.339 VOL.346,索引:星戰火狐643d,,,
cmtplab1f09fu04jvncyq7fly,星月奇緣,1,DOS,DOS,DOS,,cdg-2401,cdg-2401,,,
cmtpl639h08ct04jvw6fe96sf,星海爭霸,8,WIN,WIN,WIN,,cdg-2404,cdg-2404,,,
cmtdmiika000m04l4tyan17tq,星艦迷航記,1,,DOS、WIN,DOS、WIN,,cdg-2417 cdg-2427,cdg-2417 cdg-2427,,靠別名對上、對到多個來源條目、來源同時給了別筆(1),Star Trek-25th Anniversary
cmtxe41rr00050agmrbqokvyl,星艦迷航記：征服,1,,PS2,,PS2,VOL.193,索引:星艦迷航記征服,,,
cmtxe41s100060agmkmufz23t,星艦迷航記：遺產,1,,X360,,X360,VOL.193,索引:星艦迷航記遺產,,,
cmtpkolbt03uw04jvkjqunc4j,星際大亨,1,WIN,WIN,WIN,,cdg-2408,cdg-2408,,,
cmsve5jgm001p04kz21df5569,星際大戰,1,,DOS,DOS,,cdg-5046,cdg-5046,,靠別名對上,
cmta8xkxy002l04l6ljt0cc48,星際密探,1,DOS,DOS,DOS,,cdg-2414,cdg-2414,,,
cmsvn87bu004604l8hrri8lui,星際征服者,2,DOS,DOS,DOS,,cdg-4714,cdg-4714,,,
cmswqdmbk00cr04l665gv8400,星際突擊隊,1,DOS,DOS,DOS,,cdg-4690,cdg-4690,,,
cmt8znyya002d04jy0wsqxyon,春秋爭霸傳,2,DOS,DOS,DOS,,cdg-2440,cdg-2440,,,
cmtplp0b20d3f04jvhmutg4r0,春秋英雄傳,1,WIN,WIN,WIN,,cdg-2442,cdg-2442,,,
cmtpnp2js04rb04l6jmgnu3ej,時光的羈絆,2,,WIN,WIN,,cdg-4855,cdg-4855,,來源同時給了別筆(1),EVER17
cmsvn61oz000f04l8ndgy9cie,時空大盜,1,DOS,DOS,DOS,,cdg-4710,cdg-4710,,,
cmtplasl509ng04jvmuvvut8b,時空戀人,1,WIN,WIN,WIN,,cdg-5148,cdg-5148,,,
cmsu91jhx000v04l5n3ibf19f,時空戰士,5,,DOS,DOS,,cdg-2447,cdg-2447,,靠別名對上,
cmtpko62u03n804jvkizqcdjv,時空特勤組,1,DOS,DOS,DOS,,cdg-3900,cdg-3900,,,
cmsreh04s002q04iev042zo0s,時空英豪,1,WIN,WIN,WIN,,cdg-2449,cdg-2449,,,
cmtpn1wcz00ay04l6dhythpym,時空魔域,2,WIN,WIN,WIN,,cdg-2450,cdg-2450,,,
cmtzt5zjt00cu0agmptvkbhe6,時與永遠,2,,PS3,,PS3,VOL.380 VOL.398 VOL.407,索引:時與永遠,,,
cmtplpi490d8904jvjg57kre5,時間之輪,1,WIN,WIN,WIN,,cdg-5110,cdg-5110,,,
cmtpkfbzj027l04jvahod0bz5,智聖鮮師,1,DOS,DOS,DOS,,cdg-3932,cdg-3932,,,
cmtpki0ic02y504jvnobrxpsd,暗棋侏羅紀,1,,DOS,DOS,,cdg-2459,cdg-2459,,靠別名對上,
cmtpki0d302wn04jvsb44ylf5,暗棋聖手,2,DOS,DOS,DOS,,cdg-2461,cdg-2461,,,
cmt9rt6ej000j04jsmqtrsa2i,暗黑傳說,4,DOS,DOS,DOS,,cdg-4605,cdg-4605,,,
cmss8fsb4008904jsavn1mi45,暗黑秘石,2,WIN,WIN,WIN,,cdg-2468,cdg-2468,,,
cmtxe423i00230agm4yhp6not,暮蟬鳴泣時之羈絆 第一卷・崇,1,,NDS,,NDS,VOL.193,索引:暮蟬鳴泣時之羈絆第一卷崇,,,
cmtpn6pms01ae04l6avvp8t45,最初幻想,1,WIN,WIN,WIN,,cdg-5141,cdg-5141,,,
cmtzt61ap00dp0agmp6sf9gf2,最後一戰4,1,,X360,,X360,VOL.385 VOL.407 VOL.412,索引:最後一戰4,,,
cmsvoibop000y04jpydj4d3sx,最後挑戰,1,DOS,DOS,DOS,,cdg-4699,cdg-4699,,,
cmta8xkxa002d04l6gbpqyj37,最後武力,2,DOS,DOS,DOS,,cdg-2476,cdg-2476,,,
cmsvo5yn3001v04l8la7wh8ku,最後的忍者,1,DOS,DOS,DOS,,cdg-3939,cdg-3939,,,
cmtzt4nad002w0agmo3lq1i8e,最後約定的故事,3,,PSP,,PSP,VOL.317 VOL.321 VOL.326 VOL.327 VOL.334 VOL.336 VOL.337,索引:最後約定的故事,,,
cmsvn61zp002y04l8dl9a46zo,未來之魔法,4,DOS,DOS,DOS,,cdg-3993,cdg-3993,,,
cmsxqa2yx000504l4hurxyvnq,未來戰爭,2,,DOS,DOS,,cdg-4240,cdg-4240,,靠別名對上,
cmu097u8n00320agmyajyuqle,未來日記 第13個日記主人 RE:WRITE,1,,PSP,,PSP,VOL.369,索引:未來日記第13個日記主人rewrite,,,
cmtzt61xu00e00agmzrctk7tb,末世騎士II,1,,PS3、X360,,PS3、X360,VOL.398,索引:末世騎士ii,,,
cmtpkerd6023t04jv360nf2cp,末日寶典,1,DOS,DOS,DOS,,cdg-3070,cdg-3070,,,
cmtpl3ltb07o504jv49p6l0x0,杏林也瘋狂,2,DOS、WIN,DOS、WIN,DOS、WIN,,cdg-3078,cdg-3078,,,
cmtxe41wb000w0agm0frdjv1y,東京魔人學園劍風帖,1,,NDS,,NDS,VOL.193,索引:東京魔人學園劍風帖,,,
cmtztlr0y007604l5ctugy3z3,東大將棋 名人戰道場DS,1,,NDS,,NDS,VOL.330,索引:東大將棋名人戰道場ds,,,
cmtplnxkd0cvb04jvk3nsc7bb,東方幻想戰記,2,WIN,WIN,WIN,,cdg-3083,cdg-3083,,,
cmu097of900050agmlv22vws9,柏青哥天堂3D 大海物語2 ～柏青哥風雲錄・花 希望與背叛的校園生活,1,,3DS,,3DS,VOL.378,索引:柏青哥天堂3d大海物語2柏青哥風雲錄花希望與背叛的校園生活,,,
cmtzt660i00g60agm8pf9glbc,柏青哥天堂3D 豪華海物語 ～職業柏青哥風雲錄・花 孤島上的賭徒們～,2,,3DS,,3DS,VOL.414 VOL.420,索引:柏青哥天堂3d豪華海物語職業柏青哥風雲錄花孤島上的賭徒們,,,
cmtpnwf1u06hh04l6exr2d8lt,校園戀愛大戰,2,WIN,WIN,WIN,,cdg-3089,cdg-3089,,,
cmsx2w9cr005y04ldhwnw8tjh,核戰狂人夢,3,,DOS,DOS,,cdg-3860,cdg-3860,,來源同時給了別筆(1),Nuclear War
cmtpl4d4l07x804jvdciznu4r,格殺令,1,DOS,DOS,DOS,,cdg-3858,cdg-3858,,,
cmtpkol7v03ti04jv9r4gmc6a,格鬥悍將,2,DOS,DOS,DOS,,cdg-3093,cdg-3093,,,
cmtpkecco01z804jvormaux2s,格鬥拳王,2,DOS,DOS,DOS,,cdg-3094,cdg-3094,,,
cmtzt4u1v006k0agmqxbvx25t,桃太郎電鐵 世界篇,1,,NDS,,NDS,VOL.324,索引:桃太郎電鐵世界篇,,,
cmsybv6po00cx04l2z60px9xv,梅杜莎指環,4,,DOS,DOS,,cdg-4006,cdg-4006,,來源同時給了別筆(1),Rings of Medusa
cmsybi8eg001404l24x5ejp2t,楚漢之爭,4,DOS,DOS,DOS,,cdg-3106,cdg-3106,,,
cmt9n4wl7005o04jm805h4fgq,楚漢之爭2,2,,DOS,DOS,,cdg-3107,cdg-3107,,靠別名對上、來源同時給了別筆(1),楚漢之爭2—赤龍反撲
cmt9n7myw009w04jm14hy9zco,楚漢之爭2—赤龍反撲,2,,DOS,DOS,,cdg-3107,cdg-3107,,來源同時給了別筆(1),楚漢之爭2
cmtpknfin03ht04jvk9p65h7s,楚留香傳奇,3,,DOS,DOS,,cdg-3108,cdg-3108,,靠別名對上,
cmtplycww0f6004jvmxj2kc7a,楚留香新傳,5,WIN,WIN,WIN,,cdg-3109,cdg-3109,,,
cmsybel4u003e04jvf1hpzlce,極光勇士,3,,DOS,DOS,,cdg-4744,cdg-4744,,來源同時給了別筆(1),STARBLADE
cmtxe43fj00490agmkzimsjny,極度黑暗,1,,PS3,,PS3,VOL.184,索引:極度黑暗,,,
cmtztlmmu004o04l5c9u73781,極速快感：職業街頭,1,,PS2、WII,,PS2、WII,VOL.181,索引:極速快感職業街頭,,,
cmtxyrbpm00wd04kw38ftjb9z,極速賽車,2,DOS,DOS,DOS,,cdg-2189,cdg-2189,,,
cmtpkdgp201so04jvzw2gsnr3,極道梟雄,5,,DOS,DOS,,cdg-4241,cdg-4241,,來源同時給了別筆(1),SYNDICATE / 極道梟雄資料片—美洲風暴
cmtpkfr8k02bc04jvdzr4mpwb,極道梟雄資料片—美洲風暴,1,,DOS,DOS,,cdg-4241,cdg-4241,,靠別名對上、來源同時給了別筆(1),SYNDICATE / 極道梟雄
cmtzt4zt3009f0agmuwd4285r,極限混亂,3,,PS3、X360,,PS3、X360,VOL.328 VOL.339 VOL.380 VOL.385,索引:極限混亂,,,
cmsybokci008504l2ehksh3eg,槍林彈雨,2,DOS,DOS,DOS,,cdg-3158,cdg-3158,,,
cmtpkk60e032204jv6591bn5n,槍神,2,DOS,DOS,DOS,,cdg-3160,cdg-3160,,,
cmtxe41z0001e0agmcx19og3v,樂園密碼,1,,NDS,,NDS,VOL.193,索引:樂園密碼,,,
cmtplnxnp0cw804jvxxcllvra,樂高鐵路大亨,1,WIN,WIN,WIN,,cdg-3165,cdg-3165,,,
cmtpkgvfy02jl04jv6cks6gjg,模擬動物園,2,DOS,DOS,DOS,,cdg-3173,cdg-3173,,,
cmt9n7ncw00de04jmj53s8fxn,模擬台北,1,DOS,DOS,DOS,,cdg-3174,cdg-3174,,,
cmtb4t99t001d04l7q2852eva,模擬地球,1,DOS,DOS,DOS,,cdg-4242,cdg-4242,,,
cmsvpx56x000504ldpysay0t8,模擬城市,7,,DOS,DOS,,cdg-3175,cdg-3175,,來源同時給了別筆(1),SIM CITY / SimCity
cmtpkd3s701no04jv7n6a7ytu,模擬城市2000,1,DOS,DOS,DOS,,cdg-3176,cdg-3176,,,
cmtpl6v4o08kc04jvfihuvke0,模擬城市3000,3,WIN,WIN,WIN,,cdg-3177,cdg-3177,,,
cmtpkol6j03t304jvdypqahcb,模擬大樓,1,,WIN,WIN,,cdg-3181,cdg-3181,,來源同時給了別筆(1),摩天大樓
cmtpker76022004jvi8xiheo2,模擬師父,2,DOS,DOS,DOS,,cdg-4774,cdg-4774,,,
cmtpksrio04xj04jv4kbtogdg,模擬總統大選,1,DOS,DOS,DOS,,cdg-3195,cdg-3195,,,
cmtxe41vu000t0agmd397crjq,模擬職棒,2,,NDS、IOS,,NDS、IOS,VOL.193 VOL.438,索引:模擬職棒,,,
cmtb4t94h000e04l75k78p6ve,模擬螞蟻,2,DOS,DOS,DOS,,cdg-3196,cdg-3196,,,
cmtzt4l2f001s0agmvqmfe8pc,模擬足球DS 世界挑戰賽2010,1,,NDS,,NDS,VOL.284,索引:模擬足球ds世界挑戰賽2010,,,
cmtpkdzbe01vp04jvdgca3i0w,模擬農場,1,DOS,DOS,DOS,,cdg-3197,cdg-3197,,,
cmtple5ci0aci04jvkjzn1b6e,模擬首都,2,DOS,DOS,DOS,,cdg-3210,cdg-3210,,,
cmta8mf53002p04jrehcuvod4,橋牌高手,3,,DOS,DOS,,cdg-4629,cdg-4629,,來源同時給了別筆(1),Bridge Master
cmt9n2of6002804jmjj9kir5c,橋藝大師,2,DOS,DOS,DOS,,cdg-3978,cdg-3978,,,
cmsvo5yg5001604l8c5b39kbn,機動戰士,1,DOS,DOS,DOS,,cdg-3866,cdg-3866,,,
cmtzumanm00030agmgrge7zsc,機動戰士鋼彈 基連的野望 阿克西斯的威脅,1,,PSP,,PSP,VOL.181,索引:機動戰士鋼彈基連的野望阿克西斯的威脅,,,
cmu097p0s000c0agmgj77lsg7,機動戰士鋼彈 戰鬥行動,1,,PS3,,PS3,VOL.379,索引:機動戰士鋼彈戰鬥行動,,,
cmtzumb1u000a0agmi7sya6t6,機動戰士鋼彈00,1,,NDS,,NDS,VOL.181,索引:機動戰士鋼彈00,,,
cmtzt5w4l00au0agmnhuc4yuu,機動戰士鋼彈UC,2,,PS3,,PS3,VOL.363 VOL.366 VOL.369 VOL.378 VOL.379,索引:機動戰士鋼彈uc,,,
cmsvoexm2005p04l8w810voho,機器戰警,4,DOS,DOS,DOS,,cdg-3214,cdg-3214,,,
cmtzumbi3000h0agmbt8mmzt3,機戰傭兵 for Answer,1,,PS3、X360,,PS3、X360,VOL.181,索引:機戰傭兵foranswer,,,
cmtzt51mr00ad0agmsdp32c5g,機戰傭兵V,3,,PS3、X360,,PS3、X360,VOL.326 VOL.329 VOL.334 VOL.338 VOL.346 VOL.369,索引:機戰傭兵v,,,
cmtpk5w5w015m04jvtnxy1t57,機甲之夢,2,DOS,DOS,DOS,,cdg-3217,cdg-3217,,,
cmtpljygw0bsv04jvhn6v0qb9,機甲帝國,1,WIN,WIN,WIN,,cdg-5111,cdg-5111,,,
cmtpkqehj04ax04jvjpwv8mut,機甲獵人,2,DOS,DOS,DOS,,cdg-4126,cdg-4126,,,
cmtpl0fmv06w004jvo082ug11,機甲雄風,1,,DOS,DOS,,cdg-3228,cdg-3228,,靠別名對上,
cmtpkg3am02eb04jvget0tni4,橫掃千軍,4,WIN,WIN,WIN,,cdg-3231,cdg-3231,,,
cmtpn1133000p04l6c9km0agl,櫻花大戰,8,WIN,WIN,WIN,,cdg-3238,cdg-3238,,,
cmu097qg6000y0agmcob0n66v,櫻花戰國Portable,1,,PSP,,PSP,VOL.379,索引:櫻花戰國portable,,,
cmtpky3jz06aa04jv0jqvr6ah,櫻花的季節,2,DOS,DOS,DOS,,cdg-3242,cdg-3242,,,
cmtpkecfl020304jvosxzwhuz,歌劇魅影,1,DOS,DOS,DOS,,cdg-5292,cdg-5292,,,
cmsvna24f009c04l8x4uvxs08,歐洲公路戰,1,DOS,DOS,DOS,,cdg-4000,cdg-4000,,,
cmtpkcbep01ie04jv4hm5ins0,歐洲空戰英雄,2,DOS,DOS,DOS,,cdg-4648,cdg-4648,,,
cmtplgzyx0b9604jvev5xjshy,歐洲空戰風雲,1,WIN,WIN,WIN,,cdg-5122,cdg-5122,,,
cmtpkerd1023s04jvgh3xpyhf,歐陸戰線,1,DOS,DOS,DOS,,cdg-3885,cdg-3885,,,
cmtplj01n0bo904jvtcxafk6k,歡樂中國暗棋,1,WIN,WIN,WIN,,cdg-3792,cdg-3792,,,
cmtpkxdk5062g04jv003regny,歡樂天使,2,DOS,DOS,DOS,,cdg-3797,cdg-3797,,,
cmtpki0ds02wr04jvz4eiuieq,歡樂幸福人,2,DOS,DOS,DOS,,cdg-3798,cdg-3798,,,
cmt1hzrzx000f04ldpeo7p7pr,歡樂滿點,2,DOS,DOS,DOS,,cdg-4594,cdg-4594,,,
cmswpvxcy004l04l6qkdop6vx,歡樂麻將,2,,DOS、WIN,DOS、WIN,,cdg-3807 cdg-3808,cdg-3807 cdg-3808,,靠別名對上、對到多個來源條目,
cmtpkd3uh01od04jvuchox2ku,正宗台灣十六張麻將,2,DOS,DOS,DOS,,cdg-0724,cdg-0724,,,
cmtpnd7mu02je04l623xtuza9,正宗麻將之雍正王朝,1,WIN,WIN,WIN,,cdg-0729,cdg-0729,,,
cmsvud7u9000q04l64hu4ot5e,步步殺機,4,,DOS,DOS,,cdg-4245,cdg-4245,,來源同時給了別筆(1),RICK DANGEROUS
cmtpnyya4070c04l6x7u0joos,武俠群英傳,2,WIN,WIN,WIN,,cdg-5144,cdg-5144,,,
cmtpo1sog07kv04l627t36sfj,武俠群英傳2,1,WIN,WIN,WIN,,cdg-5145,cdg-5145,,,
cmtplgrp50b1q04jvu5qbk6vi,武則天,1,WIN,WIN,WIN,,cdg-0732,cdg-0732,,,
cmswuudth000r04l414yq18mo,武士傳說,5,DOS,DOS,DOS,,cdg-4246,cdg-4246,,,
cmtplfzgg0avy04jvbyemy4so,武士魂之適者生存,1,WIN,WIN,WIN,,cdg-0736,cdg-0736,,,
cmtpkpmsk047n04jvun1jpibq,武姬神傳說,1,DOS,DOS,DOS,,cdg-0737,cdg-0737,,,
cmtpknflq03ie04jv22wb33zk,武將爭霸 2,1,,DOS,DOS,,cdg-0227,cdg-0227,,靠別名對上,
cmtpk43r200sx04jvu9foly3t,武林奇俠傳,1,DOS,DOS,DOS,,cdg-0738,cdg-0738,,,
cmsvoexsj007d04l8dq41apun,武林盟主,2,,WIN,WIN,,cdg-0739,cdg-0739,,靠別名對上,
cmtplvobm0eic04jvhtgqdblu,武林群俠傳,5,WIN,WIN,WIN,,cdg-0740,cdg-0740,,,
cmss8fs6x006704jsjej3peuh,武狀元蘇乞兒,1,WIN,WIN,WIN,,cdg-4325,cdg-4325,,,
cmtpn5x8s014104l6pm4xs32z,武田信玄,1,WIN,WIN,WIN,,cdg-0742,cdg-0742,,,
cmsvuqwr2000604le5i7rqfkm,武道館,2,DOS,DOS,DOS,,cdg-3914,cdg-3914,,,
cmtztlo1y005m04l5tbeu6uqu,歷史大戰 天下第一大混戰,1,,NDS,,NDS,VOL.317,索引:歷史大戰天下第一大混戰,,,
cmtpko65f03nr04jvqyv6bke1,歷險小精靈,1,,DOS,DOS,,cdg-0685,cdg-0685,,靠別名對上,
cmtztlsur008h04l54q4auvcd,死亡復甦2 非公開事件,1,,PS3、X360,,PS3、X360,VOL.335 VOL.343,索引:死亡復甦2非公開事件,,,
cmsyew086002a04l14umhidif,死亡潛航 II,2,,DOS,DOS,,cdg-4195,cdg-4195,,靠別名對上、來源同時給了別筆(1),Silent Service II / 死亡潛航II
cmt1hzs9l002s04ld75z9h3m5,死亡潛航II,1,,DOS,DOS,,cdg-4195,cdg-4195,,靠別名對上、來源同時給了別筆(1),Silent Service II / 死亡潛航 II
cmtpkg39t02e604jvtuc2jpoq,殖民帝國,4,DOS,DOS,DOS,,cdg-4249,cdg-4249,,,
cmtpkhkps02ra04jvxpeihel8,殖民計劃,4,DOS,DOS,DOS,,cdg-1317,cdg-1317,,,
cmtplq3lu0dcp04jvm09xbfhr,殖民計劃2,1,WIN,WIN,WIN,,cdg-1318,cdg-1318,,,
cmtzt4xjt008a0agmprv59i7n,殺戮地帶3,1,,PS3,,PS3,VOL.324 VOL.326 VOL.327 VOL.332,索引:殺戮地帶3,,,
cmtzt685g00h90agmldyyos4z,殺手不再,3,,PS3、X360,,PS3、X360,VOL.420 VOL.421 VOL.429,索引:殺手不再,,,
cmu097sen001u0agm36vibggi,殺手讚歌Portable,1,,PSP,,PSP,VOL.365,索引:殺手讚歌portable,,,
cmsvomi68003504jp9m0zufzn,毀天滅地,4,,DOS,DOS,,cdg-3865 cdg-5194,cdg-3865 cdg-5194,,靠別名對上、對到多個來源條目,
cmtplcvta0a2s04jvzx4wcpvj,毀滅天鏡,1,,DOS,DOS,,cdg-0918,cdg-0918,,靠別名對上,
cmsvpx58s000o04ldnqzmqbgs,毀滅戰士,5,,DOS,DOS,,cdg-1918 cdg-1919,cdg-1918 cdg-1919,,靠別名對上、對到多個來源條目、來源同時給了別筆(1),Obliterator
cmtpl4ddy07zp04jvyu9b55r8,毛利元就－誓いの三矢,2,,WIN,WIN,,cdg-4561,cdg-4561,,靠別名對上、名稱含假名,
cmsx2uneb000d04ldrw5m06zf,氙星異形I,1,,DOS,DOS,,cdg-3812,cdg-3812,,靠別名對上、來源同時給了別筆(1),XENON
cmsvpbm4p000v04jv17c9gvgu,水果盤,1,DOS,DOS,DOS,,cdg-0620,cdg-0620,,,
cmsvuqwox000104lepsmjptw7,水滸傳,21,,DOS、WIN,DOS、WIN,,cdg-3901 cdg-0624,cdg-3901 cdg-0624,,靠別名對上、對到多個來源條目、來源同時給了別筆(1),水滸傳之梁山好漢
cmtpl1ivx072z04jvea0qyli4,水滸傳 梁山英雄,2,DOS,DOS,DOS,,cdg-0623,cdg-0623,,,
cmtpl2ayl07a704jv10tfko6u,水滸傳之梁山好漢,1,,WIN,WIN,,cdg-0624,cdg-0624,,來源同時給了別筆(1),水滸傳
cmsvpx5bx001m04ld7fvxuts0,水管狂想曲,2,,DOS,DOS,,cdg-0627,cdg-0627,,來源同時給了別筆(1),Pipe Dream
cmtpn11a7002804l6ujszxydb,水靈仙子,2,WIN,WIN,WIN,,cdg-0628,cdg-0628,,,
cmtpn4g5500qu04l6moky5wr5,永恆之星,3,WIN,WIN,WIN,,cdg-0629,cdg-0629,,,
cmtpkkteh03bf04jvpvczszq1,永恆之門,1,DOS,DOS,DOS,,cdg-4153,cdg-4153,,,
cmtpk5dyt012d04jvivkpe0cv,永生不滅,2,DOS,DOS,DOS,,cdg-3995,cdg-3995,,,
cmtpletbc0amb04jvdw7nfpj7,永遠的伊蘇,1,WIN,WIN,WIN,,cdg-0630,cdg-0630,,,
cmtzt5ee2001w0agmmf2s6bha,永遠的毀滅公爵,1,,PS3、X360,,PS3、X360,VOL.336,索引:永遠的毀滅公爵,,,
cmtplr6p70dlv04jvy1o8cndx,求婚365日2,2,WIN,WIN,WIN,,cdg-1131,cdg-1131,,,
cmtplfzfl0avs04jv3lcqsga3,江南才子 唐伯虎,2,DOS,DOS,DOS,,cdg-1133,cdg-1133,,,
cmsreh05e003004ie9h4f0681,江湖,3,WIN,WIN,WIN,,cdg-1134,cdg-1134,,,
cmtpk4xfa00zt04jvpwrnv9j2,江湖外傳,1,DOS,DOS,DOS,,cdg-1136,cdg-1136,,,
cmtzt5t2500990agmtumrmb7p,江湖本色3,1,,PS3、X360,,PS3、X360,VOL.361 VOL.380,索引:江湖本色3,,,
cmtzt4m6y002c0agmvnkvqbga,決勝時刻：暗黑行動,2,,PS3、X360,,PS3、X360,VOL.316 VOL.317,索引:決勝時刻暗黑行動,,,
cmtzt5wux00b90agmg18jguhe,決勝時刻：現代戰爭3,2,,PS3、X360,,PS3、X360,VOL.343 VOL.362 VOL.363 VOL.365,索引:決勝時刻現代戰爭3,,,
cmtplokje0d1304jv23v19k85,決戰2051,1,,WIN,WIN,,cdg-4878,cdg-4878,,靠別名對上,
cmsybekla000504jv28mf278k,決戰中國象棋,2,DOS,DOS,DOS,,cdg-1147,cdg-1147,,,
cmtplet680alk04jv3vtqtwzb,決戰中國象棋 2,2,DOS,DOS,DOS,,cdg-1148,cdg-1148,,,
cmsybi8ft001g04l2rjqou8h2,決戰俄羅斯,2,DOS,DOS,DOS,,cdg-1149,cdg-1149,,,
cmtpki0ec02wu04jv32qye5at,決戰保齡球,1,DOS,DOS,DOS,,cdg-5242,cdg-5242,,,
cmtpksrr9050404jvvt5ch6to,決戰地獄火,1,DOS,DOS,DOS,,cdg-5360,cdg-5360,,,
cmtplw6um0enl04jvaoapftqb,決戰王朝 2,1,,WIN,WIN,,cdg-0158,cdg-0158,,靠別名對上、來源同時給了別筆(1),カスタムメイト・2
cmtpk4j4z00v604jvwxkpxdjz,決戰皇陵,1,DOS,DOS,DOS,,cdg-1160,cdg-1160,,,
cmsvn61tt001n04l8kw1afpb3,決戰西洋棋,2,,DOS,DOS,,cdg-1162 cdg-5000,cdg-1162 cdg-5000,,靠別名對上、對到多個來源條目、來源同時給了別筆(1),Battle Chess
cmtpksrkx04y504jvdn3gsi5a,沉默的艦隊,3,DOS,DOS,DOS,,cdg-1171,cdg-1171,,,
cmt9rt6rv002t04js7unyjw5j,沙丘魔堡,1,DOS,DOS,DOS,,cdg-1174,cdg-1174,,,
cmtpk5wa4016x04jvgczu2f4c,沙場風雲,1,DOS,DOS,DOS,,cdg-1179,cdg-1179,,,
cmta8xkzm003404l6au9cqo5o,沙漠之蠱,1,,DOS,DOS,,cdg-4588,cdg-4588,,來源同時給了別筆(1),It Came From the Desert
cmtplrmn00dpw04jvr3tua8a1,沙皇之冠,1,WIN,WIN,WIN,,cdg-1181,cdg-1181,,,
cmsybekm5000904jv61j5eief,油龍戲縫,1,DOS,DOS,DOS,,cdg-1182,cdg-1182,,,
cmtpl0fde06tv04jvrpwib4d0,法老王,3,DOS,DOS,DOS,,cdg-4936,cdg-4936,,,
cmtpl1iof070s04jvabj7dt3d,泡泡龍,1,,DOS、WIN,DOS、WIN,,cdg-3947 cdg-1187,cdg-3947 cdg-1187,,靠別名對上、對到多個來源條目、來源同時給了別筆(1),快樂泡泡龍
cmsx2unfz000p04ldsu7kvqky,波斯王子,9,,DOS,DOS,,cdg-1189,cdg-1189,,來源同時給了別筆(1),波斯王子 (Prince of Persia)
cmsx2xztr00ci04ldfzp1l94g,波斯王子 (Prince of Persia),3,,DOS,DOS,,cdg-1189,cdg-1189,,靠別名對上、來源同時給了別筆(1),波斯王子
cmtpnyia306tl04l6rsenw2o2,波斯王子3,1,,WIN,WIN,,cdg-1194,cdg-1194,,靠別名對上、來源同時給了別筆(1),波斯王子3D
cmtplnxmw0cw204jvw82l9ey4,波斯王子3D,1,,WIN,WIN,,cdg-1194,cdg-1194,,來源同時給了別筆(1),波斯王子3
cmswq0tcv007704l6tfocky0d,泰坦風雲,4,DOS,DOS,DOS,,cdg-4407,cdg-4407,,,
cmsve5jho001z04kzjeo9c41d,洛克人,2,,DOS,DOS,,cdg-4908,cdg-4908,,靠別名對上,
cmtpl4d9207yp04jviptrd7bk,洛克人 X3,1,WIN,WIN,WIN,,cdg-1222,cdg-1222,,,
cmtplcvw50a3r04jvzya7ozmu,洛克人 X4,3,WIN,WIN,WIN,,cdg-1223,cdg-1223,,,
cmtplyx010f9h04jvg6hl1knw,洛克人X5,2,WIN,WIN,WIN,,cdg-1224,cdg-1224,,,
cmsylqobq001t04jiwdbx9k25,洪荒帝國,6,,DOS,DOS,,cdg-2975,cdg-2975,,靠別名對上,
cmtplfe0o0ar404jv88l5nmvr,洪荒時代,1,WIN,WIN,WIN,,cdg-1237,cdg-1237,,,
cmtpljyuu0bw804jvyydd4zj2,流氓大亨,1,WIN,WIN,WIN,,cdg-5119,cdg-5119,,,
cmtpn1wat00a804l66xk7l4vo,流氓大亨2,1,WIN,WIN,WIN,,cdg-5120,cdg-5120,,,
cmtplvocl0ein04jvp4j5w1pw,浣花洗劍錄,3,WIN,WIN,WIN,,cdg-1238,cdg-1238,,,
cmsyqgp0i00d904jnvhmx9yy7,浩劫餘生,4,,DOS,DOS,,cdg-4004,cdg-4004,,來源同時給了別筆(1),Fountain of Dreams
cmtplet6r0aln04jvmxxs62bv,浪漫創世神話,3,WIN,WIN,WIN,,cdg-1239,cdg-1239,,,
cmtplqqx20di104jvx6hvezzz,浮士德,1,WIN,WIN,WIN,,cdg-5400,cdg-5400,,,
cmtpnlw4f04az04l60y5cb69a,海商王,3,WIN,WIN,WIN,,cdg-1240,cdg-1240,,,
cmsvn87d0004i04l8rk7qp04n,海灘排球王,2,DOS,DOS,DOS,,cdg-4016,cdg-4016,,,
cmsvomi9b004504jpsckx170d,海獵鷹戰鬥機,1,DOS,DOS,DOS,,cdg-4685,cdg-4685,,,
cmsvomi7i003k04jpw67p15cu,海王星計劃,2,DOS,DOS,DOS,,cdg-4719,cdg-4719,,,
cmtplq3ks0dcd04jvwht5h2iw,海霸王,1,WIN,WIN,WIN,,cdg-5394,cdg-5394,,,
cmtztlmn0004p04l5xa9psror,涼宮春日的困惑,1,,PS2,,PS2,VOL.181,索引:涼宮春日的困惑,,,
cmsvn87cf004c04l8lp626l2l,淘金熱,2,DOS,DOS,DOS,,cdg-4057,cdg-4057,,,
cmtplfzx00az504jv8ubfnt9m,深入地心,1,WIN,WIN,WIN,,cdg-1252,cdg-1252,,,
cmtzt54r000bz0agmaklt7pun,深淵傳奇,3,,3DS,,3DS,VOL.326 VOL.330 VOL.336 VOL.339,索引:深淵傳奇,,,
cmtztluxb000f0agmbw6wiv5o,深紅帝國 ～Circumstances to serve a noble～,1,,PSP,,PSP,VOL.340,索引:深紅帝國circumstancestoserveanoble,,,
cmu097v59003e0agmxsbx2v13,渾沌思緒 熱戀親親！,1,,X360、PS3,,X360、PS3,VOL.284 VOL.400,索引:渾沌思緒熱戀親親,,,
cmu097v5r003f0agmwkifjsay,渾沌思緒 諾亞,1,,PS3,,PS3,VOL.400,索引:渾沌思緒諾亞,,,
cmsumll6n007904jovnqxf9gk,漢城奧運會,1,,DOS,DOS,,cdg-1266,cdg-1266,,靠別名對上,
cmtpkzn3906mh04jvqmtc5i4w,漢堡戰爭,3,DOS,DOS,DOS,,cdg-1267,cdg-1267,,,
cmtpn4g7h00re04l6y9drwr5u,漢朝與羅馬,1,WIN,WIN,WIN,,cdg-4871,cdg-4871,,,
cmtzunehi00320agm3llc3716,潘朵拉塔 直到妳身邊,2,,WII,,WII,VOL.334 VOL.337 VOL.338 VOL.339 VOL.340,索引:潘朵拉塔直到妳身邊,,,
cmtztlrdr007i04l5swwuzhbc,潛艦駕駛員,1,,3DS,,3DS,VOL.331 VOL.338,索引:潛艦駕駛員,,,
cmsybektu001f04jvycwn7y4z,激戰M星雲,1,,DOS,DOS,,cdg-3951,cdg-3951,,靠別名對上、來源同時給了別筆(1),Star Control
cmswuudoh000104l4cwbxb20v,激流浪子,2,,DOS,DOS,,cdg-4733,cdg-4733,,來源同時給了別筆(1),TOOBIN
cmta1ag94005504jwx89yoobe,激鬥戰士,1,DOS,DOS,DOS,,cdg-1275,cdg-1275,,,
cmtpkytzk06i904jvab947wpw,灌籃金剛,1,DOS,DOS,DOS,,cdg-1276,cdg-1276,,,
cmtztlsid008904l5a3mlqn9x,火影忍者 疾風傳 忍立體繪卷！最強忍界決戰!!,1,,3DS,,3DS,VOL.326 VOL.333,索引:火影忍者疾風傳忍立體繪卷最強忍界決戰,,,
cmtzt4o8h003h0agm0evrltc6,火影忍者 疾風傳 終極風暴2,1,,PS3、X360,,PS3、X360,VOL.317,索引:火影忍者疾風傳終極風暴2,,,
cmsvo5ybc000a04l8pcu4602k,火戰車,2,DOS,DOS,DOS,,cdg-3245,cdg-3245,,,
cmsyrh7lm000504lfrl5e7yre,火星之旅,7,,DOS,DOS,,cdg-2976,cdg-2976,,靠別名對上,
cmt1mj8tx002l04jue29v96lq,火星大懸案,4,DOS,DOS,DOS,,cdg-4591,cdg-4591,,,
cmt03mnbf000n04l5gwtses2q,火爆鋼球,4,,DOS,DOS,,cdg-4764,cdg-4764,,來源同時給了別筆(1),Speed Ball 2
cmt9n2oi3002r04jmnwgbzunu,火箭人,2,DOS,DOS,DOS,,cdg-5337,cdg-5337,,,
cmtplq3ki0dca04jvo9b6yiw9,火線群英,1,WIN,WIN,WIN,,cdg-5403,cdg-5403,,,
cmtpk5duy011c04jvydsj6a0h,火車大戰略,2,DOS,DOS,DOS,,cdg-4532,cdg-4532,,,
cmsybekuh001j04jv8fol7pjf,火龍之戰,6,DOS,DOS,DOS,,cdg-4003,cdg-4003,,,
cmta8xl0r003j04l6yw7hi52w,火龍劫,1,DOS,DOS,DOS,,cdg-4931,cdg-4931,,,
cmtpkkt9n039y04jv65q0sde4,炎龍騎士團 2,3,,DOS,DOS,,cdg-3265,cdg-3265,,靠別名對上,
cmtpl2b4n07b804jvaax42ra3,炎龍騎士團外傳風之紋章,2,DOS,DOS,DOS,,cdg-3266,cdg-3266,,,
cmswqdmjj00ep04l6ktuua52k,炸彈小子,13,DOS,DOS,DOS,,cdg-3982,cdg-3982,,,
cmtpl2b7e07c104jvw3vglslz,炸彈超人,2,DOS,DOS,DOS,,cdg-3929,cdg-3929,,,
cmtplycu00f5404jvonnu3tsw,烈焰奇兵,1,WIN,WIN,WIN,,cdg-5150,cdg-5150,,,
cmtpko61o03n004jvcfxeebpb,烈焰鋼狼傳,3,DOS,DOS,DOS,,cdg-3270,cdg-3270,,,
cmta7yv53002b04kz2j6t5tuc,烏托邦,4,,DOS,DOS,,cdg-4625,cdg-4625,,來源同時給了別筆(1),UTOPIA
cmsvpx57k000b04ldneox4wtn,烏茲衝鋒槍,1,,DOS,DOS,,cdg-3271,cdg-3271,,來源同時給了別筆(1),Operation Wolf
cmsyqgoxm00cn04jnn2dyfftm,烏龍吸血鬼,1,,DOS,DOS,,cdg-3953,cdg-3953,,來源同時給了別筆(1),Night Hunter
cmtplnxi30cun04jvjmxczpzn,烏龍道士,1,WIN,WIN,WIN,,cdg-5115,cdg-5115,,,
cmtplv15p0ed504jvpp4zpttf,烽火三國,1,,WIN,WIN,,cdg-3274,cdg-3274,,來源同時給了別筆(1),縱橫天地之烽火三國
cmtpkr61k04j704jvycuo3oib,烽火沙丘,1,DOS,DOS,DOS,,cdg-4127,cdg-4127,,,
cmtplv1a90ee404jv6eotjx1h,烽火英雄,2,WIN,WIN,WIN,,cdg-3276,cdg-3276,,,
cmtpl2wvb07ka04jvs69x0zxi,烽火連天,1,WIN,WIN,WIN,,cdg-4218,cdg-4218,,,
cmtplkk6m0c1g04jv33tl0us5,無人島物語4,2,WIN,WIN,WIN,,cdg-3277,cdg-3277,,,
cmtpl6vdp08n004jv0nkxlqog,無人島物語R,4,WIN,WIN,WIN,,cdg-3278,cdg-3278,,,
cmtplq3nf0dd704jvk9guqn06,無人島物語RR,1,WIN,WIN,WIN,,cdg-3279,cdg-3279,,,
cmsvomi7r003n04jpgqmsk4hq,無敵神槍,1,DOS,DOS,DOS,,cdg-3963,cdg-3963,,,
cmta92g4e008004l6nf6nf2x4,無敵艦隊2525,1,DOS,DOS,DOS,,cdg-4205,cdg-4205,,,
cmt1hzrx7000204ldap58bser,無敵飛狼2000,6,,DOS,DOS,,cdg-4012,cdg-4012,,來源同時給了別筆(1),GUNSHIP 2000
cmtpkpmhq045e04jvb6xntigt,無敵龍捲風,1,DOS,DOS,DOS,,cdg-4670,cdg-4670,,,
cmtplnxmm0cvz04jvhzye3pjo,無畏艦隊,1,WIN,WIN,WIN,,cdg-5087,cdg-5087,,,
cmtzt4qaj004j0agmjhmqpv9n,無盡傳奇,2,,PS3,,PS3,VOL.321 VOL.327 VOL.331 VOL.332 VOL.336 VOL.340 VOL.346 VOL.348,索引:無盡傳奇,,,
cmtzt64lr00fh0agm2bcwjx5w,無盡傳奇2,1,,PS3,,PS3,VOL.412,索引:無盡傳奇2,,,
cmtzt4g6z004a04l5yjlwr0uw,無間特攻,1,,PS3、X360,,PS3、X360,VOL.181 VOL.185,索引:無間特攻,,,
cmtxe43ee00410agmw7s54i49,無限回廊 echochrome,1,,PSP,,PSP,VOL.184,索引:無限回廊echochrome,,,
cmtzt4i9i000d0agm0ax3klc6,無限迴廊,1,,PSP,,PSP,VOL.181,索引:無限迴廊,,,
cmu097hl8001e04l7gd3ji1dc,無雙OROCHI 蛇魔2,3,,PS3、X360,,PS3、X360,VOL.360 VOL.362 VOL.364 VOL.366 VOL.369 VOL.370,索引:無雙orochi蛇魔2,,,
cmtxe41tf000e0agmz9fw4rig,無雙OROCHI 蛇魔再臨,1,,PS2,,PS2,VOL.193,索引:無雙orochi蛇魔再臨,,,
cmtxe43gg004h0agmqcz91rcv,無雙OROCHI 魔王再臨,2,,PS2,,PS2,VOL.181 VOL.184,索引:無雙orochi魔王再臨,,,
cmtpktg8g053v04jvc7xz1148,熊貓大進擊,2,DOS,DOS,DOS,,cdg-3923,cdg-3923,,,
cmss8fs3z005004jskbp3wvqq,熱舞2000,1,WIN,WIN,WIN,,cdg-5378,cdg-5378,,,
cmtztlxfd00150agmzs6ekk0h,熱血硬派 特別版,1,,3DS,,3DS,VOL.362,索引:熱血硬派特別版,,,
cmtplq3n50dd404jvzaq4mop1,熱血躲避球,1,WIN,WIN,WIN,,cdg-3312,cdg-3312,,,
cmsvo5ycn000m04l8sahyyojg,熱血高校,4,DOS,DOS,DOS,,cdg-3316,cdg-3316,,,
cmtpkytqk06fe04jvc6nck4yq,熾天之翼,3,DOS,DOS,DOS,,cdg-3317,cdg-3317,,,
cmsvud82t003l04l6mdoyp6qg,燃燒的野球,2,DOS,DOS,DOS,,cdg-3320,cdg-3320,,,
cmtpkg3ax02ed04jvaohdtuhe,燃燒的野球4,1,DOS,DOS,DOS,,cdg-3323,cdg-3323,,,
cmtztlr14007704l5xbu7i9eq,燒屍滅跡,1,,PS3,,PS3,VOL.330,索引:燒屍滅跡,,,
cmtpkecbr01yy04jvp3stxhd7,爆笑三國志,3,,DOS,DOS,,cdg-3328,cdg-3328,,靠別名對上,
cmtpko64z03no04jvftoenglw,爆笑保齡球,2,DOS,DOS,DOS,,cdg-3331,cdg-3331,,,
cmtpks00l04pm04jvy8733kb5,爆笑水滸傳,3,DOS,DOS,DOS,,cdg-3330,cdg-3330,,,
cmtpkdgnj01s404jvjqlrj01u,爆笑躲避球,2,DOS,DOS,DOS,,cdg-3332,cdg-3332,,,
cmtpkfr5q02ar04jvt7w5my50,特勤機甲隊,2,DOS,DOS,DOS,,cdg-3502,cdg-3502,,,
cmtpkk623032k04jvywo65cju,特勤機甲隊 2,1,DOS,DOS,DOS,,cdg-3503,cdg-3503,,,
cmtplx9rk0evp04jvhlrgbvxf,特勤機甲隊 4,1,WIN,WIN,WIN,,cdg-3507,cdg-3507,,,
cmtpnt59905pq04l6j7qm23ho,特勤機甲隊6,1,WIN,WIN,WIN,,cdg-3508,cdg-3508,,,
cmtzt4iie000h0agm4u9lucs6,特技天龍：引爆,1,,X360,,X360,VOL.181,索引:特技天龍引爆,,,
cmtpk3rmx00ob04jv3x05qoe8,特技島,1,DOS,DOS,DOS,,cdg-4254,cdg-4254,,,
cmswqdm7000bk04l6tzpfynbn,特技飛車,1,DOS,DOS,DOS,,cdg-3510,cdg-3510,,,
cmtzt5mqp005t0agmr93irmhk,特洛伊無雙,1,,PS3、X360,,PS3、X360,VOL.326 VOL.329 VOL.339 VOL.340,索引:特洛伊無雙,,,
cmt9rt6ig001604jstkmtnnbu,狂島浴血,5,,DOS,DOS,,cdg-4024,cdg-4024,,來源同時給了別筆(1),Battle Isle
cmta8ukvx000u04l645xl6lpo,狂島浴血資料片,1,,DOS,DOS,,cdg-4615,cdg-4615,,靠別名對上,
cmtplgzun0b7z04jvtwdtmfdo,狂王之後繼者,1,WIN,WIN,WIN,,cdg-3521,cdg-3521,,,
cmtpl0fuc06xm04jvnyetcit9,狂神之都,1,,WIN,WIN,,cdg-0919,cdg-0919,,靠別名對上,
cmt9rt6gl000v04js1dnkl8me,狂飆遊龍,3,DOS,DOS,DOS,,cdg-3524,cdg-3524,,,
cmsvn61qs000v04l8k83fmvg1,狂飆飛車手,1,DOS,DOS,DOS,,cdg-3525,cdg-3525,,,
cmtpkdzb101vm04jv7ce1b0ri,狩魔獵人,3,,DOS,DOS,,cdg-3528,cdg-3528,,靠別名對上、來源同時給了別筆(1),狩魔獵人－原罪
cmtpkg3fn02fq04jv9j7o0ora,狩魔獵人－原罪,2,,DOS,DOS,,cdg-3528,cdg-3528,,來源同時給了別筆(1),狩魔獵人
cmsvud7ux000x04l6dqnbdagc,猛鬼逛街,4,,DOS,DOS,,cdg-3950,cdg-3950,,來源同時給了別筆(1),A NIGHTMARE ON ELM STREET
cmsybi88j000704l2l50i6f2q,猴島小英雄,11,,DOS,DOS,,cdg-3863,cdg-3863,,來源同時給了別筆(1),The Secret of Monkey Island
cmt8znypp000s04jyxsjmjx0x,猴島小英雄 2,4,,DOS,DOS,,cdg-3534,cdg-3534,,靠別名對上,
cmtplc55z09zb04jve3vq47zu,獅王傳說,1,WIN,WIN,WIN,,cdg-3539,cdg-3539,,,
cmtpkerdq024304jvpbbi01xb,獨立戰爭,2,DOS,DOS,DOS,,cdg-3540,cdg-3540,,,
cmtpkvtc305px04jviwca4u5g,獵殺潛航,1,DOS,DOS,DOS,,cdg-3545,cdg-3545,,,
cmu097sew001v0agm8fdm4fu4,獵鹿王,1,,3DS,,3DS,VOL.365,索引:獵鹿王,,,
cmsumll7f007f04jowor6k80t,獸王記,3,DOS,DOS,DOS,,cdg-4739,cdg-4739,,,
cmtplshp80dwe04jv4chgr949,獸神世紀,2,WIN,WIN,WIN,,cdg-3553,cdg-3553,,,
cmtpknffu03h504jv831v8n8r,獸鄉守護者,2,DOS,DOS,DOS,,cdg-3552,cdg-3552,,,
cmtpkg3dk02f504jvkqhv3aux,玄冥部隊,2,DOS,DOS,DOS,,cdg-4657,cdg-4657,,,
cmtpl55bm086o04jvt2611a4v,玉蒲團,1,,DOS,DOS,,cdg-0745,cdg-0745,,靠別名對上、來源同時給了別筆(1),玉蒲團之浪史奇觀
cmtpl55c5086p04jv2shtdtnl,玉蒲團之浪史奇觀,1,,DOS,DOS,,cdg-0745,cdg-0745,,來源同時給了別筆(1),玉蒲團
cmtplpi180d7e04jv64lh52f3,王國興亡錄,1,,WIN,WIN,,cdg-1413,cdg-1413,,靠別名對上、來源同時給了別筆(1),ガングリフォンII
cmtpkk604031z04jvqwatjmuk,王子傳奇,3,DOS,DOS,DOS,,cdg-0635,cdg-0635,,,
cmta7yuvg000l04kzkfbmgks7,玩具兵棋,1,,DOS,DOS,,cdg-4771,cdg-4771,,來源同時給了別筆(1),Theatre Of War
cmtpletdt0an204jvimy80g2x,玩具奇兵,2,WIN,WIN,WIN,,cdg-3555,cdg-3555,,,
cmtpkytvb06gv04jvlsa49jw7,玫瑰騎士,1,DOS,DOS,DOS,,cdg-3878,cdg-3878,,,
cmtpkfc2s028804jvyqw2k614,現代大戰略EX,1,DOS,DOS,DOS,,cdg-4122,cdg-4122,,,
cmtplmm4u0cjf04jve2w7i9g2,球球寶貝,1,WIN,WIN,WIN,,cdg-5088,cdg-5088,,,
cmtzt4tvc006g0agmgbmhtl8g,瑪利歐vs.大金剛 突擊！迷你樂園,1,,NDS,,NDS,VOL.324,索引:瑪利歐vs大金剛突擊迷你樂園,,,
cmu097mab003804l7of7l69t9,瑪利歐派對9,1,,WII,,WII,VOL.378,索引:瑪利歐派對9,,,
cmtzt61nk00dw0agm9syhcfk5,瑪利歐網球 公開賽,2,,3DS,,3DS,VOL.378 VOL.385,索引:瑪利歐網球公開賽,,,
cmtzt5xt500bt0agmllzw5yfi,瑪利歐賽車7,5,,3DS,,3DS,VOL.360 VOL.362 VOL.363 VOL.365 VOL.366 VOL.367 VOL.368,索引:瑪利歐賽車7,,,
cmtxe42zw002004jlugyjkm49,瑪莉歐賽車Wii,1,,WII,,WII,VOL.185,索引:瑪莉歐賽車wii,,,
cmtxe41wo000z0agmulgob3d1,瑪那鍊金術2 ～沒落學園與鍊金術士們～,2,,PS2,,PS2,VOL.185 VOL.193,索引:瑪那鍊金術2沒落學園與鍊金術士們,,,
cmswq0tb4006s04l6vbcsm3v1,瑪雅迷蹤,1,DOS,DOS,DOS,,cdg-4727,cdg-4727,,,
cmta7yv0s001e04kz8r7v54jv,瑪麗姊妹,1,,DOS,DOS,,cdg-3959,cdg-3959,,來源同時給了別筆(1),Sister Mary / 瑪麗姐妹
cmta1ag3k004104jw7ka8qlxp,瑪麗姐妹,1,,DOS,DOS,,cdg-3959,cdg-3959,,靠別名對上、來源同時給了別筆(1),Sister Mary / 瑪麗姊妹
cmtpky3kt06aj04jvusqxg1rf,生化情人,2,DOS,DOS,DOS,,cdg-4123,cdg-4123,,,
cmtzt5k85004o0agmdsxpmsi5,生死格鬥 新次元,1,,3DS,,3DS,VOL.326 VOL.330 VOL.339,索引:生死格鬥新次元,,,
cmtzt68p800ho0agmq49ixgnd,生死格鬥5+,1,,PS3、X360、PSV,,PS3、X360、PSV,VOL.367 VOL.385 VOL.400 VOL.420,索引:生死格鬥5,,,
cmta1ag5g004e04jwao50qz5m,畫面狩獵者,1,DOS,DOS,DOS,,cdg-4608,cdg-4608,,,
cmt1hzs81002c04ldgwpxkmc8,異域之門,9,,DOS,DOS,,cdg-1938,cdg-1938,,來源同時給了別筆(1),Gateway to the Savage Frontier
cmta06af7003h04jrv0axn03x,異域寶藏,1,,DOS,DOS,,cdg-4255,cdg-4255,,來源同時給了別筆(1),Treasures of the Savage Frontier
cmtpn7cvv01fp04l6btpu4x5z,異域狂想曲,4,WIN,WIN,WIN,,cdg-1940,cdg-1940,,,
cmtxe41qo00020agmu6wdqq02,異塵餘生3,1,,PS3、X360,,PS3、X360,VOL.193,索引:異塵餘生3,,,
cmtplqr0x0diw04jv3z5i1vak,異度空間,1,WIN,WIN,WIN,,cdg-5395,cdg-5395,,,
cmsreh08n004e04iex7u89d0l,異形,4,,DOS,DOS,,cdg-4726,cdg-4726,,靠別名對上,
cmsvna28o00af04l8ygimg77t,異形大進擊,3,DOS,DOS,DOS,,cdg-3927,cdg-3927,,,
cmsybel0f002j04jv13c6a6zr,異形神殿,2,,DOS,DOS,,cdg-4572,cdg-4572,,來源同時給了別筆(1),Chamber of the Sci-Mutant Priestess
cmtzt5iek00en0agm66jmtkhl,異星尋奇,2,,WII,,WII,VOL.324 VOL.331 VOL.334 VOL.338,索引:異星尋奇,,,
cmtpkp9qt03xx04jv0nk3w975,異星搜奇,4,DOS,DOS,DOS,,cdg-1949,cdg-1949,,,
cmtpknfsj03k204jvuz234u7h,異星特警,3,,DOS,DOS,,cdg-5249,cdg-5249,,來源同時給了別筆(1),Creature Shock
cmtpkv0cy05gw04jv5q5k852r,異次元之旅,1,DOS,DOS,DOS,,cdg-1950,cdg-1950,,,
cmtpk4x7r00z904jvfqp1cse0,瘋狂主宰,1,,DOS,DOS,,cdg-2775,cdg-2775,,來源同時給了別筆(1),Mega Lo Mania
cmsvo5yrs003e04l81hqsn1ts,瘋狂大樓,2,DOS,DOS,DOS,,cdg-4256,cdg-4256,,,
cmtpkwmly05wn04jvk0os698b,瘋狂大賽車,1,DOS,DOS,DOS,,cdg-2780,cdg-2780,,,
cmtplqqwc0dhv04jvysbhh89t,瘋狂大車拼 6,1,,WIN,WIN,,cdg-0967,cdg-0967,,靠別名對上,
cmtpkcbju01jq04jvoozjn0n9,瘋狂時代,1,DOS,DOS,DOS,,cdg-4258,cdg-4258,,,
cmtpk5dz3012e04jvub4pcpkl,瘋狂醫院,1,DOS,DOS,DOS,,cdg-2802,cdg-2802,,,
cmtpknfmb03ij04jvp2k97u29,瘋狂醫院 2,1,,DOS,DOS,,cdg-2803,cdg-2803,,靠別名對上,
cmtpl3lzf07pw04jvutcb31mp,瘋狂麻將,1,,DOS,DOS,,cdg-2808,cdg-2808,,靠別名對上,
cmtpk6hmu019h04jv6504ju0m,白浪忍者,1,DOS,DOS,DOS,,cdg-4639,cdg-4639,,,
cmtztlxvo001d0agm3bxseiip,白熊鈴星群 歡樂聖誕,1,,PSP,,PSP,VOL.380,索引:白熊鈴星群歡樂聖誕,,,
cmtpnyiun06w504l6mtstt6o7,白色魔法石,2,,WIN,WIN,,cdg-4854,cdg-4854,,來源同時給了別筆(1),カスタムメイト・2
cmtzt57oo00di0agmudtzl6pf,白衣性戀愛症候群,1,,PSP,,PSP,VOL.332,索引:白衣性戀愛症候群,,,
cmtzt50d5009r0agmaa7gfh5u,白騎士物語 episode.portable 教義戰爭,1,,PSP,,PSP,VOL.316 VOL.326 VOL.328,索引:白騎士物語episodeportable教義戰爭,,,
cmtd0z9rr000z04l6cmf3o4yr,百戰小旅鼠2,1,DOS,DOS,DOS,,cdg-5229,cdg-5229,,,
cmtpkd3ux01oi04jvnreyegtx,百戰迷宮,1,,DOS,DOS,,cdg-0833,cdg-0833,,來源同時給了別筆(1),DUNGEON HACK
cmsx2ungs000v04ldaj1b9b60,百戰鐵翼,3,DOS,DOS,DOS,,cdg-0834,cdg-0834,,,
cmtpn11fd003m04l66mcygspn,百鬼夜宴,2,WIN,WIN,WIN,,cdg-0837,cdg-0837,,,
cmtpl637808c404jvavcxqq3j,皇后,1,DOS,DOS,DOS,,cdg-1411,cdg-1411,,,
cmtpkvt6c05o404jvhq2mt708,皇帝,4,DOS,DOS,DOS,,cdg-1416,cdg-1416,,,
cmtplmm760ck304jvyrehco02,皇帝之橫世霸業,2,WIN,WIN,WIN,,cdg-1417,cdg-1417,,,
cmu098ilv003r0agmtjl7ittp,真・三國無雙 MULTI RAID 2 HD版,1,,PS3,,PS3,VOL.366,索引:真三國無雙multiraid2hd版,,,
cmtzt6e8100ki0agmkxsig7f9,真・三國無雙 Online Z,1,,PS3,,PS3,VOL.438,索引:真三國無雙onlinez,,,
cmtzt54kd00bv0agmu1knozs2,真・三國無雙6,4,,PS3,,PS3,VOL.321 VOL.324 VOL.326 VOL.327 VOL.329 VOL.330 VOL.331 VOL.332 VOL.338,索引:真三國無雙6,,,
cmtzt6a2p00ig0agmvo7cat8t,真・三國無雙7,1,,PS3,,PS3,VOL.421 VOL.423 VOL.425,索引:真三國無雙7,,,
cmu097hdo001a04l7if5gurfo,真・三國無雙VS,1,,3DS,,3DS,VOL.366 VOL.379,索引:真三國無雙vs,,,
cmtzt66qx00gh0agmdaq44dq6,真・北斗無雙,2,,PS3、X360、WIIU,,PS3、X360、WIIU,VOL.400 VOL.407 VOL.414 VOL.416,索引:真北斗無雙,,,
cmtzt64so00fl0agmvqi86q3d,真・女神轉生IV,2,,3DS,,3DS,VOL.412 VOL.438,索引:真女神轉生iv,,,
cmtpnoffk04mk04l6ovsp7541,真倚天屠龍記,2,WIN,WIN,WIN,,cdg-1815,cdg-1815,,,
cmsreh07w004104ieiqd6pbos,真命天子,3,WIN,WIN,WIN,,cdg-4519,cdg-4519,,,
cmu097tcp002j0agmgm5j0x0q,真恐怖驚魂夜 第11位來訪者,1,,PSV、PS3,,PSV、PS3,VOL.361 VOL.367 VOL.368,索引:真恐怖驚魂夜第11位來訪者,,,
cmtplyx3u0faq04jvlasb070h,真愛密碼,1,WIN,WIN,WIN,,cdg-1820,cdg-1820,,,
cmtpk43qe00sv04jvepxuio9c,真紅的殺意,1,DOS,DOS,DOS,,cdg-1824,cdg-1824,,,
cmtpkerf7024i04jva3paaei7,眼鏡蛇任務,1,DOS,DOS,DOS,,cdg-1825,cdg-1825,,,
cmsybekpn000t04jvok1fpbhw,石之道,1,DOS,DOS,DOS,,cdg-4746,cdg-4746,,,
cmtpl1iyx073u04jv92l5ninr,砰砰樂園,2,DOS,DOS,DOS,,cdg-5089,cdg-5089,,,
cmsx2undi000704ldd4i47i55,砲艇,1,,DOS,DOS,,cdg-3946,cdg-3946,,靠別名對上、來源同時給了別筆(1),GUN BOAT
cmswpwltw005104l6d63pxd9t,破壞神傳說,4,DOS,DOS,DOS,,cdg-2501,cdg-2501,,,
cmsreh04m002n04ieflu6w6th,破碎虛空,9,WIN,WIN,WIN,,cdg-4289,cdg-4289,,,
cmtpnzfx4072v04l6dmm1zc14,碇真嗣育成計畫,1,,WIN,WIN,,cdg-5117,cdg-5117,,靠別名對上,
cmtzt5wax00ay0agmfmzc0es2,磁浮飛車2048,1,,PSV,,PSV,VOL.363,索引:磁浮飛車2048,,,
cmtzt5g5r002v0agmnze4yxx1,祕密基地3D,1,,3DS,,3DS,VOL.337,索引:祕密基地3d,,,
cmtplnxg20ctz04jvg88hjd2n,神劍傳說,1,WIN,WIN,WIN,,cdg-1827,cdg-1827,,,
cmtpkqekx04c004jvywkkm3xp,神劍傳說2,2,DOS,DOS,DOS,,cdg-1828,cdg-1828,,,
cmsyew015000t04l14qj8wran,神劍封魔,4,DOS,DOS,DOS,,cdg-1829,cdg-1829,,,
cmtpl63m408g104jvvyxliwb0,神劍遊俠傳,2,DOS,DOS,DOS,,cdg-1830,cdg-1830,,,
cmtztlo9o005u04l5mlxrtdnl,神劍闖江湖-明治劍客浪漫譚-再閃,2,,PSP,,PSP,VOL.317 VOL.328,索引:神劍闖江湖明治劍客浪漫譚再閃,,,
cmta8ukx6000z04l6pgivieoz,神勇毛毛蟲,1,DOS,DOS,DOS,,cdg-5231,cdg-5231,,,
cmtpo1son07ky04l6f8hmg680,神奇 GOGO 大富翁,1,WIN,WIN,WIN,,cdg-1831,cdg-1831,,,
cmtpl1ipb071104jvnj9odlxq,神奇傳說,6,,WIN,WIN,,cdg-1832,cdg-1832,,來源同時給了別筆(1),Farland Saga
cmtpl7zdu08xg04jvwkp1gzu5,神奇傳說2－時空道標,1,WIN,WIN,WIN,,cdg-1833,cdg-1833,,,
cmsvn87kg006g04l87pyn3w0z,神奇王國,1,DOS,DOS,DOS,,cdg-4261,cdg-4261,,,
cmsylqo73001004jip3ilyfux,神州八劍,8,,DOS,DOS,,cdg-1838,cdg-1838,,來源同時給了別筆(1),The Other Side of the Predella
cmtplthbx0e4504jvu28ueway,神月紀事,1,,WIN,WIN,,cdg-4821,cdg-4821,,來源同時給了別筆(1),LUNA SAGA
cmtztlr1a007804l5ezlry4km,神眼釣手3D,1,,3DS,,3DS,VOL.330,索引:神眼釣手3d,,,
cmtpo0vn507f204l6oxuhqmgf,神秘島,1,WIN,WIN,WIN,,cdg-1844,cdg-1844,,,
cmtpl0fet06u704jv9jss17zm,神諭,2,DOS,DOS,DOS,,cdg-1848,cdg-1848,,,
cmtpkfrac02bw04jva6xxaz7e,神通妙巫師,2,DOS,DOS,DOS,,cdg-4652,cdg-4652,,,
cmtzt4of3003m0agm5c0nbgka,神鬼寓言3,1,,X360,,X360,VOL.317,索引:神鬼寓言3,,,
cmtpl1iw8073204jvayk5st28,神鵰俠侶,5,DOS,DOS,DOS,,cdg-1857,cdg-1857,,,
cmtpksrlj04yc04jvkb32794t,神龍快打,2,DOS,DOS,DOS,,cdg-1859,cdg-1859,,,
cmtpl1irl071o04jvlqyelb9o,禁斷之血族,1,WIN,WIN,WIN,,cdg-1864,cdg-1864,,,
cmta8meuf000m04jrhiuhxjw5,福爾摩斯探案,3,DOS,DOS,DOS,,cdg-4060,cdg-4060,,,
cmtb4t96b000r04l7f7vxplch,福祿雙霸天,2,DOS,DOS,DOS,,cdg-1874,cdg-1874,,,
cmtpktg9p054704jvh6c2wn1r,禮物,2,DOS,DOS,DOS,,cdg-3874,cdg-3874,,,
cmtpnjwkd03xh04l6kmfkaprm,秋之回憶,2,,WIN,WIN,,cdg-1420 cdg-1429,cdg-1420 cdg-1429,,靠別名對上、對到多個來源條目、來源同時給了別筆(1),Memories Off
cmtztlq9r006k04l53004vp7c,秋之回憶 打勾勾的記憶,1,,PSP,,PSP,VOL.328,索引:秋之回憶打勾勾的記憶,,,
cmtpnhyky03im04l647d69o51,秋之回憶2,2,WIN,WIN,WIN,,cdg-1421,cdg-1421,,,
cmtzt4sk5005q0agm17izodko,秋葉原歷險,2,,PSP,,PSP,VOL.324 VOL.330 VOL.336 VOL.339,索引:秋葉原歷險,,,
cmtpkpmsx047q04jvtezga0np,科學小飛俠,1,DOS,DOS,DOS,,cdg-1430,cdg-1430,,,
cmsybok6w006e04l26oun3xpk,科羅拉多尋金記,5,DOS,DOS,DOS,,cdg-3960,cdg-3960,,,
cmtplokff0czp04jvz5l3j5pu,科隆戰記3,1,,WIN,WIN,,cdg-1441,cdg-1441,,來源同時給了別筆(1),シャイニングフォースIII
cmtple55j0aad04jv6pvmjcvr,科隆戰記～受咒之地,3,WIN,WIN,WIN,,cdg-1439,cdg-1439,,,
cmss8frvm001j04jss6uivsko,秘境傳說,1,,WIN,WIN,,cdg-4780,cdg-4780,,來源同時給了別筆(1),Midgard
cmt1mj8it000d04ju87j981c1,空中英雄長空會戰,2,,DOS,DOS,,cdg-4596,cdg-4596,,靠別名對上、來源同時給了別筆(1),Chuck Yeager's Air Combat / 空中英雄－長空會戰
cmt1hzs4u001k04ld4qcxnlzf,空中英雄－長空會戰,1,,DOS,DOS,,cdg-4596,cdg-4596,,靠別名對上、來源同時給了別筆(1),Chuck Yeager's Air Combat / 空中英雄長空會戰
cmsvoexv9007y04l8ykfg0jng,空中飛鯊,2,DOS,DOS,DOS,,cdg-4262,cdg-4262,,,
cmsylqogd003204jittbmq4q3,空戰奇兵,3,DOS,DOS,DOS,,cdg-4751,cdg-4751,,,
cmtzt5rv5008h0agmt11c7rr4,空戰奇兵 突擊地平線,2,,PS3、X360,,PS3、X360,VOL.321 VOL.329 VOL.338 VOL.346 VOL.360 VOL.361,索引:空戰奇兵突擊地平線,,,
cmtpkk5zu031w04jv8rt611np,突擊！美少女,1,,DOS,DOS,,cdg-1449,cdg-1449,,靠別名對上,
cmtdml6kf005q04l4rlybozoc,立體西洋棋,1,DOS,DOS,DOS,,cdg-4783,cdg-4783,,,
cmtb4t95g000l04l7kxsczbid,童話仙境,1,DOS,DOS,DOS,,cdg-3973,cdg-3973,,,
cmtpnwf1206h704l6qtakshms,童話共和國,1,,WIN,WIN,,cdg-5130,cdg-5130,,靠別名對上,
cmt1hzs48001e04ldtgyamdqt,童話天地,4,DOS,DOS,DOS,,cdg-3974,cdg-3974,,,
cmsvpbm5o001104jvmclic9g0,笑傲江湖,11,,DOS、WIN,DOS、WIN,,cdg-1876 cdg-1879,cdg-1876 cdg-1879,,靠別名對上、對到多個來源條目、來源同時給了別筆(1),笑傲江湖之日月神教
cmss8frw3001r04jsv3kj32m9,笑傲江湖之日月神教,1,,WIN,WIN,,cdg-1879,cdg-1879,,來源同時給了別筆(1),笑傲江湖
cmtzt5jox004b0agmhat4qcty,第2次超級機器人大戰OG,3,,PS3,,PS3,VOL.339 VOL.412 VOL.414,索引:第2次超級機器人大戰og,,,
cmtpk6hxr01b604jvo1c9yvf3,第一次世界大戰,1,DOS,DOS,DOS,,cdg-4641,cdg-4641,,,
cmtpletcg0amn04jvsfmwnwjn,第三地球,1,WIN,WIN,WIN,,cdg-1956,cdg-1956,,,
cmtzt4p9300420agmc91mc2ra,第二國度 漆黑魔導士,2,,NDS,,NDS,VOL.317 VOL.324,索引:第二國度漆黑魔導士,,,
cmtzt5wny00b50agmt1inmdeo,第二國度 白色聖灰女王,1,,PS3,,PS3,VOL.363,索引:第二國度白色聖灰女王,,,
cmsylqo7r001604jilte6dayl,第六感生死關頭,1,,DOS,DOS,,cdg-4752,cdg-4752,,來源同時給了別筆(1),Interphase
cmtxe431o002e04jl7rqq0dwj,節奏DJ II DX 14 GOLD,1,,PS2,,PS2,VOL.185,索引:節奏djiidx14gold,,,
cmsyrzhie001904jxkbruumf1,築城大師,3,DOS,DOS,DOS,,cdg-1958,cdg-1958,,,
cmtzt4i2600090agmywwrg2wo,粉紅劇毒,1,,PS2,,PS2,VOL.181,索引:粉紅劇毒,,,
cmsx2w9dg006404ldrsmez0g2,粒子世界,1,,DOS,DOS,,cdg-3983,cdg-3983,,來源同時給了別筆(1),The Game of Harmony
cmtzt4kh5001g0agmusvbhs2j,精心策略大模擬 客廳職棒DS 2010年度版,1,,NDS,,NDS,VOL.284,索引:精心策略大模擬客廳職棒ds2010年度版,,,
cmsreh03y002c04ie21ghxpki,精靈幻境,2,WIN,WIN,WIN,,cdg-2819,cdg-2819,,,
cmtplq3k80dc704jv10j3c3xi,精靈幻境2,2,WIN,WIN,WIN,,cdg-2820,cdg-2820,,,
cmtpkfr6802at04jv7hpxvd4a,精靈幻界,3,DOS,DOS,DOS,,cdg-2821,cdg-2821,,,
cmtpknfdx03gp04jvj0m3s7ku,精靈物語,2,DOS,DOS,DOS,,cdg-2822,cdg-2822,,,
cmtztluxj000g0agmdkkbfuh0,糖果島的彼得潘 ～Sweet Never Land～,1,,PSP,,PSP,VOL.340,索引:糖果島的彼得潘sweetneverland,,,
cmtpl4d5007xd04jvajiod6h1,紅樓夢之玲瓏彩玉,1,WIN,WIN,WIN,,cdg-2040,cdg-2040,,,
cmtpnkvrp042r04l67mrgr6hl,紅樓續夢 京華風雲,1,,WIN,WIN,,cdg-2041,cdg-2041,,靠別名對上,
cmsyew001000l04l1hdgylwvp,紅爵士,3,,DOS,DOS,,cdg-4011,cdg-4011,,來源同時給了別筆(1),Red Baron
cmtpkol8903tl04jvgwb2ed8p,紅色的誘惑,1,DOS,DOS,DOS,,cdg-2046,cdg-2046,,,
cmsumll9z008104jow405et4t,紅色風暴,2,DOS,DOS,DOS,,cdg-4263,cdg-4263,,,
cmt9n4wln005s04jmxcmhpxfb,納粹飛行秘史資料片,1,,DOS,DOS,,cdg-4010,cdg-4010,,靠別名對上,
cmsvn87k1006c04l8rm2vy737,紐約獵人者,1,DOS,DOS,DOS,,cdg-4564,cdg-4564,,,
cmtplfdx90aqw04jvklv5bpft,純愛手札,2,,WIN,WIN,,cdg-2050 cdg-2051,cdg-2050 cdg-2051,,靠別名對上、對到多個來源條目、來源同時給了別筆(2),ときめきメモリアル～Forever With You / 純愛手札～交給我你的心
cmtplokdw0cz604jvyad7i2fb,純愛手札～交給我你的心,1,,WIN,WIN,,cdg-2051,cdg-2051,,來源同時給了別筆(1),純愛手札
cmtzt5uas00a00agmagvozdm8,純真傳奇R,1,,PSV,,PSV,VOL.361 VOL.364 VOL.368,索引:純真傳奇r,,,
cmswuudvg001304l4snuiqyev,紗之器,2,,DOS,DOS,,cdg-3894,cdg-3894,,來源同時給了別筆(1),LOOM
cmtpkqeny04d504jv4b6ix4ct,終極動員令,4,DOS,DOS,DOS,,cdg-2060,cdg-2060,,,
cmswqdm5m00b804l69tdtiv4k,終極孤鷹,2,DOS,DOS,DOS,,cdg-4568,cdg-4568,,,
cmsve5jha001v04kzvsmlm2vu,終極戰士,1,,DOS,DOS,,cdg-4928,cdg-4928,,靠別名對上,
cmtpkv09205g304jvcs8t6eod,終極機甲戰士,1,DOS,DOS,DOS,,cdg-4128,cdg-4128,,,
cmsvn61s2001704l8xm6s29lt,終極警探,6,,DOS,DOS,,cdg-2081,cdg-2081,,靠別名對上,
cmss8fs8g006z04js42scbrjz,絕代雙驕,4,DOS,DOS,DOS,,cdg-2089,cdg-2089,,,
cmtpn7cu101fa04l69fkvomky,絕冬城之夜,2,,WIN,WIN,,cdg-2091,cdg-2091,,來源同時給了別筆(1),Neverwinter Nights
cmtpksrpc04zj04jvz1z16xi2,絕地大反攻2,1,,DOS,DOS,,cdg-5302,cdg-5302,,靠別名對上,
cmtpkfrc402c704jv8f1i2x07,絕地戰士,3,DOS,DOS,DOS,,cdg-2097,cdg-2097,,,
cmtpl2wpj07iy04jv744gxoqy,絕音魔琴,3,DOS,DOS,DOS,,cdg-2105,cdg-2105,,,
cmtpk4j3900ux04jv626ks5t1,經典明星撲克,1,DOS,DOS,DOS,,cdg-2108,cdg-2108,,,
cmtpkqekg04bu04jv4tuui8q4,綜藝大進擊,1,DOS,DOS,DOS,,cdg-2111,cdg-2111,,,
cmtplx9x80exs04jvdt4dezky,綠野仙蹤,2,WIN,WIN,WIN,,cdg-5185,cdg-5185,,,
cmtpk4xcn00zq04jvxvn4v8oi,維京小子闖通關,1,DOS,DOS,DOS,,cdg-3977,cdg-3977,,,
cmtplv13b0eco04jv9i6pp5c8,維京戰神,1,WIN,WIN,WIN,,cdg-5104,cdg-5104,,,
cmtztlnpr005e04l5ipry5k0o,維他命 XtoZ,1,,PSP,,PSP,VOL.316,索引:維他命xtoz,,,
cmu097sf6001w0agmvhqb2a5n,維他命X 偵探B6,1,,PSP,,PSP,VOL.365,索引:維他命x偵探b6,,,
cmtztlni1005404l5r9lzsu2z,維新風暴 疾風龍馬傳,1,,NDS,,NDS,VOL.316,索引:維新風暴疾風龍馬傳,,,
cmtpkgvkb02kj04jvija1748m,網路奇兵,2,,DOS,DOS,,cdg-4661,cdg-4661,,來源同時給了別筆(1),SYSTEM SHOCK
cmtplx9st0ew504jvaqb7bbxo,網錢商店大富翁,1,WIN,WIN,WIN,,cdg-2122,cdg-2122,,,
cmsysv1pr001k04jocvkdnm9u,緝毒特勤組,2,,DOS,DOS,,cdg-4759,cdg-4759,,來源同時給了別筆(1),Hoverforce
cmtplkk670c1c04jv99855zny,縱橫天地之烽火三國,1,,WIN,WIN,,cdg-3274,cdg-3274,,靠別名對上、來源同時給了別筆(1),烽火三國
cmtztlrdx007j04l5qts4zmmx,縱橫諜海3D,1,,3DS,,3DS,VOL.328 VOL.331,索引:縱橫諜海3d,,,
cmtplnxgt0cu804jv15612199,總統之路,1,WIN,WIN,WIN,,cdg-2128,cdg-2128,,,
cmtple5e60acx04jvyhbdlfng,織田信長傳,4,WIN,WIN,WIN,,cdg-4560,cdg-4560,,,
cmtpk43fh00qf04jvgff1pc3q,繞著雨林跑,3,DOS,DOS,DOS,,cdg-4622,cdg-4622,,,
cmtztlni8005504l544d7893o,續星際寶貝史迪奇DS 節奏塗鴉大作戰,1,,NDS,,NDS,VOL.316,索引:續星際寶貝史迪奇ds節奏塗鴉大作戰,,,
cmtd0z9rb000w04l653lsa2u2,羅賓漢,1,DOS,DOS,DOS,,cdg-5309,cdg-5309,,,
cmtpnr445058504l63vekw3dk,羅馬帝國,1,,DOS,DOS,,cdg-5313,cdg-5313,,靠別名對上、來源同時給了別筆(1),羅馬帝國AD92
cmtpk43qo00sw04jv8zdw029a,羅馬帝國AD92,1,,DOS,DOS,,cdg-5313,cdg-5313,,來源同時給了別筆(1),羅馬帝國
cmtpkfr7p02b804jvrndnt2mt,美國的惡夢,2,DOS,DOS,DOS,,cdg-1452,cdg-1452,,,
cmta069z1000p04jr3w0hcjuo,美國鼠譚,1,,DOS,DOS,,cdg-4606,cdg-4606,,來源同時給了別筆(1),An American Tail
cmsreh06i003g04ierhqjcwyq,美夢成真,3,PS、SS,PS、SS,PS、SS,,cdg-5215,cdg-5215,,,
cmtpnud81060804l6tadi3ubf,美女快打,1,WIN,WIN,WIN,,cdg-1464,cdg-1464,,,
cmtpkdze901wa04jvo1l929at,美女終結者,2,DOS,DOS,DOS,,cdg-1471,cdg-1471,,,
cmtpkd3t301ny04jvg13vwhml,美少女夢工場,1,,DOS,DOS,,cdg-1477,cdg-1477,,來源同時給了別筆(1),美少女夢工廠
cmtpkecer01zt04jv0mioy8sq,美少女夢工場2,1,,DOS,DOS,,cdg-1478,cdg-1478,,來源同時給了別筆(1),美少女夢工廠2
cmtpnzuzm076k04l6mmopwv8m,美少女夢工場4,4,WIN,WIN,WIN,,cdg-1480,cdg-1480,,,
cmta16l12001v04jwfc8th1lk,美少女夢工廠,1,,DOS,DOS,,cdg-1477,cdg-1477,,靠別名對上、來源同時給了別筆(1),美少女夢工場
cmtpkb3x401fu04jvl5l565b7,美少女夢工廠2,2,,DOS,DOS,,cdg-1478,cdg-1478,,靠別名對上、來源同時給了別筆(1),美少女夢工場2
cmtpkktby03am04jv2lafub03,美少女特勤組,1,DOS,DOS,DOS,,cdg-1487,cdg-1487,,,
cmtpn117m001q04l6obdx883a,老夫子大富翁,2,WIN,WIN,WIN,,cdg-1495,cdg-1495,,,
cmu097u8x00330agmj6szj5t9,聖三頌 -以奧里哈魯根之名-,1,,PSP,,PSP,VOL.369,索引:聖三頌以奧里哈魯根之名,,,
cmtpkvt6m05o704jvjpxquka7,聖光島,3,,DOS,DOS,,cdg-3898,cdg-3898,,靠別名對上,
cmtplkk700c1k04jv0t8gemy8,聖劍大陸～霸王騎士傳,1,WIN,WIN,WIN,,cdg-2515,cdg-2515,,,
cmtplokep0czh04jv8xq7503j,聖劍奇兵,2,,WIN,WIN,,cdg-2531,cdg-2531,,來源同時給了別筆(1),聖戰奇兵
cmsysv1og001904jogbyp64x1,聖域傳說,8,,DOS,DOS,,cdg-2516 cdg-2816,cdg-2516 cdg-2816,,靠別名對上、對到多個來源條目,
cmtpl2wnm07ij04jvx95u2aiw,聖域爭輝,3,WIN,WIN,WIN,,cdg-2517,cdg-2517,,,
cmtplj0190bo604jvvi0xrgly,聖天使學園,2,WIN,WIN,WIN,,cdg-2520,cdg-2520,,,
cmtpnjwbh03tq04l64js7aooh,聖女之歌2-撒雷母天使,1,WIN,WIN,WIN,,cdg-2522,cdg-2522,,,
cmtpl2wpx07j104jvy8rtfq8t,聖女傳說,1,DOS,DOS,DOS,,cdg-2525,cdg-2525,,,
cmsvo5ydc000u04l8toccbnnc,聖女貞德,4,DOS,DOS,DOS,,cdg-2526,cdg-2526,,,
cmtplj0080bnx04jvufwce0hy,聖少女學園～水晶組,2,WIN,WIN,WIN,,cdg-2527,cdg-2527,,,
cmtpknfg803h804jv0tfdb09b,聖少女戰隊 2,3,,DOS,DOS,,cdg-2529,cdg-2529,,來源同時給了別筆(1),聖少女戰隊 II
cmtpkktah03a704jv3pnovcr5,聖少女戰隊 II,1,,DOS,DOS,,cdg-2529,cdg-2529,,靠別名對上、來源同時給了別筆(1),聖少女戰隊 2
cmtpkwmhc05v804jvt35s718q,聖少女戰隊3,3,DOS,DOS,DOS,,cdg-2530,cdg-2530,,,
cmsvoibo0000u04jpahg219xg,聖戰奇兵,6,,WIN,WIN,,cdg-2531,cdg-2531,,靠別名對上、來源同時給了別筆(1),聖劍奇兵
cmsx2unry003404ld6ruv0jpl,聖戰奇兵冒險版,1,DOS,DOS,DOS,,cdg-2532,cdg-2532,,,
cmtpl556o085004jvghsapogz,聖戰物語,2,,DOS,DOS,,cdg-4147,cdg-4147,,來源同時給了別筆(1),Duel Succession
cmtpkwmgj05uz04jvu6lkqzj7,聖戰錄,2,DOS,DOS,DOS,,cdg-2534,cdg-2534,,,
cmtpkecby01yz04jvuzubcc5b,聖獸傳說,4,DOS,DOS,DOS,,cdg-4039,cdg-4039,,,
cmsreh02s002604iehe5dfdrc,聖眼之翼,2,WIN,WIN,WIN,,cdg-2537,cdg-2537,,,
cmtpls2i60ds304jv6oe6wjf4,聖章 女神傳說,2,,WIN,WIN,,cdg-4818,cdg-4818,,靠別名對上,
cmtztlsaj008404l5fyz1l0vb,聖誕之吻（EB收藏集＋）,1,,PSP、PS2,,PSP、PS2,VOL.333,索引:聖誕之吻eb收藏集,,,
cmss8fs7m006k04js4hotdz3y,聖靈騎士,1,WIN,WIN,WIN,,cdg-2541,cdg-2541,,,
cmtzt5atb00000agm3bjdquu7,聖騎戰史,1,,PSP,,PSP,VOL.333 VOL.337 VOL.340 VOL.343 VOL.346,索引:聖騎戰史,,,
cmtpljyld0bu304jvo94pgf4a,聖魔大戰,4,WIN,WIN,WIN,,cdg-4778,cdg-4778,,,
cmtpn9mnh01x704l6mbd8h2d2,聖魔爭霸,2,WIN,WIN,WIN,,cdg-4533,cdg-4533,,,
cmtxe41rg00040agm5bewk2ab,職棒大聯盟2K8,1,,PS2、PS3、PSP,,PS2、PS3、PSP,VOL.193,索引:職棒大聯盟2k8,,,
cmtztln6k004y04l5cbkokdk2,職棒家庭棒球場DS 2010,1,,NDS,,NDS,VOL.284,索引:職棒家庭棒球場ds2010,,,
cmsx2w9je007m04ld2cbxa0dy,職業網球大賽,2,DOS,DOS,DOS,,cdg-4729,cdg-4729,,,
cmt1hzs1q000q04ldau392kcn,職業網球大賽2,2,,DOS,DOS,,cdg-4593,cdg-4593,,來源同時給了別筆(1),Pro Tennis Tour 2
cmtpkcbi901jb04jv4msf331r,腦筋急轉彎,1,,WIN,WIN,,cdg-2151,cdg-2151,,靠別名對上,
cmsyqnpl6002h04i5uhscplf4,臉譜方塊,1,DOS,DOS,DOS,,cdg-3500,cdg-3500,,,
cmtpn9mi901w204l6wnztpncv,臥虎藏龍之青冥劍,1,WIN,WIN,WIN,,cdg-1319,cdg-1319,,,
cmtpkgvoe02lf04jverigrdue,臥龍傳,6,DOS,DOS,DOS,,cdg-1320,cdg-1320,,,
cmtplv1jf0eg404jvptnnzjhg,致命武力,5,WIN,WIN,WIN,,cdg-0849,cdg-0849,,,
cmtpn561200uj04l6ptauanwa,致命武力2重生,3,,WIN,WIN,,cdg-0850,cdg-0850,,靠別名對上,
cmtztm1h500340agm6xgygwh5,航海王 海賊無雙2,1,,PSV、PS3,,PSV、PS3,VOL.425,索引:航海王海賊無雙2,,,
cmtztlpr3006e04l5d96fe4v4,航海王 無限巡航SP,1,,3DS,,3DS,VOL.327,索引:航海王無限巡航sp,,,
cmtplth1y0e1w04jvnzuu8s8a,航空大亨,1,,DOS,DOS,,cdg-0858,cdg-0858,,靠別名對上,
cmtpkktey03bk04jv3ku626vz,航空霸業 2,1,DOS,DOS,DOS,,cdg-0861,cdg-0861,,,
cmsreh0ao005504ie1xmht4xq,艦隊指揮官,1,WIN,WIN,WIN,,cdg-0864,cdg-0864,,,
cmta8xkx1002a04l6jinta2i6,艾薇拉,1,,DOS,DOS,,cdg-3965,cdg-3965,,靠別名對上,
cmta1ag29003t04jwzdikc78v,艾薇拉2,1,,DOS,DOS,,cdg-3971,cdg-3971,,靠別名對上,
cmtplrmjy0doy04jv7y2a5ah7,艾薩克外傳 陽光少年遊,1,WIN,WIN,WIN,,cdg-3417,cdg-3417,,,
cmtztltx800010agmr8yo5ruu,花店故事,1,,NDS,,NDS,VOL.336,索引:花店故事,,,
cmtplaaxz09eq04jvslj723mt,花木蘭,2,,DOS,DOS,,cdg-3422,cdg-3422,,靠別名對上,
cmtpn7cny01dx04l60p3i1j0a,花神傳說,3,WIN,WIN,WIN,,cdg-3424,cdg-3424,,,
cmtpksrqt04zz04jvej494rux,英倫霸主,2,DOS,DOS,DOS,,cdg-3425,cdg-3425,,,
cmtpls2g40drl04jv82uoypkw,英熊本色,1,WIN,WIN,WIN,,cdg-3428,cdg-3428,,,
cmswq0tdi007d04l6dnphtdiv,英雄傳奇,2,,DOS,DOS,,cdg-3429,cdg-3429,,來源同時給了別筆(1),英雄傳奇I
cmu097guj001304l7h8nia5h5,英雄傳奇 搭檔群雄,1,,PSP,,PSP,VOL.361 VOL.362 VOL.365 VOL.369,索引:英雄傳奇搭檔群雄,,,
cmta1ag4b004604jwuo0kzbby,英雄傳奇3,0,,DOS,DOS,,cdg-4183,cdg-4183,,靠別名對上、來源同時給了別筆(1),Quest for Glory III: WAGES OF WAR
cmtpkerck023q04jv17u18pmh,英雄傳奇4,1,DOS,DOS,DOS,,cdg-3432,cdg-3432,,,
cmswuue1e002104l4nbpd0t6r,英雄傳奇I,2,,DOS,DOS,,cdg-3429,cdg-3429,,靠別名對上、來源同時給了別筆(1),英雄傳奇
cmtpl2wu607k104jv7ks7z5a0,英雄傳說 IV：朱紅血,1,,DOS,DOS,,cdg-3437,cdg-3437,,靠別名對上,
cmtpll9fd0c9004jv8w7wxi14,英雄本色,10,WIN,WIN,WIN,,cdg-3446,cdg-3446,,,
cmtpksrje04xs04jvny26a6z0,英雄聖戰,4,DOS,DOS,DOS,,cdg-3448,cdg-3448,,,
cmsvn61rn001304l8n52jb2ck,荒野遊俠,3,DOS,DOS,DOS,,cdg-3988,cdg-3988,,,
cmtpnr49e059g04l6vhzmyx4a,萬夫莫敵：聖女傳,1,WIN,WIN,WIN,,cdg-3459,cdg-3459,,,
cmss8fsag007y04jsa6iew4g3,萬艦齊發,3,WIN,WIN,WIN,,cdg-5380,cdg-5380,,,
cmss8fsc8008i04js8k14yk2q,蒼穹守護者,4,WIN,WIN,WIN,,cdg-3468,cdg-3468,,,
cmtzt4ov3003u0agm9k8ejtwp,蒼空騎士 ～飛向CODA～,1,,NDS,,NDS,VOL.317,索引:蒼空騎士飛向coda,,,
cmtztlzr8002c0agmi1m0134f,蒼翼默示錄 複製幻象,1,,3DS,,3DS,VOL.412,索引:蒼翼默示錄複製幻象,,,
cmtzumcx000120agmx9r63b9c,蒼翼默示錄 連續變幻,1,,PS3、X360,,PS3、X360,VOL.284,索引:蒼翼默示錄連續變幻,,,
cmtztlsiq008a04l5ztxw1brw,蒼翼默示錄 連續變幻II,1,,3DS、PSP,,3DS、PSP,VOL.324 VOL.333,索引:蒼翼默示錄連續變幻ii,,,
cmtpn1wf300bm04l6uax1kf0v,蒼鋼騎兵,1,WIN,WIN,WIN,,cdg-5166,cdg-5166,,,
cmtpnad8e024g04l68qp3ebt7,蒼龍少年,8,WIN,WIN,WIN,,cdg-3471,cdg-3471,,,
cmsylqo2u000d04ji9sfesc82,蓋世龍王,4,,DOS,DOS,,cdg-3857,cdg-3857,,來源同時給了別筆(1),Dragon Lord
cmta92g37007r04l6dk743x8l,蕩魔平妖誌,1,DOS,DOS,DOS,,cdg-3850,cdg-3850,,,
cmu097tom002p0agmfpyuf0er,薄櫻鬼 黎明錄DS,1,,NDS,,NDS,VOL.368,索引:薄櫻鬼黎明錄ds,,,
cmtzt5cyr00140agm8hk86j04,薩爾達傳說 時之笛3D,2,,3DS,,3DS,VOL.335 VOL.337 VOL.339 VOL.346,索引:薩爾達傳說時之笛3d,,,
cmtzt5s1o008m0agmp4p7bxl0,薩爾達傳說 通天劍,7,,WII,,WII,VOL.360 VOL.361 VOL.362 VOL.363 VOL.365 VOL.366 VOL.367 VOL.368,索引:薩爾達傳說通天劍,,,
cmsyrh7sa001g04lf1mt9eqt0,藍十字勳章,1,DOS,DOS,DOS,,cdg-4577,cdg-4577,,,
cmswqdm4900b004l6495kjtks,藍天使飛行特技小組,1,DOS,DOS,DOS,,cdg-4731,cdg-4731,,,
cmtpnzfxf072w04l6gpgjki6j,藍色天使隊,3,WIN,WIN,WIN,,cdg-3476,cdg-3476,,,
cmtpl0fhj06ut04jvegse454h,藍色石榴石,1,DOS,DOS,DOS,,cdg-3478,cdg-3478,,,
cmtpliao50bhc04jv9557ak1v,藍調情人,1,WIN,WIN,WIN,,cdg-5155,cdg-5155,,,
cmtxe43h3004m0agmh1tr6ytl,藍龍PLUS,2,,NDS,,NDS,VOL.181 VOL.184,索引:藍龍plus,,,
cmtpn7cob01e004l6agjyetnl,藏天神魔傳,1,,WIN,WIN,,cdg-3480,cdg-3480,,來源同時給了別筆(1),西藏鎮魔曲
cmt9rt6sd002w04jskyq6sgvo,蘿拉推理系列：匕首疑雲,3,DOS,DOS,DOS,,cdg-4612,cdg-4612,,,
cmtpkwmdo05u704jv796wy61h,虎將神兵,2,DOS,DOS,DOS,,cdg-4067,cdg-4067,,,
cmtpludik0ea204jvhj360kev,虛擬人生2,1,WIN,WIN,WIN,,cdg-2827,cdg-2827,,,
cmtztlq9y006l04l5d2qg9j55,虛擬實戰網球4,1,,PS3、X360,,PS3、X360,VOL.328,索引:虛擬實戰網球4,,,
cmtpn82rd01k704l6gwkdjqm9,蛋蛋大車拼,1,WIN,WIN,WIN,,cdg-2840,cdg-2840,,,
cmsvoexla005h04l8j0zpv3yy,蜘蛛人,4,DOS,DOS,DOS,,cdg-4716,cdg-4716,,,
cmtplbll209qv04jv9xtifwdv,蜘蛛超人,1,WIN,WIN,WIN,,cdg-2844,cdg-2844,,,
cmtpkznfq06qg04jvuvnvza1h,蜥蜴超人,1,DOS,DOS,DOS,,cdg-2845,cdg-2845,,,
cmsyqnps3004g04i5co9lv7xy,蝙蝠俠·電影版,1,,DOS,DOS,,cdg-4504,cdg-4504,,來源同時給了別筆(1),蝙蝠俠。電影版
cmsyevzw4000104l11vw046rv,蝙蝠俠。電影版,2,,DOS,DOS,,cdg-4504,cdg-4504,,來源同時給了別筆(1),蝙蝠俠·電影版
cmtpjz2l0002104jvayspypwq,蠟像館之謎,3,,DOS,DOS,,cdg-3872,cdg-3872,,來源同時給了別筆(1),Waxworks
cmtpljyjy0btp04jvcfuopmya,蠟筆小新,3,WIN,WIN,WIN,,cdg-2847,cdg-2847,,,
cmsvoexmz005x04l8vp69aizn,蠻俠神鷹,3,DOS,DOS,DOS,,cdg-4717,cdg-4717,,,
cmsxqa322000w04l4uii6kd6p,行星末日戰記,2,DOS,DOS,DOS,,cdg-4430,cdg-4430,,,
cmsyq9fkx003j04jnypxmhxpb,街頭小霸王,2,DOS,DOS,DOS,,cdg-0871,cdg-0871,,,
cmsvna21e008j04l8e3kmhnlz,街頭鬥士,1,DOS,DOS,DOS,,cdg-0873,cdg-0873,,,
cmsvud7sh000704l6wv0xnueh,衝鋒飛車,5,DOS,DOS,DOS,,cdg-0874,cdg-0874,,,
cmtpkpmtk047v04jviagtxptb,裝甲元帥,1,DOS,DOS,DOS,,cdg-0879,cdg-0879,,,
cmtplfzm00ax304jviyc4fo0v,裝甲先鋒,1,DOS,DOS,DOS,,cdg-5124,cdg-5124,,,
cmt03mnrd003u04l512bjawz7,裝甲雄師,1,,DOS,DOS,,cdg-0885,cdg-0885,,來源同時給了別筆(1),裝甲雄獅
cmswq0tcj007404l6etx9t0ob,裝甲雄獅,3,,DOS,DOS,,cdg-0885,cdg-0885,,靠別名對上、來源同時給了別筆(1),裝甲雄師
cmtplth670e2t04jv9ptlh74d,裝甲騎兵,1,WIN,WIN,WIN,,cdg-0887,cdg-0887,,,
cmtpnt55p05ou04l6cv24k4y9,裝甲騎兵2,2,WIN,WIN,WIN,,cdg-0888,cdg-0888,,,
cmtpktg8s053y04jvhkvkadg9,西楚霸王,3,,DOS,DOS,,cdg-0890,cdg-0890,,靠別名對上、來源同時給了別筆(1),西楚霸王—項羽
cmtpkqejf04bi04jvmr9x7dzi,西楚霸王—項羽,2,,DOS,DOS,,cdg-0890,cdg-0890,,來源同時給了別筆(1),西楚霸王
cmtd0z9nw000c04l6q362yufz,西洋封神榜,1,DOS,DOS,DOS,,cdg-0891,cdg-0891,,,
cmta8mexm001404jr77lidtke,西洋棋王,2,DOS,DOS,DOS,,cdg-4617,cdg-4617,,,
cmtpn2nv500hd04l6ogywoyui,西藏鎮魔曲,1,,WIN,WIN,,cdg-3480,cdg-3480,,靠別名對上、來源同時給了別筆(1),藏天神魔傳
cmtpkhkng02qo04jvr3hq3bpw,西遊記,2,DOS,DOS,DOS,,cdg-0893,cdg-0893,,,
cmtpk6hn7019k04jvvm5ibh0w,西遊記外傳,4,DOS,DOS,DOS,,cdg-0897,cdg-0897,,,
cmtplgry00b4a04jv27rhdysj,西風狂詩曲,1,WIN,WIN,WIN,,cdg-0898,cdg-0898,,,
cmtplokdd0cyz04jveiop57ls,西風狂詩曲2～暴風雨,2,WIN,WIN,WIN,,cdg-0899,cdg-0899,,,
cmsylqo41000j04ji5ag5kvco,親愛的，我被電視吸走了！,1,,DOS,DOS,,cdg-3972,cdg-3972,,來源同時給了別筆(1),Altered Destiny
cmtztlo9y005v04l5ooxscjju,角色快拍! 湯瑪斯小火車/HELLO KITTY,1,,NDS,,NDS,VOL.317,索引:角色快拍湯瑪斯小火車hellokitty,,,
cmtztlqa5006m04l50g8lh1mu,角色快拍！美樂蒂,1,,NDS,,NDS,VOL.328,索引:角色快拍美樂蒂,,,
cmtzt4wsr007u0agmulgpczlg,解放之刃REXX,1,,3DS、PSP,,3DS、PSP,VOL.327 VOL.335,索引:解放之刃rexx,,,
cmtplm10i0cgv04jvvznv9i2g,解放軍之怒,1,WIN,WIN,WIN,,cdg-0902,cdg-0902,,,
cmtztlprb006f04l5n8up0o0v,觸控！雙筆運動,1,,3DS,,3DS,VOL.327 VOL.331 VOL.334 VOL.338,索引:觸控雙筆運動,,,
cmtzt6asu00is0agm7ehfngni,討鬼傳,2,,PSP、PSV,,PSP、PSV,VOL.423 VOL.438,索引:討鬼傳,,,
cmtpkktb203ad04jvq31yarjc,誕生,4,DOS,DOS,DOS,,cdg-3338,cdg-3338,,,
cmta8ukwy000y04l6yw7xbny2,諸神的黃昏,1,DOS,DOS,DOS,,cdg-3339,cdg-3339,,,
cmtzt5f1s00270agmvn876lys,諾菈與時間工房 迷霧森林的魔女,2,,NDS,,NDS,VOL.337 VOL.339 VOL.346 VOL.348,索引:諾菈與時間工房迷霧森林的魔女,,,
cmtzt56w300d10agmb6r9jnyv,謎惑館 ～聲音之間～,1,,3DS,,3DS,VOL.332 VOL.334,索引:謎惑館聲音之間,,,
cmt1mj8ws003504jum5bt3umq,警察故事,2,DOS,DOS,DOS,,cdg-3868,cdg-3868,,,
cmsvn61uc001r04l8uwi8g4kn,警察故事 II,2,,DOS,DOS,,cdg-4431,cdg-4431,,靠別名對上,
cmtpkrzy204ow04jv0mth2c0g,警察故事 V：霹靂小組,1,,DOS,DOS,,cdg-5265,cdg-5265,,靠別名對上,
cmt03mn8u000a04l535m4ump8,警察故事3－陰謀,1,,DOS,DOS,,cdg-4592,cdg-4592,,來源同時給了別筆(1),Police Quest 3: The Kindred
cmtpknffg03h204jvmoeva227,象棋俄羅斯,2,DOS,DOS,DOS,,cdg-2138,cdg-2138,,,
cmss8fs0r003v04jsf2qt4cpq,象棋水滸戰2,1,WIN,WIN,WIN,,cdg-2153,cdg-2153,,,
cmtplet5z0alh04jv57jfjeoz,象棋路邊攤,1,WIN,WIN,WIN,,cdg-2155,cdg-2155,,,
cmtpkqel504c304jvd0v56phf,賊佳拍檔,1,DOS,DOS,DOS,,cdg-4069,cdg-4069,,,
cmtzt5ytv00cd0agmtxw7e666,質量效應3,2,,PS3、X360,,PS3、X360,VOL.378 VOL.380 VOL.381,索引:質量效應3,,,
cmsyq9fme003x04jnaxzq8z2z,賭城大觀,1,DOS,DOS,DOS,,cdg-4582,cdg-4582,,,
cmswprlh9002w04l67cjnwyc5,賭神,3,DOS,DOS,DOS,,cdg-3349,cdg-3349,,,
cmtztm0yi002u0agm17t0y5jh,賽馬大亨7 2013,1,,PSP、PS3,,PSP、PS3,VOL.416 VOL.423,索引:賽馬大亨72013,,,
cmsyqgoqc00b104jn5i1z2su4,赤壁之戰,2,DOS,DOS,DOS,,cdg-3359,cdg-3359,,,
cmtpkp9sv03yn04jvnjf03iot,赤日,4,DOS,DOS,DOS,,cdg-4070,cdg-4070,,,
cmtzumcq5000y0agmldlfhimb,赤色鋼鐵2,1,,WII,,WII,VOL.284,索引:赤色鋼鐵2,,,
cmtzt64fe00fd0agmoum0hmpy,走出戶外 動物之森,2,,3DS,,3DS,VOL.407 VOL.412 VOL.414 VOL.416 VOL.420 VOL.421 VOL.423 VOL.425 VOL.429 VOL.438,索引:走出戶外動物之森,,,
cmtztlyvh001w0agm8czsum8s,走投無路危險爺爺 邪（暫定）,1,,3DS,,3DS,VOL.398,索引:走投無路危險爺爺邪暫定,,,
cmtpks03k04qm04jvbfp2dkmx,超時空戰機,1,,DOS,DOS,,cdg-5224,cdg-5224,,來源同時給了別筆(1),BARYON
cmtpkqegv04ao04jvnp0917py,超時空英雄傳說,4,DOS,DOS,DOS,,cdg-2172,cdg-2172,,,
cmtpl3lsj07nw04jvd89y2v9d,超時空英雄傳說2,4,,DOS,DOS,,cdg-2173,cdg-2173,,靠別名對上,
cmtplbloa09ru04jv8tf4mu2t,超時空英雄傳說2～北方密使,1,,DOS,DOS,,cdg-2174,cdg-2174,,靠別名對上,
cmtpki0d902wo04jveu1cx0p6,超時空要塞,4,DOS,DOS,DOS,,cdg-2176,cdg-2176,,,
cmtzt4vcd00740agm5bk6gpg6,超時空要塞 三角邊疆,2,,PSP,,PSP,VOL.324 VOL.326 VOL.328 VOL.331,索引:超時空要塞三角邊疆,,,
cmtpkol8p03to04jvehp6wcz2,超未來少女,1,,DOS,DOS,,cdg-2178,cdg-2178,,來源同時給了別筆(1),FORESIGHT DOLLY
cmtplcvvi0a3j04jv196om1eq,超級五子棋,1,DOS,DOS,DOS,,cdg-2182,cdg-2182,,,
cmtpko62d03n504jvicr11ta1,超級大富翁,3,DOS,DOS,DOS,,cdg-4129,cdg-4129,,,
cmtzt589c00ds0agmjs00ukcz,超級快打旋風IV ARCADE EDITION,3,,ARCADE、PS3、X360,,ARCADE、PS3、X360,VOL.332 VOL.335 VOL.346,索引:超級快打旋風ivarcadeedition,,,
cmu097s2m001o0agm8oha6wfk,超級戰隊大戰 群雄雲集,1,,WII,,WII,VOL.334,索引:超級戰隊大戰群雄雲集,,,
cmt1hzs3n001804ldofd4dj8m,超級星式9號,3,,DOS,DOS,,cdg-2201,cdg-2201,,靠別名對上、來源同時給了別筆(1),Nova 9
cmtzt4kvc001o0agmf6yy68jv,超級機器人大戰OG傳奇 魔裝機神,1,,NDS,,NDS,VOL.284,索引:超級機器人大戰og傳奇魔裝機神,,,
cmtzt5t8k009e0agmb77yp49f,超級機器人大戰OG傳奇 魔裝機神II,1,,PSP,,PSP,VOL.361 VOL.364 VOL.366 VOL.368,索引:超級機器人大戰og傳奇魔裝機神ii,,,
cmtztloa4005w04l5wbw27mva,超級猴子球3D（暫定）,1,,3DS,,3DS,VOL.317,索引:超級猴子球3d暫定,,,
cmtzt5tes009i0agmeree4e02,超級瑪利歐3D樂園,4,,3DS,,3DS,VOL.360 VOL.361 VOL.362 VOL.363 VOL.364 VOL.365,索引:超級瑪利歐3d樂園,,,
cmtztm19v002z0agmnkb5lyiy,超級英雄 武力對決,1,,PS3、X360,,PS3、X360,VOL.425 VOL.429,索引:超級英雄武力對決,,,
cmtpk6ho2019r04jvfzyc5783,超級越野賽車,1,DOS,DOS,DOS,,cdg-5356,cdg-5356,,,
cmtplgrvp0b3l04jvik4d88bm,超級運動員2,1,,DOS,DOS,,cdg-4785,cdg-4785,,靠別名對上,
cmtpl7z3y08u604jvmfgmg49v,超級酒店大亨,3,DOS,DOS,DOS,,cdg-2228,cdg-2228,,,
cmtplm0v40cf604jvyf4e99mr,超級酒店大亨2,1,WIN,WIN,WIN,,cdg-2229,cdg-2229,,,
cmtplgrz40b4m04jviobws27x,超級醫生3,1,WIN,WIN,WIN,,cdg-2230,cdg-2230,,,
cmtzt5ff4002f0agm9yyvs90p,超越未來 導正時箭,1,,PSP、PS3,,PSP、PS3,VOL.337,索引:超越未來導正時箭,,,
cmtpnsgje05kd04l6kdeyeg7l,超魔法大戰,2,WIN,WIN,WIN,,cdg-2235,cdg-2235,,,
cmtzt4xyt008i0agm3znhywof,越野風暴3,1,,PS3,,PS3,VOL.324 VOL.327 VOL.331 VOL.333,索引:越野風暴3,,,
cmtzt698m00hz0agmvzt0m23f,路易吉的鬼屋2,2,,3DS,,3DS,VOL.412 VOL.420 VOL.421 VOL.429,索引:路易吉的鬼屋2,,,
cmsx2w9ag005e04ld4tuk991h,跳跳飛球,1,,DOS,DOS,,cdg-4736,cdg-4736,,來源同時給了別筆(1),Pop Up
cmtpkg3dq02f604jvjiogiisv,跳跳魔法師,2,,DOS,DOS,,cdg-4659,cdg-4659,,來源同時給了別筆(1),HOCUS POCUS
cmtztlxfl00160agm7ebbg9zy,車輪國與向日葵少女,1,,PSP,,PSP,VOL.362,索引:車輪國與向日葵少女,,,
cmtxe42mx001r04jl3swee025,軍神 奧林帕斯的鎖鏈,1,,PSP,,PSP,VOL.185,索引:軍神奧林帕斯的鎖鏈,,,
cmtplx9yr0eye04jv1kxth1na,軒轅伏魔錄,1,WIN,WIN,WIN,,cdg-1880,cdg-1880,,,
cmswpwlvf005e04l60fd3t21a,軒轅劍,2,DOS,DOS,DOS,,cdg-1881,cdg-1881,,,
cmtpkcbb001hh04jvos70kkop,軒轅劍2,1,,DOS,DOS,,cdg-1882,cdg-1882,,來源同時給了別筆(1),軒轅劍貳
cmss8frug001104jsuos063hd,軒轅劍3-雲和山的彼端,1,,WIN,WIN,,cdg-1884,cdg-1884,,來源同時給了別筆(1),軒轅劍參～雲和山的彼端
cmtpnwwzo06ir04l6jztyn299,軒轅劍伍,1,,WIN,WIN,,cdg-1888,cdg-1888,,靠別名對上,
cmtpludkj0eak04jv2rhss864,軒轅劍參外傳 天之痕,5,,WIN,WIN,,cdg-1885,cdg-1885,,靠別名對上,
cmtplq3p00ddr04jv6a4q7gmy,軒轅劍參～雲和山的彼端,1,,WIN,WIN,,cdg-1884,cdg-1884,,靠別名對上、來源同時給了別筆(1),軒轅劍3-雲和山的彼端
cmtpki0cx02wm04jvdazsmx38,軒轅劍外傳 楓之舞,1,,DOS,DOS,,cdg-1883,cdg-1883,,靠別名對上,
cmtpnr47u059204l6r3aek410,軒轅劍外傳漢之雲,1,WIN,WIN,WIN,,cdg-1889,cdg-1889,,,
cmtpnntua04i304l60ixxbfxd,軒轅劍外傳：蒼之濤,6,,WIN,WIN,,cdg-1887,cdg-1887,,靠別名對上,
cmtpkd3q301n104jv9f4czpqo,軒轅劍貳,5,,DOS,DOS,,cdg-1882,cdg-1882,,靠別名對上、來源同時給了別筆(1),軒轅劍2
cmtpl6v7408l104jv91btuvwb,軒轅聖戰錄,5,DOS,DOS,DOS,,cdg-1894,cdg-1894,,,
cmtpkktbd03ag04jv053d3rzw,轉校生,3,DOS,DOS,DOS,,cdg-1896,cdg-1896,,,
cmtplblwp09ua04jv9ng864a4,轉輪王幻夢,1,,WIN,WIN,,cdg-0271,cdg-0271,,靠別名對上,
cmtpkr5zn04in04jvrghwwzvw,辛巴達幻境奇航,2,WIN,WIN,WIN,,cdg-5351,cdg-5351,,,
cmtplfzew0avn04jvaawzaajw,迦陵演義,1,WIN,WIN,WIN,,cdg-4267,cdg-4267,,,
cmsvn87e8004u04l86kdl0ata,迷你高爾夫,1,DOS,DOS,DOS,,cdg-4712,cdg-4712,,,
cmtpo2lz107rp04l6mluptzmm,迷城國度,1,,DOS,DOS,,cdg-3873,cdg-3873,,靠別名對上,
cmt03mnik002304l5tjuki0pq,迷宮動動腦,1,DOS,DOS,DOS,,cdg-2555,cdg-2555,,,
cmtpkv0dc05gz04jvywktk9j9,迷走都市,1,DOS,DOS,DOS,,cdg-2558,cdg-2558,,,
cmss8frxd002a04js6vtnzgc6,退魔傳說,2,WIN,WIN,WIN,,cdg-5149,cdg-5149,,,
cmtpkk61h032e04jv0xlifb4m,逆玉王,2,DOS,DOS,DOS,,cdg-2564,cdg-2564,,,
cmtzt4mry002p0agm34ws9lrw,逆轉檢事2,7,,NDS,,NDS,VOL.316 VOL.321 VOL.324 VOL.326 VOL.327 VOL.328 VOL.329 VOL.331,索引:逆轉檢事2,,,
cmtzuniah003q0agmz1y7obj0,逆轉裁判5,1,,3DS,,3DS,VOL.438,索引:逆轉裁判5,,,
cmtplizyo0bnk04jv7s5vne1t,逐鹿中原,3,,WIN,WIN,,cdg-2569,cdg-2569,,靠別名對上,
cmsyqgovz00c904jn2kj71upj,通天蜘蛛人,2,DOS,DOS,DOS,,cdg-4749,cdg-4749,,,
cmsyqgokn009v04jntg5bumwd,連環泡,1,DOS,DOS,DOS,,cdg-2576,cdg-2576,,,
cmtztlrqw007r04l5b6afg43j,進化世代2：全面解放,1,,PS3、X360,,PS3、X360,VOL.331 VOL.332,索引:進化世代2全面解放,,,
cmtb4t93e000804l7ycb8rbqs,遊戲剋星,1,DOS,DOS,DOS,,cdg-5372,cdg-5372,,,
cmtpkkth003c604jvizkpluyw,運輸大亨,1,,DOS,DOS,,cdg-2583,cdg-2583,,來源同時給了別筆(1),Transport Tycoon
cmtpkpmjj045q04jvuw6tq9kz,運鏢天下,2,,DOS,DOS,,cdg-2584,cdg-2584,,靠別名對上,
cmu097tp2002q0agm2enasrnj,遙遠時空5 風花記,1,,PSP,,PSP,VOL.368,索引:遙遠時空5風花記,,,
cmtzt5pw7007i0agmgcfmsm1d,邊境保衛戰 爆聲震天,1,,ARCADE,,ARCADE,VOL.346,索引:邊境保衛戰爆聲震天,,,
cmtpkv09f05g604jvttbu4o7n,邊緣戰區,2,DOS,DOS,DOS,,cdg-2590,cdg-2590,,,
cmtzt62aw00ea0agmmlxhgagk,那由多之軌跡,1,,PSP,,PSP,VOL.398,索引:那由多之軌跡,,,
cmtpl8ovd091004jv1m0klns8,邪神,1,DOS,DOS,DOS,,cdg-4150,cdg-4150,,,
cmtpk138c00f904jveqrkayl8,邪神傳說,1,DOS,DOS,DOS,,cdg-2592,cdg-2592,,,
cmtpker7g022204jv0re5qk2y,邪神大地,2,DOS,DOS,DOS,,cdg-2593,cdg-2593,,,
cmtpn6pko019y04l6bl0b5ex1,鄭問之三國誌,2,WIN,WIN,WIN,,cdg-2596,cdg-2596,,,
cmsvoexzs008o04l8o0iqnokm,醫生也瘋狂,1,DOS,DOS,DOS,,cdg-2598,cdg-2598,,,
cmtplycmo0f2w04jv1nqfeis4,重裝武力,2,,WIN,WIN,,cdg-1322 cdg-1321,cdg-1322 cdg-1321,,靠別名對上、對到多個來源條目,
cmtpn562c00uu04l6kquqfpnx,重裝武力2,2,WIN,WIN,WIN,,cdg-1323,cdg-1323,,,
cmtplgzzp0b9b04jvg76jiwlb,重返克朗多,2,WIN,WIN,WIN,,cdg-5216,cdg-5216,,,
cmtpkg3fb02fp04jvfg4ibdu4,重返魔域,2,,DOS,DOS,,cdg-1152,cdg-1152,,靠別名對上、來源同時給了別筆(1),RETURN TO ZORK
cmsvna22l008v04l85bggrj4k,重金屬坦克,4,DOS,DOS,DOS,,cdg-4713,cdg-4713,,,
cmswq0tbs006y04l61tvkdo7e,重金屬美女,1,DOS,DOS,DOS,,cdg-1326,cdg-1326,,,
cmsvo5yhi001g04l8n9ni1zlz,野外棒球,1,DOS,DOS,DOS,,cdg-4695,cdg-4695,,,
cmtpky3jp06a704jvg2zm6n9u,野店,1,WIN,WIN,WIN,,cdg-1327,cdg-1327,,,
cmtpkfr5902ap04jv6rkb589b,金庸快打,2,DOS,DOS,DOS,,cdg-2862,cdg-2862,,,
cmtpksri304xd04jvflcodsjx,金庸群俠傳,8,DOS,DOS,DOS,,cdg-2865,cdg-2865,,,
cmsx2unhn001104ld0sgi2kki,金牌拳王,3,,DOS,DOS,,cdg-4570,cdg-4570,,來源同時給了別筆(1),LOW BLOW
cmtpl2wwc07ki04jv6nkhvhwi,金瓶梅之偷情寶鑑,1,DOS,DOS,DOS,,cdg-2883,cdg-2883,,,
cmtpktgea055n04jv98c59asw,金錢帝國,2,,WIN,WIN,,cdg-4541,cdg-4541,,靠別名對上、來源同時給了別筆(1),金錢帝國黃金版
cmtpl790608sx04jvqejalk5k,金錢帝國黃金版,1,,WIN,WIN,,cdg-4541,cdg-4541,,來源同時給了別筆(1),金錢帝國
cmtzt5dp5001k0agmzu1wk1qu,釣魚樂無窮,1,,3DS,,3DS,VOL.335,索引:釣魚樂無窮,,,
cmtpk4x5700yo04jvma75t153,鈔票強強滾,3,DOS,DOS,DOS,,cdg-4631,cdg-4631,,,
cmtpnvldu069204l6cz6qyykz,銀河創世紀2,1,WIN,WIN,WIN,,cdg-5113,cdg-5113,,,
cmtpkv08c05fx04jv062x114y,銀河守護團,1,DOS,DOS,DOS,,cdg-2894,cdg-2894,,,
cmsyq9fid003504jn9k2gb2w9,銀河帝國傳,5,DOS,DOS,DOS,,cdg-2895,cdg-2895,,,
cmtpll9ba0c7r04jvd3uvsy4t,銀河帝國傳說,2,WIN,WIN,WIN,,cdg-2896,cdg-2896,,,
cmtpksrfa04wj04jvx5031e9j,銀河帝國大決戰 II,1,DOS,DOS,DOS,,cdg-5365,cdg-5365,,,
cmtpkfc0v027v04jvtzkre28d,銀河帝國大決戰豪華版,1,DOS,DOS,DOS,,cdg-4654,cdg-4654,,,
cmtpkgv7g02i304jv19bzv3gv,銀河艦隊,2,,DOS,DOS,,cdg-2901 cdg-2916,cdg-2901 cdg-2916,,靠別名對上、對到多個來源條目,
cmsvpx5ap001904ldd264g5gn,銀河英雄,5,,DOS,DOS,,cdg-2902 cdg-2903,cdg-2902 cdg-2903,,靠別名對上、對到多個來源條目、來源同時給了別筆(2),Space Rogue / 寒漠風暴
cmtpkqeh304ar04jvui0x7zr9,銀河英雄傳說IV EX,4,,DOS、WIN,DOS、WIN,,cdg-2905 cdg-2906,cdg-2905 cdg-2906,,靠別名對上、對到多個來源條目,
cmsvn87gr005g04l8s4c3aorn,銀河迷宮,1,DOS,DOS,DOS,,cdg-4688,cdg-4688,,,
cmtpkgvtl02mh04jv7sujth20,銀河霸王,1,DOS,DOS,DOS,,cdg-5290,cdg-5290,,,
cmsybi8df000v04l24yjk6o3e,銀河飛將,19,,DOS,DOS,,cdg-2911,cdg-2911,,來源同時給了別筆(1),Wing Commander
cmtpkdgtg01u204jvep5w15j6,銀河飛將私掠者,1,,DOS,DOS,,cdg-2909,cdg-2909,,靠別名對上,
cmta91umr005z04l6uvwxmmdw,銀河飛鷹,1,APPLE2,APPLE2,APPLE2,,cdg-4985,cdg-4985,,,
cmtpkp9ze040b04jv9zbv2bwk,銀河飛龍,4,DOS,DOS,DOS,,cdg-2919,cdg-2919,,,
cmsybekxr001z04jvf8jvkx4o,銀色匕首之謎,5,DOS,DOS,DOS,,cdg-2924,cdg-2924,,,
cmsxqa302000d04l4huw8a002,銀行大盜,1,DOS,DOS,DOS,,cdg-4742,cdg-4742,,,
cmtztlz8i00240agmj6how1t9,銀魂雙六,1,,PSP,,PSP,VOL.407,索引:銀魂雙六,,,
cmtzt4sxr005z0agm1agqk3u2,鋼彈3D對戰,6,,3DS,,3DS,VOL.324 VOL.326 VOL.327 VOL.329 VOL.331 VOL.332,索引:鋼彈3d對戰,,,
cmtzt58yc00e30agmuwerrqml,鋼彈回憶錄 ～歷戰回憶～,1,,PSP,,PSP,VOL.333 VOL.336 VOL.339 VOL.340,索引:鋼彈回憶錄歷戰回憶,,,
cmtzumbvp000p0agm36jquz2i,鋼彈無雙 特別版,1,,PS2,,PS2,VOL.181 VOL.184,索引:鋼彈無雙特別版,,,
cmtzun9vt001q0agm9aihu0qc,鋼彈無雙3,1,,PS3、X360,,PS3、X360,VOL.316 VOL.321,索引:鋼彈無雙3,,,
cmtxe41ty000h0agmahydmilh,鋼彈的徽章,2,,NDS,,NDS,VOL.184 VOL.193,索引:鋼彈的徽章,,,
cmtzt4jvw00140agmszjjujmu,鋼彈突擊求生戰,1,,PSP,,PSP,VOL.284,索引:鋼彈突擊求生戰,,,
cmtplblun09to04jvjpgptry9,鋼鐵勁旅,1,DOS,DOS,DOS,,cdg-4647,cdg-4647,,,
cmtpl2b2y07ar04jvv3vi587b,鋼鐵勁旅 II,2,,DOS,DOS,,cdg-5085,cdg-5085,,靠別名對上,
cmtpl7z7y08vh04jv1ez4q1yu,鋼鐵勁旅III,1,,DOS,DOS,,cdg-5086,cdg-5086,,靠別名對上,
cmtpl8owg091c04jvv4prhcp2,鋼鐵戰場,1,WIN,WIN,WIN,,cdg-5102,cdg-5102,,,
cmtpks01s04q004jvwok6nrvv,鋼鐵騎士團,2,DOS,DOS,DOS,,cdg-3593,cdg-3593,,,
cmtzt6c3k00jg0agmqi7ze713,鍊金術士愛絲卡＆羅吉 ～黃昏天空的鍊金術士～,1,,PS3,,PS3,VOL.429,索引:鍊金術士愛絲卡羅吉黃昏天空的鍊金術士,,,
cmtzt58g200dw0agmiznm9q26,鍊金術士梅露露 ～亞蘭德的鍊金術士3～,1,,PS3,,PS3,VOL.332 VOL.346,索引:鍊金術士梅露露亞蘭德的鍊金術士3,,,
cmtzt60lp00dd0agmjkjdw4ny,鍊金術士雅莎～黃昏大地的鍊金術士～,1,,PS3,,PS3,VOL.381 VOL.385,索引:鍊金術士雅莎黃昏大地的鍊金術士,,,
cmtplblk009qk04jvrp2gdfry,鏡花緣,1,WIN,WIN,WIN,,cdg-3597,cdg-3597,,,
cmsvo5ygw001c04l8m2ykt552,鐵手戰神,1,DOS,DOS,DOS,,cdg-3958,cdg-3958,,,
cmtzt56ec00ct0agmswei3wws,鐵拳TAG TOURNAMENT 2,4,,ARCADE、PS3、X360,,ARCADE、PS3、X360,VOL.331 VOL.338 VOL.339 VOL.343 VOL.400,索引:鐵拳tagtournament2,,,
cmtpkcbbh01hl04jvdtpfgf2h,鐵甲戰士,1,,DOS,DOS,,cdg-5233,cdg-5233,,來源同時給了別筆(1),Rise of the Robots
cmtpkol8j03tn04jvdmy66g0o,鐵甲旗艦,1,DOS,DOS,DOS,,cdg-4142,cdg-4142,,,
cmsvn61td001j04l8sj2a9mi6,鐵甲爭霸戰,5,DOS,DOS,DOS,,cdg-3999,cdg-3999,,,
cmta92g2j007m04l6ra5toum5,鐵甲異變,2,DOS,DOS,DOS,,cdg-4924,cdg-4924,,,
cmtpkwmh205v504jvnkrjxvvj,鐵甲神兵,1,DOS,DOS,DOS,,cdg-3600,cdg-3600,,,
cmt03mni0001z04l5rwoeeux7,鐵血傭兵,3,,DOS,DOS,,cdg-4438,cdg-4438,,來源同時給了別筆(1),HARD NOVA
cmta7yv5j002e04kz5ascbuco,鐵路 A 計劃,5,,DOS,DOS,,cdg-0039,cdg-0039,,靠別名對上,
cmsyew02g001304l1wqd550i6,鐵路大亨,11,,DOS,DOS,,cdg-3605,cdg-3605,,來源同時給了別筆(1),Railroad Tycoon
cmtple5790aay04jvf3re0m8p,鐵路大亨2,3,WIN,WIN,WIN,,cdg-3606,cdg-3606,,,
cmtpkecfw020404jvkbqkf8xp,鐵路大亨豪華版,1,DOS,DOS,DOS,,cdg-4558,cdg-4558,,,
cmtpnr44g058804l6zuxa9uko,鐵道王,1,WIN,WIN,WIN,,cdg-4847,cdg-4847,,,
cmtpkqek704br04jvmpaxg81o,鐵鎖的星群,3,,DOS,DOS,,cdg-4074,cdg-4074,,靠別名對上,
cmsybv6wo00ek04l2557ymfne,鑽石方塊,2,,DOS,DOS,,cdg-3610,cdg-3610,,來源同時給了別筆(1),Puzznic
cmsybv6j100ba04l2vb7yh4o2,長槍之役,3,,DOS,DOS,,cdg-4023,cdg-4023,,來源同時給了別筆(1),War of the Lance
cmsvn61uz001x04l8dgvknn7h,長槍英雄,4,DOS,DOS,DOS,,cdg-4163,cdg-4163,,,
cmtzt67bv00gt0agmixdm1z7z,閃亂神樂 忍者對決,1,,PSV,,PSV,VOL.412 VOL.416 VOL.420 VOL.425,索引:閃亂神樂忍者對決,,,
cmtzt5bsk000e0agmcceav4bg,閃亂神樂 忍者少女,1,,3DS,,3DS,VOL.335,索引:閃亂神樂忍者少女,,,
cmsylwgx8006l04ji9l97y5wi,閃擊戰,2,WIN,WIN,WIN,,cdg-3613,cdg-3613,,,
cmtzt4ufe006r0agmatqf2zxs,閃電十一人3 挑戰世界!! 魔獸版,1,,NDS,,NDS,VOL.324,索引:閃電十一人3挑戰世界魔獸版,,,
cmtxe41xq00150agmibfqxbs3,閃電足球隊,1,,NDS,,NDS,VOL.193,索引:閃電足球隊,,,
cmsvoibpb001104jpbltsa8ia,閃電鋼球,2,DOS,DOS,DOS,,cdg-4269,cdg-4269,,,
cmtxe4203001k0agm25p1vy99,閃電霹靂車VS,1,,PSP,,PSP,VOL.193,索引:閃電霹靂車vs,,,
cmtplgzw00b8704jvjv5663u7,閃靈奇兵,1,WIN,WIN,WIN,,cdg-3616,cdg-3616,,,
cmtplm0u50ceu04jv556hugpc,閻王令,2,WIN,WIN,WIN,,cdg-3617,cdg-3617,,,
cmtzt5lzj005f0agm48taspz7,闇影罪罰,1,,PS3、X360,,PS3、X360,VOL.340 VOL.343,索引:闇影罪罰,,,
cmtzt6bs900jc0agm8f1134fe,闇魂獻祭,3,,PSV,,PSV,VOL.423 VOL.425 VOL.429,索引:闇魂獻祭,,,
cmtplq3h10db504jvhp90jwrv,闇黑世紀,1,WIN,WIN,WIN,,cdg-3618,cdg-3618,,,
cmtzt5clb000v0agmw4knzcmy,阿修羅之怒,2,,PS3、X360,,PS3、X360,VOL.324 VOL.335 VOL.343 VOL.348 VOL.362 VOL.364 VOL.366 VOL.368 VOL.369 VOL.370 VOL.378 VOL.379,索引:阿修羅之怒,,,
cmtpn7cs101es04l6smargmb4,阿瑪迪斯戰記,3,WIN,WIN,WIN,,cdg-1354,cdg-1354,,,
cmtpl2b4607b304jv8iva8fs7,阿貓阿狗,5,DOS,DOS,DOS,,cdg-1355,cdg-1355,,,
cmtzt595100e70agmfsc863ml,降鬼一族,1,,PSP,,PSP,VOL.333 VOL.336 VOL.339 VOL.343 VOL.348,索引:降鬼一族,,,
cmss8frzs003d04jsadeiezxo,降龍戰記,4,WIN,WIN,WIN,,cdg-4817,cdg-4817,,,
cmtpnv0uc065704l6tp3fajmm,陸小鳳金鵬皇朝,1,,WIN,WIN,,cdg-5142,cdg-5142,,靠別名對上,
cmta91uj4005504l6xb1iluch,陸空戰將,6,,DOS,DOS,,cdg-1361,cdg-1361,,來源同時給了別筆(1),Strike Commander
cmsyrh7zq002x04lf1vwxsxz5,陸軍棋,2,DOS,DOS,DOS,,cdg-1363,cdg-1363,,,
cmt9rt6rc002q04jsvuf6g3dt,隋唐群雄傳,1,DOS,DOS,DOS,,cdg-1367,cdg-1367,,,
cmta8ukti000d04l6eur0553n,雀之塔,1,DOS,DOS,DOS,,cdg-4616,cdg-4616,,,
cmsvoibky000b04jp9fdya9rz,集中火力,1,DOS,DOS,DOS,,cdg-4718,cdg-4718,,,
cmsu91jft000j04l55ysvg512,雙截龍,4,DOS,DOS,DOS,,cdg-1967,cdg-1967,,,
cmsvuqwtg000p04lesa83s82n,雙截龍 II,1,,DOS,DOS,,cdg-1968,cdg-1968,,靠別名對上、來源同時給了別筆(1),雙截龍II
cmsx2unnl002604ldqe5irny6,雙截龍II,2,,DOS,DOS,,cdg-1968,cdg-1968,,靠別名對上、來源同時給了別筆(1),雙截龍 II
cmswuudwd001904l4ruu5jun6,雪國狄斯奈,3,,DOS,DOS,,cdg-4734,cdg-4734,,來源同時給了別筆(1),SKI OR DIE
cmtb7seqt001404laqw7bzqc3,雪山競技,1,DOS,DOS,DOS,,cdg-4445,cdg-4445,,,
cmtpkxdkx062m04jvnd3so6p9,雪貓,1,DOS,DOS,DOS,,cdg-2656,cdg-2656,,,
cmsx2w98y005104ld70zxtx01,雲國小精靈,2,,DOS,DOS,,cdg-2657,cdg-2657,,來源同時給了別筆(1),Cloud Kingdoms
cmtpkg3b302ee04jvvtt4kka1,雲斯頓賽車,1,,DOS,DOS,,cdg-5250,cdg-5250,,靠別名對上,
cmtd0z9sg001404l6ltdywhbd,雷射坦克,1,DOS,DOS,DOS,,cdg-2669,cdg-2669,,,
cmtztlryb007x04l50vzbujc5,雷射超人 瘋狂兔子 時光旅行,1,,3DS,,3DS,VOL.332,索引:雷射超人瘋狂兔子時光旅行,,,
cmtplgzv50b8204jvvoce124h,雷峰塔,3,WIN,WIN,WIN,,cdg-2675,cdg-2675,,,
cmtpkv05m05fa04jv8vgj5298,雷神之鎚,3,,DOS,DOS,,cdg-2676,cdg-2676,,來源同時給了別筆(1),QUAKE
cmtpki0iv02y804jvmompa2wd,雷電,1,,DOS,DOS,,cdg-2681,cdg-2681,,來源同時給了別筆(1),Raiden
cmtpkfbv1026n04jv08xe5prc,雷電威龍,2,DOS,DOS,DOS,,cdg-2685,cdg-2685,,,
cmtzt65ac00ft0agm2ugx6bvg,雷頓教授VS逆轉裁判,1,,3DS,,3DS,VOL.412 VOL.414,索引:雷頓教授vs逆轉裁判,,,
cmtzt4xd500860agmyzvgizwp,雷頓教授與奇蹟面具,1,,3DS,,3DS,VOL.327 VOL.328 VOL.329 VOL.331,索引:雷頓教授與奇蹟面具,,,
cmtdmiild000p04l4dusw87ej,雷鷹神兵,1,DOS,DOS,DOS,,cdg-5334,cdg-5334,,,
cmtpnr4af059p04l6fr0yiack,電影大亨,1,WIN,WIN,WIN,,cdg-2693,cdg-2693,,,
cmsvuqwvx001804lezlk58wrx,電腦病毒防衛戰,2,DOS,DOS,DOS,,cdg-2697,cdg-2697,,,
cmtbf1v1z000o04l5veh7dlvd,電腦魔域,1,DOS,DOS,DOS,,cdg-2699,cdg-2699,,,
cmtplm0ue0cex04jvo37whl7i,電視夢工廠,1,,WIN,WIN,,cdg-2700,cdg-2700,,靠別名對上,
cmtzt5q6v007m0agmmkgcjur4,電鋸甜心,3,,PS3、X360,,PS3、X360,VOL.348 VOL.378 VOL.385,索引:電鋸甜心,,,
cmtplwptq0esk04jvlwpxl7ll,露卡的魔獸教室,1,,WIN,WIN,,cdg-0591,cdg-0591,,靠別名對上,
cmtplvoh30ek104jv45aucgrb,霸刀,1,WIN,WIN,WIN,,cdg-2701,cdg-2701,,,
cmtpl3lyo07po04jvkk6rccat,霸王迷魂車,2,DOS,DOS,DOS,,cdg-2705,cdg-2705,,,
cmtpludmq0eb504jv4b51ca4n,霹靂奇俠傳,2,WIN,WIN,WIN,,cdg-2708,cdg-2708,,,
cmtplw70e0epf04jveq4h263w,霹靂嬌娃,1,DOS,DOS,DOS,,cdg-2709,cdg-2709,,,
cmtpl3ly307pi04jv4q6v6ks1,霹靂幽靈箭,6,DOS,DOS,DOS,,cdg-2711,cdg-2711,,,
cmsybekoy000p04jvudss6szj,霹靂男兒,1,DOS,DOS,DOS,,cdg-4747,cdg-4747,,,
cmsreh01l001v04ieiz5lkizo,霹靂英雄榜,6,WIN,WIN,WIN,,cdg-2713,cdg-2713,,,
cmsvna22v008y04l8j9l9kkqg,霹靂飛狼,1,DOS,DOS,DOS,,cdg-2717,cdg-2717,,,
cmtplq3fj0dao04jvvuc5gdvm,霹靂麻將,1,WIN,WIN,WIN,,cdg-2719,cdg-2719,,,
cmtplvodn0eiz04jvchnime2f,霹靂麻將2,1,WIN,WIN,WIN,,cdg-2720,cdg-2720,,,
cmtpl8ovw091604jvqm22td1n,靈劍傳奇,3,DOS、WIN,DOS、WIN,DOS、WIN,,cdg-2721,cdg-2721,,,
cmtzt62ok00ei0agmdmopid1s,靈魂祭品,1,,PSV,,PSV,VOL.398 VOL.421,索引:靈魂祭品,,,
cmtpnyiux06w804l6996ox5fe,青少棒揚威記2,1,WIN,WIN,WIN,,cdg-1369,cdg-1369,,,
cmtpl4d4a07x504jvg4ltw086,青澀的果實,1,,DOS,DOS,,cdg-3888 cdg-4772,cdg-3888 cdg-4772,,靠別名對上、對到多個來源條目,
cmsvpx5if003c04ld2k6i72vz,青色枷的詛咒,3,,DOS,DOS,,cdg-1373,cdg-1373,,靠別名對上,
cmsreh044002f04ie334rvjgv,非常天才,2,WIN,WIN,WIN,,cdg-5217,cdg-5217,,,
cmss8fs2o004u04jshwayxpa2,非常總統大富翁,1,WIN,WIN,WIN,,cdg-1378,cdg-1378,,,
cmtpkk6ae035504jvn1zgvrzp,非洲探險,1,DOS,DOS,DOS,,cdg-1379,cdg-1379,,,
cmtpkytqv06fh04jvsa9x302v,非洲探險2,1,DOS,DOS,DOS,,cdg-1380,cdg-1380,,,
cmtztlnif005604l5hfc5el57,音速小子 繽紛色彩,1,,NDS、WII,,NDS、WII,VOL.316,索引:音速小子繽紛色彩,,,
cmtpkg3cb02el04jvv7p7s3jx,項劉記,2,DOS,DOS,DOS,,cdg-3915,cdg-3915,,,
cmsvoexkj005904l84ytk1k03,預言奇兵,7,DOS,DOS,DOS,,cdg-3986,cdg-3986,,,
cmtplaayx09f104jvxq5qo2d8,頑劣家族之搶錢任務,1,WIN,WIN,WIN,,cdg-1501,cdg-1501,,,
cmtpl637h08c704jvyckvgjf9,領國大戰略,2,WIN,WIN,WIN,,cdg-1505,cdg-1505,,,
cmtxe43f300460agm0swo083b,頭文字D EXTREME STAGE,1,,PS3,,PS3,VOL.184,索引:頭文字dextremestage,,,
cmtpk6hyd01bb04jvlcie2o22,風塵三俠之金箭使者,1,DOS,DOS,DOS,,cdg-1508,cdg-1508,,,
cmtpktg7x053p04jvsqm79w5u,風月寶鑒,1,DOS,DOS,DOS,,cdg-1511,cdg-1511,,,
cmsylqoc5001x04ji56drj75m,風神傳承,3,DOS,DOS,DOS,,cdg-3853,cdg-3853,,,
cmtpnyyaj070h04l6tbebqiji,風色幻想4 ～聖戰的終焉～,3,WIN,WIN,WIN,,cdg-1528,cdg-1528,,,
cmtpo2lp507o404l694qsibtr,風色幻想5～赤月戰爭～,2,WIN,WIN,WIN,,cdg-1529,cdg-1529,,,
cmtplnxks0cvg04jvs61oewma,風色幻想SP,1,,WIN,WIN,,cdg-1531,cdg-1531,,靠別名對上、來源同時給了別筆(1),風色幻想SP～封神之刻
cmtplmm3t0cj504jvih6ib5cm,風色幻想SP～封神之刻,3,,WIN,WIN,,cdg-1531,cdg-1531,,來源同時給了別筆(1),風色幻想SP
cmsvuqwsu000k04lesc5qzp2e,風行者,1,DOS,DOS,DOS,,cdg-3852,cdg-3852,,,
cmtplfzow0axq04jv1fy27tlu,風雲之天下會,2,,WIN,WIN,,cdg-1534,cdg-1534,,靠別名對上,
cmtpkgvfj02ji04jvi57rohbp,風雲天下 三國篇,1,DOS,DOS,DOS,,cdg-3855,cdg-3855,,,
cmta06a0t000z04jrjwsjizfc,風雲霸主,6,,DOS,DOS,,cdg-4272,cdg-4272,,來源同時給了別筆(1),POWERMONGER
cmswq0tc6007104l6498hicpr,風馳電掣,6,DOS,DOS,DOS,,cdg-4007,cdg-4007,,,
cmtpkdgnp01s504jvofrovbx6,飆車小子,3,DOS,DOS,DOS,,cdg-1537,cdg-1537,,,
cmsvn61of000b04l8i1j9v09f,飛向北越,1,DOS,DOS,DOS,,cdg-1538,cdg-1538,,,
cmtpkqef404a104jvinccfp5k,飛狼大戰卡曼契,2,DOS,DOS,DOS,,cdg-5361,cdg-5361,,,
cmt8znytt001g04jy3vvbnfzy,飛狼突擊隊,4,DOS,DOS,DOS,,cdg-1542,cdg-1542,,,
cmtpko6bt03pa04jv10z4dngf,飛虎戰將,1,DOS,DOS,DOS,,cdg-5272,cdg-5272,,,
cmtzt55h800cc0agmhwmdgqsh,飛行俱樂部 度假勝地,1,,3DS,,3DS,VOL.331 VOL.335,索引:飛行俱樂部度假勝地,,,
cmsyqgoti00bp04jnlvg7m0j3,飛越杜鵑窩,3,DOS,DOS,DOS,,cdg-3966,cdg-3966,,,
cmtpkhkp502r404jvnqt6yki2,飛鷹騎士,1,DOS,DOS,DOS,,cdg-1544,cdg-1544,,,
cmsumll2f006804jokkqe0o1x,飛龍,1,,DOS,DOS,,cdg-4468,cdg-4468,,靠別名對上、來源同時給了別筆(1),STRIDER / 出擊飛龍
cmsreh01x002004ieump6llu1,飛龍女戰士,3,WIN,WIN,WIN,,cdg-1545,cdg-1545,,,
cmsx2w9c2005s04ld3ba4wjca,飛龍騎士,5,,DOS,DOS,,cdg-1547,cdg-1547,,來源同時給了別筆(1),Dragon Strike
cmtzt51uf00ai0agmhy2b9s80,食人巨鷹TRICO,1,,PS3,,PS3,VOL.329,索引:食人巨鷹trico,,,
cmt9rt6fk000p04jszebwxh40,香港麻將,1,,DOS,DOS,,cdg-4610,cdg-4610,,來源同時給了別筆(1),Hong Kong Mahjong Pro
cmtpkqehb04au04jvusq9wop0,馬場大亨,2,DOS,DOS,DOS,,cdg-3620,cdg-3620,,,
cmtztlqnx006y04l54r60vpn4,驚奇柏青哥 小拳王 KYORAKU精選集Vol.1,1,,PS3,,PS3,VOL.329,索引:驚奇柏青哥小拳王kyoraku精選集vol1,,,
cmtpksrpm04zm04jvb0n1g6jm,驚爆實感賽車,1,DOS,DOS,DOS,,cdg-3631,cdg-3631,,,
cmtpkgva602iq04jvydq0g98x,驚魂塔,1,DOS,DOS,DOS,,cdg-3635,cdg-3635,,,
cmtpkpmjs045r04jvyckkkfq5,高報酬戰將,1,DOS,DOS,DOS,,cdg-3636,cdg-3636,,,
cmtpkfbr1025u04jvuiouctj9,高校魔影,2,DOS,DOS,DOS,,cdg-3637,cdg-3637,,,
cmtztlo24005n04l5n9vbo83f,高橋書店監修 SPI完美題庫DS 2012年度版,1,,NDS,,NDS,VOL.317,索引:高橋書店監修spi完美題庫ds2012年度版,,,
cmtpkb3u301et04jvtt6jd95l,高速小霸王,1,DOS,DOS,DOS,,cdg-3642,cdg-3642,,,
cmsvna217008h04l8z7mabp5u,高速賽車,3,DOS,DOS,DOS,,cdg-3643,cdg-3643,,,
cmtplv1190ec804jvi6qlevr2,鬥神物語,1,WIN,WIN,WIN,,cdg-3645,cdg-3645,,,
cmta82gdx005q04kztasgjyu3,鬼屋魔影,5,,DOS,DOS,,cdg-3650,cdg-3650,,來源同時給了別筆(1),Alone in the Dark
cmtpkd3tk01o304jv8af90tqe,鬼屋魔影2,2,,DOS,DOS,,cdg-3651,cdg-3651,,靠別名對上,
cmtpks00c04pj04jvod3temyk,鬼馬小英雄,3,DOS,DOS,DOS,,cdg-3660,cdg-3660,,,
cmtplfzwj0az204jvegdr19m8,魔喚精靈,1,,WIN,WIN,,cdg-3663,cdg-3663,,來源同時給了別筆(1),VANTAGE MASTER
cmtplfdzw0ar304jvyir56s1z,魔域傳說,1,,DOS,DOS,,cdg-3758,cdg-3758,,靠別名對上、來源同時給了別筆(1),SORCERIAN / 魔界歷險
cmtpkhkq302rd04jvickye1es,魔域傳說IV - 波斯戰記,1,,DOS,DOS,,cdg-3670,cdg-3670,,靠別名對上,
cmtpl639808cq04jv08q6hbl8,魔域幻境,5,,WIN,WIN,,cdg-3673,cdg-3673,,來源同時給了別筆(1),Unreal
cmtztm0mx002p0agmkzi8qzob,魔域幽靈 復生,1,,PS3、X360,,PS3、X360,VOL.421,索引:魔域幽靈復生,,,
cmsysz3bh007a04joldrpgd5h,魔域聖戰,1,,DOS,DOS,,cdg-3399,cdg-3399,,靠別名對上,
cmsxqa2zm000904l4wbqmtsb9,魔境傳說,2,DOS,DOS,DOS,,cdg-3879,cdg-3879,,,
cmtpknfdl03gm04jvuisea3el,魔境大冒險,1,DOS,DOS,DOS,,cdg-3681,cdg-3681,,,
cmtpll9d50c8c04jv35n40bdm,魔女夢工廠,1,WIN,WIN,WIN,,cdg-3682,cdg-3682,,,
cmsvna22a008s04l8pl6k7k5s,魔宮傳奇,2,,APPLE2、DOS,APPLE2、DOS,,cdg-5404 cdg-3683,cdg-5404 cdg-3683,,靠別名對上、對到多個來源條目,
cmtplq3g60dav04jvrwdfki6d,魔導異元素,1,,WIN,WIN,,cdg-5387,cdg-5387,,靠別名對上、來源同時給了別筆(1),Sequence Palladium
cmtplfzgw0aw104jv3xb0tyu2,魔導聖戰～風色幻想,1,,WIN,WIN,,cdg-1525,cdg-1525,,靠別名對上,
cmtpkvt5z05o004jveol55o7y,魔島大富翁,4,DOS,DOS,DOS,,cdg-3687,cdg-3687,,,
cmtple54t0aaa04jvcf74rte4,魔幻天下,4,WIN,WIN,WIN,,cdg-3689,cdg-3689,,,
cmsyq9fmw004204jnhzksxqaf,魔幻遊樂場,1,DOS,DOS,DOS,,cdg-4757,cdg-4757,,,
cmtpk6hwa01av04jvnp1ngz5s,魔影哈雷,2,DOS,DOS,DOS,,cdg-3692,cdg-3692,,,
cmsylqo5c000p04jizdrxro9t,魔戒少年,10,DOS,DOS,DOS,,cdg-3701,cdg-3701,,,
cmtzt5kls004v0agm6v11194k,魔槍戰記 -魔槍軍神與英雄戰爭-,2,,PSP,,PSP,VOL.332 VOL.336 VOL.338 VOL.339,索引:魔槍戰記魔槍軍神與英雄戰爭,,,
cmtpker7c022104jvc9gxwc2e,魔武王,4,DOS,DOS,DOS,,cdg-3704,cdg-3704,,,
cmt9rt6bv000b04js4yp098dw,魔水晶,4,,DOS,DOS,,cdg-3705 cdg-5359,cdg-3705 cdg-5359,,靠別名對上、對到多個來源條目、來源同時給了別筆(1),魔水晶物語
cmtpkr5z804ii04jv1cwfe3bn,魔水晶物語,1,,DOS,DOS,,cdg-5359,cdg-5359,,來源同時給了別筆(1),魔水晶
cmtpkb3qn01dt04jv9zzr6emp,魔法世紀,1,DOS,DOS,DOS,,cdg-3706,cdg-3706,,,
cmtpkgvdj02j104jvlg1aen70,魔法世紀2,3,DOS,DOS,DOS,,cdg-3707,cdg-3707,,,
cmtpo2m0007s204l66g4bhbn5,魔法使與主人,1,WIN,WIN,WIN,,cdg-3709,cdg-3709,,,
cmtpkk62d032n04jv9dqowiy3,魔法公主大冒險,2,DOS,DOS,DOS,,cdg-3711,cdg-3711,,,
cmtpkgv7402i004jvjdt1g1py,魔法大帝,4,,DOS,DOS,,cdg-4276,cdg-4276,,靠別名對上,
cmtzt5ygz00c50agmxsyyym8f,魔法奇境大冒險,1,,PS3,,PS3,VOL.380,索引:魔法奇境大冒險,,,
cmtztlyvw001x0agmc92qhkb9,魔法小惡魔,1,,3DS,,3DS,VOL.398,索引:魔法小惡魔,,,
cmss8frva001e04jszufuw2u5,魔法少年,1,WIN,WIN,WIN,,cdg-3715,cdg-3715,,,
cmtpkgvdx02j404jvyhn6pzbg,魔法師寶典,2,DOS,DOS,DOS,,cdg-3716,cdg-3716,,,
cmtpl4d3z07x204jvfk7wm1e5,魔法氣泡,5,,WIN、NDS、PSP、3DS、WII,WIN,NDS、PSP、3DS、WII,cdg-3720 VOL.336 VOL.339 VOL.343 VOL.346 VOL.367,cdg-3720 索引:魔法氣泡,,靠別名對上、兩邊都給,
cmtpku7bp05ck04jvlhjjlla4,魔法王國,1,DOS,DOS,DOS,,cdg-5299,cdg-5299,,,
cmtpkdgqu01t704jvckcnyji9,魔法皇冠,1,DOS,DOS,DOS,,cdg-4113,cdg-4113,,,
cmtpjz2on002y04jv94bxt080,魔法船,2,DOS,DOS,DOS,,cdg-4628,cdg-4628,,,
cmtpl55af086a04jvg00wno35,魔法軍團,4,,DOS、WIN,DOS、WIN,,cdg-3722,cdg-3722,,來源同時給了別筆(1),Warlocks
cmsvpbm9u001s04jvn8plx0h3,魔法門,3,,APPLE2、DOS,APPLE2、DOS,,cdg-3725,cdg-3725,,靠別名對上,
cmsvoexk2005504l85lg1wnsi,魔法門 II,6,,DOS,DOS,,cdg-3726,cdg-3726,,靠別名對上,
cmtplmm2e0cit04jvdd88d1e5,魔法門之英雄無敵3,1,WIN,WIN,WIN,,cdg-3739,cdg-3739,,,
cmtzt5rio008a0agm11a8sds2,魔物獵人3G,8,,3DS,,3DS,VOL.360 VOL.362 VOL.364 VOL.365 VOL.366 VOL.367 VOL.368 VOL.369 VOL.370 VOL.378 VOL.379,索引:魔物獵人3g,,,
cmtzt62z000em0agm72x9qhcv,魔物獵人4,2,,3DS,,3DS,VOL.407 VOL.414 VOL.416,索引:魔物獵人4,,,
cmtz6tw6e001a0agme7biprwy,魔物獵人PORTABLE 2nd,1,,PSP,,PSP,VOL.185,索引:魔物獵人portable2nd,,,
cmtxe41ux000n0agmt57j6v7h,魔物獵人PORTABLE 2nd G,3,,PSP,,PSP,VOL.181 VOL.185 VOL.193,索引:魔物獵人portable2ndg,,,
cmtzt4ll400200agmip8j41pu,魔物獵人PORTABLE 3rd,10,,PSP,,PSP,VOL.316 VOL.317 VOL.324 VOL.326 VOL.327 VOL.328 VOL.330 VOL.331 VOL.333 VOL.336 VOL.337 VOL.338 VOL.339 VOL.340,索引:魔物獵人portable3rd,,,
cmtzt5r8f00860agmc0s410ks,魔物獵人日記 溫馨艾路村G,2,,PSP,,PSP,VOL.334 VOL.338 VOL.343 VOL.346 VOL.348,索引:魔物獵人日記溫馨艾路村g,,,
cmt1mvael006l04ju98qyauk5,魔獸紀元,2,DOS,DOS,DOS,,cdg-4589,cdg-4589,,,
cmsumllag008504jooitcn4cl,魔王迷宮,3,DOS,DOS,DOS,,cdg-4080,cdg-4080,,,
cmtpk4j7o00w704jv159rukah,魔界召喚,1,,DOS,DOS,,cdg-3757,cdg-3757,,來源同時給了別筆(1),The Summoning
cmtztlvln000n0agmg4himhrl,魔界戰記4 追加劇本「暴君瓦爾巴特傑篇」,1,,PS3,,PS3,VOL.346,索引:魔界戰記4追加劇本暴君瓦爾巴特傑篇,,,
cmtzt6coq00js0agms1873fwd,魔界戰記D2,1,,PS3,,PS3,VOL.421 VOL.423 VOL.425 VOL.429,索引:魔界戰記d2,,,
cmswuudul000x04l4549cl9ky,魔界歷險,6,,DOS,DOS,,cdg-3758,cdg-3758,,來源同時給了別筆(1),SORCERIAN / 魔域傳說
cmsvuqx32002a04lecui5dn81,魔界神兵 II,1,,DOS,DOS,,cdg-4005,cdg-4005,,靠別名對上、來源同時給了別筆(1),魔界神兵2
cmu84x7ek00np04ih42umxfkg,魔界神兵2,1,,DOS,DOS,,cdg-4005,cdg-4005,,來源同時給了別筆(1),魔界神兵 II
cmtpkp9v203yy04jvfw4ffe8x,魔界聖女傳,2,DOS,DOS,DOS,,cdg-3760,cdg-3760,,,
cmtpkcbc601hr04jvo6lb9l4v,魔眼封印,2,DOS,DOS,DOS,,cdg-4125,cdg-4125,,,
cmsyq9fkm003g04jnn9z39x0z,魔眼小精靈,2,DOS,DOS,DOS,,cdg-3762,cdg-3762,,,
cmsyqgomy00ac04jnh4utvi37,魔眼殺機,10,,DOS,DOS,,cdg-3763,cdg-3763,,靠別名對上、來源同時給了別筆(1),Eye of the Beholder
cmtpks04504qu04jvqoinoqwd,魔石堡,4,,DOS,DOS,,cdg-3768,cdg-3768,,來源同時給了別筆(1),StoneKeep
cmtpl4d7q07ya04jvp5i0g8rb,魔石神劍錄,3,WIN,WIN,WIN,,cdg-4286,cdg-4286,,,
cmsvv0lrh001p04jr20um6xer,魔神之吼,1,,DOS,DOS,,cdg-0606,cdg-0606,,靠別名對上,
cmtpk1sba00jp04jvacajqpqj,魔神戰記,1,DOS,DOS,DOS,,cdg-3769,cdg-3769,,,
cmtpky3ia069s04jvzd5m513a,魔神戰記2,1,DOS,DOS,DOS,,cdg-3770,cdg-3770,,,
cmtpl1ixf073e04jvb5isbitp,魔神爭霸,2,WIN,WIN,WIN,,cdg-3771,cdg-3771,,,
cmtplokgb0d0004jvtuopx8ph,魔神英雄,1,WIN,WIN,WIN,,cdg-4874,cdg-4874,,,
cmta8mf3i002d04jrgmwkxxz0,魔神鍋,1,DOS,DOS,DOS,,cdg-5238,cdg-5238,,,
cmtpl632z08ar04jvmrrj755f,魔空霸傳,3,DOS,DOS,DOS,,cdg-3772,cdg-3772,,,
cmta1agav005g04jw4l9n8rba,魔胎,4,,DOS,DOS,,cdg-3773,cdg-3773,,來源同時給了別筆(1),The Dark Half
cmsyevzy4000904l1en6ykaze,魔術彩球,2,DOS,DOS,DOS,,cdg-4575,cdg-4575,,,
cmtpk4xbh00zo04jva6xkzex0,魔道子,1,DOS,DOS,DOS,,cdg-3776,cdg-3776,,,
cmsvn61ml000204l882dszok0,魔鬼戰警,2,DOS,DOS,DOS,,cdg-3784,cdg-3784,,,
cmtpkpa2q041b04jv71ghgtjc,魔鬼推銷員,2,,DOS,DOS,,cdg-3785,cdg-3785,,來源同時給了別筆(1),推銷之王
cmta8xl08003c04l69d2v5553,魔鬼終結者,1,DOS,DOS,DOS,,cdg-4933,cdg-4933,,,
cmsybi8fb001c04l2bd6sofne,魔點,2,DOS,DOS,DOS,,cdg-3787,cdg-3787,,,
cmtpki0cr02wl04jv0c4b69s2,魔龍紀事,1,DOS,DOS,DOS,,cdg-3788,cdg-3788,,,
cmtpn4ga900rq04l6uih0b6g7,魚美人,4,,WIN,WIN,,cdg-0457,cdg-0457,,靠別名對上,
cmtpletbv0amh04jvpjivjh2c,鴉片戰爭,1,,WIN,WIN,,cdg-1977,cdg-1977,,靠別名對上,
cmtpk4x3q00ya04jv3v6ihgsb,鹿鼎記,10,DOS,DOS,DOS,,cdg-1981,cdg-1981,,,
cmtpl4d2l07wk04jv39c342fo,鹿鼎記 2,2,WIN,WIN,WIN,,cdg-1983,cdg-1983,,,
cmtpkfbpw025m04jv6giew03n,鹿鼎記之皇城爭霸,3,DOS,DOS,DOS,,cdg-1982,cdg-1982,,,
cmtpkcbcu01hx04jv6q3ta6cx,麒麟傳說,1,,DOS,DOS,,cdg-3464,cdg-3464,,靠別名對上,
cmtpksrko04y204jvvtyey3xl,麗獸,1,DOS,DOS,DOS,,cdg-3581,cdg-3581,,,
cmtplgrms0b1004jvjmrgijjf,麻將夢幻國,1,WIN,WIN,WIN,,cdg-1989,cdg-1989,,,
cmtpnebzf02s304l6n9ibylp3,麻將夢幻國2,1,WIN,WIN,WIN,,cdg-1990,cdg-1990,,,
cmtpktg6t053c04jvx8zgqrm1,麻將大師,2,DOS,DOS,DOS,,cdg-1991,cdg-1991,,,
cmtpkcbdm01i404jvsp79y3mh,麻將情趣屋,1,DOS,DOS,DOS,,cdg-1997,cdg-1997,,,
cmtpn565i00vk04l6bkh3jxpk,麻將教師,1,,WIN,WIN,,cdg-3489,cdg-3489,,靠別名對上,
cmtplq3fo0dap04jv53s188ie,麻將旗艦,1,WIN,WIN,WIN,,cdg-2002,cdg-2002,,,
cmtpl1j9b076504jv5fi07ktn,麻將爭霸,1,,DOS,DOS,,cdg-2003,cdg-2003,,靠別名對上,
cmtpjz2g0000v04jv8k40ao78,麻雀俄羅斯,2,DOS,DOS,DOS,,cdg-2010,cdg-2010,,,
cmsybi8ev001804l266bk98i2,麻雀學園,4,DOS,DOS,DOS,,cdg-2012,cdg-2012,,,
cmtplxmol0f0f04jvq1o15p31,麻雀幻想曲 2,1,DOS,DOS,DOS,,cdg-2013,cdg-2013,,,
cmtzt4omq003q0agmly3ahu8i,黃金太陽 漆黑黎明,1,,NDS,,NDS,VOL.317,索引:黃金太陽漆黑黎明,,,
cmtpku77705bk04jvurs2f8ub,黎明之砧,5,,DOS,DOS,,cdg-2262,cdg-2262,,來源同時給了別筆(1),Anvil of Dawn
cmtpn11ge003w04l6k65irhcn,黎明聖記,2,WIN,WIN,WIN,,cdg-2263,cdg-2263,,,
cmtzt5e74001s0agmbr082fz7,黏土人 新世代,1,,PSP,,PSP,VOL.336 VOL.368,索引:黏土人新世代,,,
cmtpky3kj06ag04jvex1khbe4,黑之斷章,1,,DOS,DOS,,cdg-2264,cdg-2264,,靠別名對上,
cmtztlvwu000v0agme7wpmd1m,黑尾鷗鳴泣時 Portable 1,1,,PSP,,PSP,VOL.348,索引:黑尾鷗鳴泣時portable1,,,
cmtztlvx2000w0agmxt5p9rvr,黑尾鷗鳴泣時 Portable 2,1,,PSP,,PSP,VOL.348,索引:黑尾鷗鳴泣時portable2,,,
cmtzt4nh100300agm4fb8vvmx,黑岩射手（暫定）,1,,PSP,,PSP,VOL.317,索引:黑岩射手暫定,,,
cmt1mj8ky000r04jup8i0jifh,黑暗之池,7,DOS,DOS,DOS,,cdg-2268,cdg-2268,,,
cmtpksrer04wd04jvw6mkr5al,黑暗之蠱,1,DOS,DOS,DOS,,cdg-2269,cdg-2269,,,
cmtpki0pz030404jvslg6ezu2,黑暗原力 鈦戰機,1,,DOS,DOS,,cdg-2412,cdg-2412,,靠別名對上,
cmtpkpmkc045t04jvr0hokiy0,黑暗天使,2,DOS,DOS,DOS,,cdg-2271,cdg-2271,,,
cmtxe42l3001m04jl79xdhs3e,黑暗戰區,1,,PS3、X360,,PS3、X360,VOL.185 VOL.193,索引:黑暗戰區,,,
cmtpkecef01zr04jvdl5f4hzw,黑暗王座,3,DOS,DOS,DOS,,cdg-2274,cdg-2274,,,
cmtpl9h4o097i04jvm6tzgwuy,黑暗聖戰錄,1,DOS,DOS,DOS,,cdg-2277,cdg-2277,,,
cmsvoexjm005104l8t4t2jexp,黑暗金字塔,1,DOS,DOS,DOS,,cdg-3968,cdg-3968,,,
cmtzt51g600a90agmgorz7kwi,黑暗靈魂,2,,PS3、X360,,PS3、X360,VOL.326 VOL.329 VOL.338 VOL.346,索引:黑暗靈魂,,,
cmt03mngx001r04l5x1896mg9,黑武士,3,DOS,DOS,DOS,,cdg-2278,cdg-2278,,,
cmtzt53fd00b90agmuuwkhm41,黑色洛城,2,,PS3、X360,,PS3、X360,VOL.330 VOL.334 VOL.336 VOL.339 VOL.348,索引:黑色洛城,,,
cmsvo5yph002k04l8zrmpdx5k,黑街風雲,1,DOS,DOS,DOS,,cdg-3861,cdg-3861,,,
cmtzt5z0800ci0agm7v0vx7f5,黑豹2 人中之龍 阿修羅篇,5,,PSP,,PSP,VOL.363 VOL.367 VOL.369 VOL.378 VOL.379 VOL.380 VOL.381,索引:黑豹2人中之龍阿修羅篇,,,
cmtpl0fgp06um04jvpk8pgpac,黑道當家,2,DOS,DOS,DOS,,cdg-4082,cdg-4082,,,
cmss8frvw001o04jsadd6x7v4,黑金企業,2,WIN,WIN,WIN,,cdg-2281,cdg-2281,,,
cmtplv1gm0efi04jvanol8fq1,黑金企業 2,1,WIN,WIN,WIN,,cdg-2282,cdg-2282,,,
cmtpkv0cj05gt04jvduinv308,龍之傳奇,2,DOS,DOS,DOS,,cdg-3814,cdg-3814,,,
cmtpkg3f502fo04jvngepl1gl,龍之封印,2,DOS,DOS,DOS,,cdg-5269,cdg-5269,,,
cmsvn87dt004q04l89ktivgza,龍之忍者,5,,DOS、APPLE2,DOS、APPLE2,,cdg-4279 cdg-5082,cdg-4279 cdg-5082,,靠別名對上、對到多個來源條目,
cmsysz3a0006r04jowmq4x90i,龍之道,1,DOS,DOS,DOS,,cdg-4280,cdg-4280,,,
cmtzt5s7y008q0agmhd95ebdo,龍族教義,4,,PS3、X360,,PS3、X360,VOL.335 VOL.343 VOL.348 VOL.360 VOL.364 VOL.368 VOL.370 VOL.379 VOL.385,索引:龍族教義,,,
cmtzt6dhg00k30agmv0pid12y,龍族教義：無盡任務,1,,PSV,,PSV,VOL.438,索引:龍族教義無盡任務,,,
cmtzt6a9v00ik0agmks5yb6dc,龍族教義：黑暗覺者,2,,PS3、X360,,PS3、X360,VOL.421 VOL.423,索引:龍族教義黑暗覺者,,,
cmtpl3lzp07pz04jvaujcy8tv,龍機傳承,3,WIN,WIN,WIN,,cdg-3823,cdg-3823,,,
cmsreh000001604ietn6mjxyv,龍機傳承2,4,WIN,WIN,WIN,,cdg-3824,cdg-3824,,,
cmtpltyh30e6104jvzwjiyr51,龍機傳承3,1,WIN,WIN,WIN,,cdg-3825,cdg-3825,,,
cmtpl6vde08mx04jvv23yolrk,龍王三國演義,1,,WIN,WIN,,cdg-3826,cdg-3826,,靠別名對上,
cmtplnxhk0cuh04jvr0kjsyl5,龍神,2,WIN,WIN,WIN,,cdg-3827,cdg-3827,,,
cmtpnlw1g04ab04l6pzc65k3z,龍虎門,2,WIN,WIN,WIN,,cdg-3830,cdg-3830,,,
cmtpkfbvt026t04jvz6mlx5fd,龍騎士3,1,,DOS,DOS,,cdg-3831,cdg-3831,,來源同時給了別筆(1),シャイニングフォースIII
cmtpkv0ha05hv04jvz2kvkdi9,龍騎士4,1,DOS,DOS,DOS,,cdg-3832,cdg-3832,,,
cmtpkvt1605mk04jv2s9v05o1,龍騰三國,2,DOS,DOS,DOS,,cdg-3833,cdg-3833,,,
cmtzt6chw00jo0agmq46hfiv6,～聖魔導物語～,1,,PSV,,PSV,VOL.416 VOL.421 VOL.423 VOL.429,索引:聖魔導物語,,,
